ID,Age,Salary,JoinDate,Department,Score
1,56,45795,2016-06-24,Engineering,78
2,32,149879,2022-08-18,Finance,70
3,56,36265,2022-05-19,HR,68
4,40,67194,2016-07-16,HR,60
5,41,74131,2017-11-20,Finance,89
6,41,71090,2018-01-21,Support,71
7,19,89735,2017-08-02,Support,93
8,47,97969,2020-02-12,Marketing,70
9,50,83707,2015-09-18,Marketing,71
10,61,123016,2023-09-12,Finance,98
11,44,55658,2018-05-07,Engineering,91
12,45,32747,2020-05-27,Sales,65
13,32,95725,2015-12-05,Engineering,96
14,61,86886,2020-09-05,Support,52
15,54,33890,2021-08-30,Finance,56
16,38,110038,2021-06-15,Finance,67
17,21,38792,2016-12-24,Engineering,63
18,26,53897,2023-06-04,Finance,51
19,37,53483,2021-12-18,HR,56
20,61,47159,2015-03-16,Support,96
21,52,110077,2022-06-15,Finance,66
22,53,97121,2023-02-10,Marketing,89
23,21,49457,2016-06-04,Marketing,55
24,59,82995,2018-06-14,Marketing,78
25,35,102409,2016-04-09,Engineering,93
26,51,67065,2017-02-03,HR,85
27,31,62606,2018-01-20,Marketing,97
28,32,124663,2020-07-01,Engineering,63
29,40,121387,2019-10-27,Finance,89
30,38,53247,2022-12-03,Sales,94
31,35,112798,2017-03-26,Sales,73
32,43,93704,2015-05-21,Sales,94
33,58,68044,2021-07-10,Marketing,64
34,62,144752,2020-02-24,Marketing,74
35,24,32568,2019-01-17,Sales,73
36,18,97563,2020-01-26,Marketing,57
37,41,78190,2018-07-09,Finance,60
38,34,63159,2019-01-17,Sales,84
39,52,42666,2016-12-22,Support,54
40,59,56854,2022-01-07,HR,90
41,45,52662,2023-08-25,Sales,58
42,25,108603,2023-09-16,Support,83
43,50,119135,2016-02-21,Sales,72
44,41,126354,2018-12-07,Sales,93
45,57,40965,2017-03-06,HR,76
46,52,100592,2022-05-19,Marketing,84
47,54,38110,2021-09-23,Engineering,63
48,20,82992,2022-04-23,Support,54
49,43,128806,2018-04-04,Engineering,63
50,56,149176,2024-04-21,Sales,64
51,32,117897,2020-07-17,Marketing,91
52,30,144238,2016-08-06,Engineering,81
53,56,137059,2015-01-22,Support,81
54,21,48141,2023-12-26,Marketing,86
55,40,101910,2019-10-17,Finance,94
56,32,147930,2020-08-05,Marketing,78
57,53,85820,2019-08-27,Sales,81
58,24,105450,2021-04-03,Finance,71
59,45,73585,2015-01-17,Engineering,91
60,62,72557,2019-05-21,HR,55
61,45,125259,2024-09-12,Engineering,93
62,61,55939,2020-06-14,Marketing,79
63,28,48047,2024-11-07,Support,77
64,42,74262,2016-09-24,Sales,82
65,18,96842,2023-04-29,Marketing,62
66,58,39474,2016-08-08,Finance,88
67,23,51959,2018-05-12,Engineering,76
68,26,149101,2020-12-08,Sales,86
69,50,128098,2022-07-19,Support,91
70,61,96199,2024-09-05,Marketing,64
71,49,125839,2018-07-19,Finance,73
72,58,148451,2017-07-30,Finance,98
73,29,82733,2015-10-12,Engineering,88
74,19,119474,2023-09-25,HR,98
75,54,115616,2019-07-08,Engineering,66
76,19,133041,2016-06-08,Marketing,77
77,40,120084,2019-06-18,Engineering,81
78,50,85680,2016-09-02,Sales,68
79,19,117092,2019-03-13,Sales,93
80,43,134095,2022-10-16,Sales,55
81,49,93734,2024-11-21,Support,53
82,28,139751,2019-06-07,Support,66
83,55,97863,2017-08-15,Finance,54
84,51,95733,2024-04-05,Marketing,71
85,28,140078,2024-08-07,Marketing,97
86,33,55184,2021-01-02,Support,58
87,23,81663,2016-04-30,HR,78
88,20,79811,2020-06-06,Marketing,85
89,36,64754,2018-06-16,Finance,68
90,37,32911,2018-02-06,HR,56
91,58,114896,2024-01-27,Sales,89
92,56,130689,2019-07-25,Engineering,89
93,18,31802,2017-07-15,HR,77
94,42,142561,2019-09-24,Sales,72
95,48,115981,2023-07-24,HR,91
96,52,46646,2021-05-12,Sales,65
97,43,120735,2022-06-16,Engineering,98
98,19,61616,2022-06-03,Marketing,97
99,29,50932,2019-10-02,Marketing,86
100,49,91434,2018-11-16,Marketing,58
101,58,147858,2015-01-18,Sales,68
102,33,96690,2024-05-03,Support,69
103,41,89040,2019-06-07,Sales,73
104,28,146336,2015-05-05,Engineering,57
105,53,137941,2016-07-22,Support,89
106,37,78354,2016-10-29,Sales,97
107,42,112018,2016-12-21,Marketing,74
108,46,98497,2017-11-23,HR,95
109,35,107505,2020-08-21,Marketing,84
110,33,80108,2022-08-29,Sales,90
111,53,120272,2020-03-31,Finance,53
112,50,149181,2024-03-08,Support,70
113,37,88871,2022-09-13,HR,57
114,24,129522,2020-01-19,Sales,66
115,50,100091,2022-02-22,Engineering,71
116,39,36893,2015-11-20,Finance,79
117,55,77333,2016-06-14,Engineering,94
118,25,49738,2023-11-08,Sales,76
119,51,78404,2022-11-17,Sales,79
120,50,69790,2019-02-17,Sales,82
121,22,123179,2021-09-18,Marketing,97
122,36,86835,2015-12-05,Marketing,84
123,34,86491,2018-02-03,Support,77
124,47,73484,2015-10-30,Support,95
125,23,77202,2020-03-16,Sales,90
126,54,48711,2023-12-28,Marketing,78
127,63,75236,2022-06-20,HR,80
128,52,96235,2016-07-31,Sales,82
129,38,131279,2017-12-22,Finance,72
130,50,148015,2021-07-15,Support,52
131,35,64584,2016-12-20,HR,91
132,48,53093,2021-02-07,HR,52
133,57,81885,2018-12-24,Support,73
134,49,34014,2024-07-08,Engineering,71
135,40,65777,2021-08-30,Support,76
136,59,129713,2020-07-29,HR,75
137,34,57751,2021-09-02,Engineering,82
138,26,108069,2021-08-31,Sales,97
139,56,84748,2023-03-13,Engineering,91
140,43,134290,2015-04-18,Support,99
141,42,40647,2017-05-22,Engineering,62
142,24,119912,2019-05-15,Support,85
143,62,32368,2024-05-28,Support,57
144,63,100031,2023-04-20,Sales,63
145,29,117922,2020-07-18,Finance,72
146,32,43403,2023-01-15,Finance,83
147,19,40966,2016-06-01,Sales,71
148,42,82921,2020-07-02,Marketing,71
149,39,61024,2015-12-25,Support,91
150,23,83006,2021-03-28,HR,92
151,54,143632,2023-08-27,Sales,57
152,61,78747,2016-12-01,Marketing,54
153,56,117235,2019-02-02,HR,55
154,62,88335,2017-11-05,Finance,79
155,64,110738,2020-11-17,Marketing,89
156,33,124476,2016-09-07,Marketing,99
157,59,113613,2019-10-02,Sales,68
158,34,103847,2018-01-15,Finance,68
159,45,133481,2021-04-15,Marketing,75
160,54,62217,2021-03-01,Marketing,72
161,26,130235,2024-11-16,Finance,50
162,18,76175,2015-02-02,Sales,97
163,42,75543,2019-10-19,Support,94
164,18,33343,2023-02-04,Sales,88
165,22,143429,2015-02-23,HR,78
166,20,115067,2017-06-24,Sales,75
167,33,99042,2021-10-24,Support,86
168,39,114664,2018-11-22,Finance,78
169,31,39435,2021-05-31,Support,54
170,64,108832,2017-04-12,Finance,79
171,63,108781,2020-04-12,Support,54
172,29,73919,2024-11-10,Sales,75
173,43,65247,2019-05-10,Support,70
174,56,121747,2019-09-11,Support,82
175,47,132756,2024-08-17,Marketing,72
176,27,109605,2021-02-22,Support,54
177,53,98385,2016-09-20,Sales,80
178,27,53289,2022-11-23,HR,68
179,49,90160,2015-12-02,Sales,54
180,62,34611,2023-11-16,Engineering,65
181,41,87679,2018-06-09,Marketing,51
182,45,121007,2023-01-23,Engineering,81
183,44,96387,2016-03-29,HR,73
184,29,102369,2019-07-12,HR,84
185,50,34000,2023-11-02,Engineering,92
186,54,133691,2018-01-03,Engineering,52
187,18,68304,2017-09-24,Marketing,89
188,27,112986,2015-12-02,Finance,93
189,46,138940,2024-11-14,Support,61
190,48,33373,2018-06-07,Sales,51
191,52,57350,2019-11-01,Finance,66
192,43,55351,2017-09-23,Sales,78
193,43,45305,2022-05-13,Finance,75
194,51,87458,2020-06-27,Engineering,90
195,24,33267,2023-08-28,Support,99
196,62,41338,2016-07-05,Sales,78
197,53,63496,2023-12-14,Marketing,70
198,53,74425,2015-04-15,Support,86
199,26,65735,2021-03-28,Support,84
200,52,115999,2019-11-22,Engineering,85
201,35,100640,2024-02-24,Support,88
202,49,89031,2019-06-23,HR,72
203,49,91476,2016-07-29,Marketing,61
204,30,73286,2024-02-13,Engineering,74
205,52,51352,2019-11-18,Marketing,79
206,34,140448,2019-11-10,HR,69
207,42,80517,2021-03-04,Finance,62
208,36,77280,2023-08-03,HR,85
209,29,93932,2024-09-07,Sales,90
210,36,66939,2017-12-22,Marketing,58
211,24,89163,2015-07-28,Engineering,63
212,48,94895,2016-11-22,Support,68
213,64,38335,2020-12-29,Support,54
214,52,132795,2019-07-11,Finance,74
215,38,135955,2017-09-24,Finance,72
216,33,57192,2021-12-23,HR,88
217,62,119780,2021-09-22,HR,91
218,56,118461,2015-09-22,HR,80
219,22,53714,2018-11-15,HR,72
220,46,132634,2017-09-15,Sales,60
221,35,133150,2016-04-11,Finance,61
222,26,53625,2022-11-19,Marketing,93
223,34,107052,2021-07-10,Finance,87
224,24,51677,2023-09-19,Marketing,62
225,57,69081,2018-07-05,Engineering,58
226,44,49065,2018-12-29,Marketing,51
227,22,118092,2023-01-06,Sales,86
228,55,56962,2018-08-05,Finance,57
229,62,56432,2018-12-22,Finance,71
230,34,87854,2024-04-27,Marketing,56
231,42,31324,2021-11-30,Sales,53
232,53,65909,2017-07-31,Marketing,80
233,36,102124,2017-10-08,Sales,93
234,56,148874,2018-02-05,Support,59
235,43,123714,2024-07-01,Sales,88
236,20,116188,2015-05-24,Marketing,62
237,45,33709,2023-05-13,HR,69
238,45,87799,2017-11-05,Marketing,90
239,56,82224,2020-05-26,Marketing,52
240,30,110219,2020-11-15,Finance,98
241,42,63591,2017-01-05,Support,82
242,55,141732,2023-06-15,Engineering,55
243,61,141276,2023-12-29,Support,81
244,62,64620,2023-11-08,Sales,96
245,38,50559,2018-10-25,Marketing,70
246,28,106539,2018-12-27,Support,86
247,53,121362,2020-02-25,HR,68
248,37,140008,2016-02-06,Support,67
249,64,47640,2022-08-27,Marketing,98
250,31,82638,2023-06-20,Marketing,50
251,20,49087,2019-11-15,HR,72
252,28,108859,2017-04-10,Finance,59
253,49,41023,2018-12-18,HR,57
254,55,53959,2016-07-22,Engineering,77
255,25,39337,2024-02-17,Sales,77
256,53,91529,2018-01-23,Marketing,57
257,45,57355,2021-08-12,Support,86
258,58,34835,2019-08-28,Support,76
259,34,68088,2022-05-29,Marketing,82
260,37,65547,2017-01-06,Finance,97
261,46,57532,2020-05-22,Support,95
262,52,148012,2020-08-03,Support,55
263,35,86178,2023-04-19,HR,54
264,64,105672,2023-11-10,HR,51
265,27,114791,2018-03-29,Engineering,79
266,62,67892,2020-06-11,Engineering,82
267,18,130497,2020-01-01,HR,81
268,64,142816,2021-11-03,Support,60
269,38,53833,2023-05-28,Finance,74
270,39,36970,2017-04-11,Finance,76
271,30,50384,2015-01-15,Marketing,83
272,58,135570,2019-01-02,Marketing,50
273,38,70943,2022-12-25,Marketing,55
274,45,48384,2021-09-01,HR,54
275,48,39860,2015-11-05,Marketing,87
276,20,80612,2022-06-12,HR,72
277,54,99172,2022-01-15,Engineering,86
278,27,62201,2019-05-21,Marketing,68
279,34,143748,2024-04-01,Engineering,63
280,26,68765,2015-03-26,HR,50
281,62,47100,2022-03-23,Engineering,53
282,18,67744,2017-06-20,Finance,89
283,49,122193,2019-07-11,HR,77
284,48,37239,2022-02-10,Support,88
285,43,144937,2022-06-15,Engineering,83
286,20,124074,2024-08-22,Finance,99
287,29,72944,2020-06-28,Sales,93
288,22,54285,2020-01-18,Support,66
289,64,45254,2018-12-08,HR,64
290,54,69764,2022-09-12,Engineering,63
291,19,122234,2017-08-15,HR,88
292,55,95215,2020-12-20,Finance,83
293,55,137825,2015-02-21,Engineering,83
294,35,36941,2017-06-03,Finance,64
295,44,91886,2021-09-13,Engineering,83
296,55,86800,2019-09-11,Sales,73
297,32,149803,2024-06-06,Sales,79
298,59,73088,2017-02-17,Sales,54
299,46,69811,2016-06-24,Engineering,59
300,34,117369,2021-09-27,Sales,66
301,37,132468,2023-06-05,Engineering,83
302,23,44388,2024-06-19,Engineering,51
303,30,134573,2022-05-25,Finance,92
304,60,42015,2018-06-29,HR,60
305,64,47144,2022-12-02,Finance,72
306,33,101774,2024-02-09,Finance,60
307,33,54071,2015-08-29,Sales,53
308,57,138215,2016-11-26,Sales,74
309,20,113807,2019-11-23,Support,52
310,44,99724,2019-01-29,Finance,81
311,36,87108,2019-09-21,Marketing,54
312,35,141195,2017-03-30,Engineering,91
313,39,109252,2015-06-23,Marketing,55
314,18,134680,2020-08-21,Finance,61
315,43,123229,2020-01-01,HR,83
316,31,121865,2024-07-26,Support,94
317,44,53624,2015-08-20,HR,75
318,64,35240,2020-08-09,Support,71
319,64,85645,2024-02-20,Support,92
320,34,125257,2024-04-10,Marketing,85
321,18,89399,2016-10-06,Support,98
322,52,80428,2022-12-24,Support,64
323,64,112558,2024-12-10,Marketing,71
324,31,58699,2023-06-24,Support,72
325,31,74247,2022-09-22,HR,51
326,62,135113,2016-11-28,Support,63
327,24,35122,2023-02-26,HR,96
328,40,114717,2024-10-30,Finance,92
329,64,97067,2016-08-26,Sales,94
330,35,135977,2021-11-24,Marketing,87
331,52,64674,2019-10-11,Marketing,64
332,42,68518,2019-11-16,HR,86
333,45,120825,2021-08-12,Engineering,88
334,34,125462,2016-01-09,Marketing,71
335,43,144813,2017-12-11,Finance,93
336,42,134592,2016-06-08,HR,62
337,37,36168,2021-01-04,Finance,53
338,27,103794,2017-02-14,Sales,90
339,62,56734,2016-09-19,Engineering,85
340,64,56069,2018-12-06,Marketing,83
341,64,103479,2017-04-23,HR,89
342,61,102274,2020-02-22,HR,91
343,58,90004,2022-03-18,HR,55
344,43,78447,2019-08-07,HR,83
345,62,142581,2023-09-10,Marketing,86
346,50,146148,2021-08-31,Sales,71
347,38,146421,2019-01-02,Support,55
348,21,107149,2019-02-14,Engineering,60
349,47,43918,2024-02-06,Engineering,73
350,26,43046,2015-02-24,Finance,52
351,48,145751,2021-05-26,Marketing,86
352,53,39111,2020-06-01,Support,80
353,23,71427,2022-02-08,Engineering,77
354,28,117886,2021-12-04,Sales,55
355,47,114471,2024-04-05,Finance,87
356,19,30846,2015-11-27,Marketing,60
357,25,143689,2022-07-28,HR,94
358,61,36469,2015-05-29,Engineering,75
359,21,121922,2022-03-05,Marketing,69
360,50,75587,2022-03-24,HR,98
361,29,97584,2018-06-18,Finance,75
362,31,140911,2021-09-21,Marketing,87
363,54,31917,2018-09-04,Sales,60
364,53,135292,2015-07-26,Marketing,92
365,20,50128,2015-12-24,Sales,55
366,27,112180,2016-12-16,Engineering,72
367,27,32219,2018-12-21,Sales,51
368,30,35287,2024-06-09,HR,51
369,37,38512,2015-08-22,Engineering,86
370,26,49216,2021-07-31,Finance,58
371,28,123070,2021-09-27,Engineering,73
372,55,56614,2019-10-12,Engineering,84
373,47,72078,2022-03-16,Sales,98
374,22,126573,2015-08-21,Engineering,93
375,31,97444,2023-08-05,Sales,60
376,26,95441,2020-04-10,Finance,61
377,52,147248,2015-08-23,HR,89
378,39,35951,2024-01-11,Sales,78
379,25,71832,2016-11-24,HR,86
380,31,60523,2023-05-21,Engineering,79
381,52,116740,2016-08-20,Engineering,86
382,22,49282,2017-05-21,HR,63
383,43,50611,2021-02-20,HR,74
384,62,112985,2020-06-06,HR,74
385,35,73303,2015-04-14,Marketing,57
386,56,59287,2016-10-11,Engineering,63
387,49,41954,2024-07-16,Sales,87
388,50,117062,2024-11-02,Support,64
389,50,49096,2019-05-27,HR,66
390,50,41246,2024-02-28,HR,51
391,31,66455,2021-10-06,Sales,89
392,56,97506,2016-10-30,HR,55
393,23,122738,2021-02-25,Support,56
394,25,126809,2018-01-31,Support,64
395,64,101324,2021-08-31,Finance,82
396,47,39446,2016-05-24,Engineering,76
397,53,81356,2015-04-24,HR,87
398,50,74028,2016-03-15,Support,86
399,44,112870,2016-03-05,Engineering,82
400,21,49029,2021-03-11,Sales,51
401,27,132916,2018-10-04,Support,59
402,50,76197,2024-10-07,Marketing,87
403,30,53710,2023-07-08,Sales,96
404,53,101895,2022-07-10,Finance,64
405,46,50103,2015-10-05,Finance,54
406,46,44382,2018-11-30,Support,53
407,29,33756,2022-08-29,HR,51
408,44,46478,2018-09-11,Marketing,85
409,53,129097,2019-03-29,Support,92
410,44,130420,2018-03-04,HR,69
411,28,44153,2021-02-25,Engineering,89
412,55,139701,2019-11-08,Finance,57
413,40,30814,2016-05-17,Finance,75
414,63,120474,2021-02-01,Sales,61
415,43,105916,2019-11-03,Sales,89
416,35,47368,2022-07-03,Finance,82
417,64,121751,2019-12-13,HR,92
418,29,69915,2024-12-04,HR,85
419,21,94644,2015-07-03,Marketing,86
420,25,30126,2023-04-13,HR,91
421,45,95310,2015-09-10,Marketing,58
422,46,74327,2020-06-10,Sales,90
423,39,77882,2021-06-22,Marketing,72
424,18,106589,2023-12-05,Engineering,86
425,38,131721,2018-03-31,Sales,95
426,53,147718,2016-09-22,Finance,50
427,57,93374,2016-12-28,HR,70
428,64,86264,2015-03-02,HR,58
429,27,148195,2021-08-30,Engineering,75
430,58,70738,2019-10-31,Finance,74
431,43,138618,2015-07-28,Marketing,87
432,19,38070,2019-04-01,HR,67
433,44,87761,2023-08-13,Engineering,76
434,34,36783,2024-01-06,Finance,92
435,61,109026,2018-12-18,Support,73
436,42,97526,2018-12-22,Engineering,55
437,41,76240,2021-02-28,Marketing,98
438,46,124270,2016-09-14,Sales,92
439,39,49097,2024-09-22,Sales,77
440,38,57696,2016-02-15,HR,56
441,34,76163,2015-05-13,Engineering,90
442,37,82853,2016-06-01,Finance,71
443,45,51566,2018-05-30,Engineering,89
444,24,105520,2015-09-10,Marketing,81
445,30,71949,2022-09-05,Marketing,72
446,36,123501,2018-03-07,Marketing,81
447,47,89676,2021-03-26,Support,98
448,62,72460,2016-06-02,Marketing,79
449,33,123607,2022-09-25,HR,68
450,35,63536,2021-02-01,Sales,63
451,64,58865,2022-06-15,Sales,77
452,47,68565,2022-01-14,Engineering,53
453,18,82487,2018-10-04,Marketing,78
454,56,78770,2017-10-25,Marketing,81
455,27,129785,2015-12-20,Engineering,68
456,63,82603,2022-05-06,Marketing,82
457,40,111974,2018-08-06,Engineering,77
458,49,115382,2024-05-02,Support,78
459,25,145520,2017-12-12,Engineering,52
460,41,60678,2021-09-25,Finance,57
461,64,98836,2021-02-12,HR,52
462,50,115595,2022-01-23,Support,96
463,25,94929,2020-05-18,Support,84
464,49,117127,2016-09-19,Support,63
465,49,90535,2022-01-23,Finance,95
466,60,42175,2015-07-21,Support,53
467,54,116925,2022-03-20,Marketing,80
468,35,36150,2018-04-02,Support,59
469,24,46032,2021-01-22,Engineering,72
470,38,83394,2015-08-12,Sales,97
471,36,43859,2021-11-30,HR,78
472,35,38705,2019-03-22,Finance,50
473,64,53236,2020-03-12,Sales,69
474,28,133145,2022-10-20,HR,51
475,20,132870,2015-08-10,Marketing,61
476,37,44596,2016-04-17,Marketing,86
477,55,31279,2022-08-07,Sales,79
478,26,92516,2018-07-11,HR,93
479,52,139397,2017-10-12,Finance,93
480,41,75648,2019-10-21,Marketing,59
481,47,49063,2024-05-18,Engineering,95
482,40,116143,2017-06-28,Marketing,81
483,34,58529,2016-07-19,Support,66
484,31,108344,2021-05-10,Engineering,89
485,19,136732,2021-04-11,Engineering,74
486,56,53752,2015-08-07,Finance,71
487,60,81693,2022-01-16,HR,53
488,43,136937,2023-06-24,HR,78
489,62,104532,2023-08-02,Engineering,60
490,23,127425,2015-02-04,HR,70
491,59,68243,2017-09-25,Finance,90
492,55,56657,2017-08-13,Finance,66
493,54,127432,2016-09-18,Engineering,87
494,29,31622,2016-12-25,Marketing,91
495,39,91396,2018-09-19,Engineering,76
496,48,112565,2023-02-06,Marketing,76
497,57,126523,2016-01-05,Finance,94
498,24,123065,2016-08-01,Engineering,94
499,34,65737,2022-11-26,Marketing,70
500,45,59373,2021-12-09,Finance,95
501,19,131371,2023-06-27,Engineering,92
502,18,49250,2023-05-25,HR,85
503,43,83276,2023-03-01,Finance,70
504,28,119599,2017-09-04,Engineering,85
505,56,126999,2016-03-06,Marketing,84
506,51,83302,2024-11-15,Sales,96
507,41,34853,2021-03-27,Marketing,71
508,22,119399,2023-11-05,Engineering,82
509,53,104478,2017-12-21,Engineering,69
510,36,97298,2018-10-14,HR,92
511,34,54058,2015-05-09,Engineering,94
512,60,96017,2016-12-04,Finance,58
513,43,135921,2016-08-02,Sales,58
514,26,65111,2024-07-05,Engineering,66
515,18,64008,2019-06-01,Marketing,92
516,57,85337,2021-12-05,Marketing,74
517,56,54354,2021-12-04,Marketing,52
518,54,116123,2019-01-10,Sales,93
519,47,50581,2016-02-25,HR,83
520,29,81474,2016-02-25,Sales,86
521,61,144618,2017-04-09,Support,98
522,34,79481,2015-11-28,Engineering,98
523,64,50491,2024-12-20,Support,65
524,41,30338,2021-01-18,Marketing,57
525,48,81860,2017-04-27,Sales,66
526,40,84756,2018-12-23,Finance,65
527,23,100855,2015-06-23,Sales,74
528,35,92552,2024-11-04,Finance,61
529,32,148681,2021-12-10,Sales,90
530,62,142153,2018-06-11,Engineering,96
531,49,67641,2016-06-25,Engineering,65
532,24,136896,2019-03-11,Marketing,72
533,43,86276,2024-08-04,HR,71
534,24,74813,2023-06-24,Engineering,64
535,24,99768,2022-03-15,Sales,97
536,25,113441,2019-02-01,Support,72
537,46,36737,2021-06-06,HR,80
538,47,81571,2024-05-22,Marketing,88
539,52,67265,2015-12-25,HR,91
540,56,117312,2018-12-25,Support,63
541,48,82375,2020-07-13,HR,84
542,61,126443,2022-01-13,Finance,94
543,51,112050,2023-08-08,Marketing,86
544,60,32983,2020-11-08,Sales,75
545,40,108187,2018-06-26,Finance,88
546,32,124071,2015-12-22,Sales,98
547,21,84620,2024-11-08,Sales,71
548,42,37564,2015-12-26,Marketing,67
549,50,124223,2019-01-15,Finance,94
550,59,104859,2023-12-03,HR,51
551,52,82393,2023-09-09,Sales,83
552,47,132650,2019-06-06,Sales,62
553,30,125505,2019-03-08,Sales,81
554,49,99346,2023-08-31,Finance,88
555,63,46371,2019-02-28,Engineering,78
556,46,103972,2016-04-19,Marketing,93
557,33,115431,2023-06-07,Sales,93
558,64,40616,2015-02-01,HR,59
559,47,80072,2024-12-10,Engineering,88
560,37,42676,2016-12-22,Finance,50
561,47,115680,2016-06-26,Support,52
562,62,63933,2016-06-02,Engineering,79
563,21,62913,2021-03-02,Marketing,86
564,42,87775,2017-01-03,Support,50
565,63,142590,2021-09-09,Sales,58
566,32,110688,2023-01-21,Finance,73
567,21,127419,2022-11-18,Sales,86
568,54,137434,2019-08-22,Finance,55
569,56,86638,2020-04-04,HR,95
570,41,136506,2024-04-13,Sales,62
571,51,78280,2019-02-14,Marketing,56
572,21,84842,2019-03-24,HR,57
573,37,144524,2023-09-07,Support,94
574,63,107129,2020-01-26,Sales,92
575,51,145512,2020-07-24,Sales,75
576,58,57376,2022-04-30,Finance,52
577,23,111412,2017-02-05,Finance,54
578,64,96262,2021-05-22,Support,98
579,26,106898,2023-03-10,HR,69
580,59,114386,2022-02-13,Finance,99
581,35,56685,2021-06-10,Marketing,66
582,41,54578,2021-07-11,Sales,81
583,52,91413,2017-04-09,Support,62
584,64,90504,2018-05-21,Engineering,58
585,21,64701,2020-10-22,Engineering,86
586,51,47674,2020-04-30,Support,90
587,20,73642,2016-04-21,Engineering,77
588,46,95160,2019-12-11,Marketing,52
589,42,118801,2018-01-18,Marketing,61
590,59,59192,2016-11-26,Finance,64
591,57,72520,2017-04-01,Support,54
592,28,80106,2024-02-09,Support,83
593,41,135595,2016-06-03,Finance,64
594,55,110199,2024-12-02,Marketing,54
595,43,71873,2021-11-21,Marketing,55
596,54,39903,2015-09-30,Sales,62
597,45,115956,2019-10-27,Marketing,62
598,34,133537,2021-08-03,Sales,89
599,62,142863,2024-09-29,Sales,78
600,20,31591,2021-03-17,Support,89
601,51,101719,2022-10-10,HR,76
602,30,129616,2022-07-21,Support,55
603,41,37314,2023-10-25,HR,65
604,57,97675,2019-07-27,Marketing,82
605,58,135228,2020-03-05,HR,92
606,62,127624,2021-08-04,HR,91
607,53,116206,2021-08-19,HR,76
608,55,83947,2019-07-16,Engineering,56
609,22,78874,2021-10-11,Support,94
610,48,77638,2019-03-14,Support,91
611,27,32719,2015-01-20,HR,92
612,47,72534,2017-09-23,Marketing,80
613,35,48787,2020-03-03,Finance,51
614,31,87932,2021-10-16,Finance,78
615,29,63062,2017-11-12,Finance,51
616,49,125756,2020-11-17,Engineering,95
617,44,96672,2016-03-05,Engineering,90
618,34,61966,2017-04-21,HR,83
619,41,93852,2019-02-25,Finance,84
620,23,106242,2019-01-23,HR,79
621,24,59257,2017-02-20,HR,90
622,49,43281,2015-04-05,Sales,77
623,32,121357,2016-01-12,HR,86
624,46,112197,2022-10-06,Marketing,53
625,37,113807,2016-05-12,Support,85
626,21,142831,2015-06-12,Marketing,66
627,29,93888,2024-01-23,Engineering,59
628,18,50953,2020-06-09,HR,67
629,31,67567,2024-02-01,HR,96
630,46,51195,2020-02-24,Sales,85
631,52,51427,2023-06-03,HR,61
632,24,87372,2020-07-14,Engineering,60
633,50,37813,2018-09-17,Sales,96
634,32,123106,2016-11-29,Support,60
635,40,74569,2023-08-16,HR,83
636,63,43025,2021-02-27,Support,78
637,21,44288,2017-06-19,Marketing,84
638,30,127768,2021-03-09,HR,88
639,32,71846,2023-08-17,Engineering,78
640,46,47482,2024-07-13,Sales,81
641,19,142302,2020-12-07,Engineering,63
642,37,33093,2022-03-20,Sales,60
643,44,82930,2024-08-15,Engineering,66
644,61,123623,2015-03-01,Marketing,77
645,46,83268,2017-12-20,Support,96
646,33,58602,2024-10-27,Finance,69
647,23,129986,2024-03-22,HR,54
648,20,35626,2023-09-28,Support,50
649,55,49982,2017-01-10,Finance,83
650,52,56431,2019-11-11,Support,98
651,42,112711,2016-02-17,Marketing,61
652,35,68158,2015-05-03,Finance,93
653,33,115530,2022-11-18,Marketing,57
654,63,145672,2019-04-29,Marketing,66
655,46,98916,2016-11-20,Engineering,57
656,32,112970,2021-11-19,Support,95
657,24,91788,2017-07-10,Support,93
658,41,74859,2016-10-27,Engineering,52
659,37,30526,2020-09-18,HR,74
660,47,41536,2022-04-12,Engineering,93
661,37,64531,2024-11-07,Finance,58
662,55,95455,2016-04-04,Engineering,71
663,19,84615,2020-12-25,HR,57
664,28,59759,2015-10-02,Sales,62
665,34,132471,2017-07-25,Sales,70
666,35,56589,2016-11-24,Finance,67
667,63,92046,2021-08-02,Finance,87
668,49,36154,2018-12-24,HR,94
669,42,94288,2016-01-09,Engineering,87
670,58,60087,2021-05-13,Marketing,60
671,39,99298,2018-02-17,Engineering,73
672,58,73408,2018-07-08,HR,61
673,63,68559,2021-07-31,Marketing,64
674,33,141925,2024-09-23,HR,71
675,45,78787,2021-04-11,Engineering,82
676,27,104663,2019-04-02,Sales,81
677,50,79153,2019-02-03,Support,82
678,50,142360,2020-04-22,Sales,62
679,47,118652,2019-05-17,Marketing,75
680,39,82326,2018-10-28,HR,51
681,55,53398,2023-08-06,Finance,75
682,63,105897,2022-01-03,Engineering,99
683,32,98577,2022-02-12,Marketing,91
684,61,92768,2018-04-24,Marketing,89
685,28,87660,2023-02-10,Support,52
686,23,113976,2018-04-21,Engineering,55
687,26,56015,2021-08-13,Finance,90
688,29,132215,2021-09-01,HR,99
689,45,33389,2018-06-17,HR,69
690,64,54826,2017-09-05,Engineering,56
691,28,76163,2022-11-30,Engineering,65
692,21,41653,2021-06-19,Finance,71
693,43,63662,2023-11-12,HR,52
694,58,125081,2016-02-29,Engineering,63
695,28,45313,2024-07-03,Sales,61
696,40,140091,2023-06-07,HR,62
697,42,109148,2022-03-17,Support,68
698,63,82579,2024-06-14,Marketing,94
699,25,58380,2016-07-23,Support,81
700,61,50049,2016-05-13,Finance,55
701,35,46082,2019-04-07,Marketing,71
702,54,144015,2015-11-15,Support,90
703,20,90315,2015-10-30,HR,59
704,52,75500,2021-01-11,Support,78
705,32,128656,2020-07-10,HR,56
706,29,102541,2017-04-14,Sales,70
707,48,89321,2021-04-26,Marketing,73
708,37,77908,2023-02-10,Sales,53
709,45,55963,2015-10-11,Support,69
710,41,144225,2020-09-19,Sales,98
711,49,95128,2021-11-26,Finance,85
712,51,52015,2023-11-05,HR,85
713,19,56958,2024-10-25,Support,83
714,53,75350,2022-08-08,Marketing,91
715,29,148402,2018-06-25,Sales,94
716,35,114878,2016-05-08,Sales,82
717,52,49975,2017-12-03,Sales,85
718,47,142214,2021-12-24,HR,91
719,61,96061,2015-06-11,HR,63
720,19,63142,2015-08-31,Marketing,86
721,22,74965,2024-12-25,Sales,94
722,58,65133,2019-07-05,Marketing,96
723,31,100135,2024-01-07,Finance,88
724,42,131459,2023-05-12,Sales,51
725,56,75893,2017-08-21,HR,66
726,42,122152,2022-01-28,Marketing,77
727,19,94674,2020-06-20,Support,86
728,22,138542,2015-02-18,Engineering,50
729,57,116475,2021-02-05,Support,85
730,62,131678,2021-12-21,Support,80
731,28,82233,2021-10-27,Engineering,52
732,31,106367,2016-04-04,Finance,59
733,46,106619,2017-05-03,Sales,79
734,58,72240,2017-08-11,Marketing,54
735,37,134199,2019-11-21,Marketing,92
736,29,118576,2020-05-10,Marketing,69
737,45,115112,2021-12-11,HR,92
738,54,81886,2015-02-01,Sales,86
739,29,122324,2019-12-14,Engineering,98
740,61,109671,2015-01-23,HR,77
741,64,97278,2021-03-02,Engineering,55
742,61,113194,2017-01-11,Support,69
743,31,111537,2024-11-12,Support,58
744,54,121155,2017-09-19,Sales,75
745,46,110896,2023-01-14,Finance,84
746,23,106260,2019-07-01,Engineering,54
747,50,39200,2015-02-23,Marketing,63
748,29,149273,2018-12-04,HR,69
749,41,133674,2019-11-29,Engineering,92
750,51,75272,2021-04-15,Marketing,99
751,46,45398,2015-05-17,Finance,80
752,64,36570,2020-10-30,Engineering,99
753,40,135899,2018-07-21,Sales,87
754,37,69062,2023-09-27,Support,94
755,33,31969,2019-11-24,Sales,91
756,25,40225,2017-07-15,Sales,70
757,18,137510,2023-08-19,HR,57
758,46,135823,2024-07-11,Marketing,87
759,22,140677,2017-01-14,Engineering,96
760,51,78320,2021-09-30,Sales,75
761,60,118009,2016-12-06,Marketing,79
762,35,111040,2018-09-26,HR,75
763,25,95838,2018-11-26,Finance,89
764,29,80138,2021-02-08,Finance,57
765,42,84061,2021-04-21,Sales,53
766,50,131376,2022-10-19,Support,68
767,48,77055,2018-12-20,Finance,63
768,22,56984,2024-10-22,Marketing,75
769,45,99569,2015-11-20,Sales,99
770,23,145262,2019-12-04,Finance,58
771,50,103384,2023-10-24,Finance,74
772,30,57208,2020-11-16,Support,62
773,48,96024,2018-10-06,HR,60
774,21,144044,2015-09-16,Support,87
775,63,97203,2019-01-16,Engineering,87
776,36,94965,2024-10-22,Support,83
777,35,126652,2023-09-24,Support,90
778,40,55426,2022-09-07,Finance,94
779,28,33712,2023-12-27,Finance,73
780,24,121736,2022-05-26,Engineering,70
781,32,119152,2020-08-22,HR,61
782,24,130494,2021-11-04,Engineering,70
783,36,65643,2019-10-02,HR,78
784,42,113360,2020-02-10,Finance,98
785,49,123680,2019-01-10,Finance,84
786,61,109973,2017-12-16,Finance,75
787,28,135314,2021-12-22,Engineering,57
788,63,90233,2019-02-12,Marketing,51
789,63,107576,2018-08-22,Finance,52
790,38,123977,2015-10-14,Finance,57
791,19,138997,2023-12-26,Marketing,77
792,46,31177,2018-09-30,Finance,74
793,29,51636,2020-03-04,Engineering,83
794,54,57598,2022-08-14,Sales,93
795,53,139326,2018-11-12,Support,92
796,40,111709,2023-08-08,Sales,99
797,61,108714,2023-02-24,Support,92
798,62,54596,2015-09-26,Sales,72
799,60,137510,2023-08-31,Support,65
800,64,123300,2021-08-07,Support,64
801,42,38906,2022-10-17,Finance,64
802,21,108612,2016-07-29,Sales,62
803,39,67650,2019-06-16,HR,83
804,31,36012,2021-06-12,Support,53
805,63,66378,2015-02-15,Marketing,78
806,64,43467,2016-04-14,Engineering,84
807,25,144793,2024-03-01,Finance,85
808,47,138177,2021-03-28,Support,51
809,30,53171,2020-10-20,Finance,75
810,42,116365,2023-06-09,Sales,60
811,24,144014,2023-02-27,Sales,93
812,27,59734,2017-01-24,Support,62
813,48,33654,2022-05-28,Engineering,98
814,59,104172,2017-03-21,Sales,91
815,53,149891,2017-04-26,Engineering,53
816,24,89189,2022-03-08,Sales,50
817,61,101031,2020-01-09,Finance,94
818,59,106666,2017-06-16,Marketing,62
819,39,53669,2015-04-02,Support,70
820,39,39435,2022-07-03,Finance,58
821,43,67384,2016-05-06,HR,64
822,27,106153,2023-03-01,Finance,91
823,25,101831,2017-08-29,Marketing,65
824,43,64084,2022-02-09,HR,53
825,41,85826,2019-01-23,Support,85
826,56,66041,2017-10-12,Marketing,74
827,35,133314,2022-02-08,HR,85
828,27,98576,2018-06-19,Finance,99
829,22,94174,2022-07-02,Engineering,98
830,52,147867,2022-01-09,Engineering,83
831,50,47014,2019-05-09,Finance,70
832,34,71621,2024-01-08,Engineering,97
833,54,46014,2019-05-16,Marketing,84
834,45,70390,2024-05-08,Finance,81
835,28,87993,2020-08-06,Finance,58
836,31,145788,2024-09-14,Finance,74
837,19,47727,2018-04-27,Support,84
838,24,95108,2016-10-16,HR,67
839,20,62117,2024-12-16,HR,88
840,58,128032,2016-02-25,HR,60
841,56,139847,2021-11-30,Finance,95
842,36,68467,2015-09-30,Finance,75
843,55,106329,2019-01-10,Sales,81
844,56,69532,2015-04-06,HR,95
845,53,141335,2022-10-08,Marketing,86
846,50,103379,2022-04-18,Finance,52
847,26,61367,2023-10-05,Support,82
848,23,98008,2017-05-06,Finance,88
849,21,146492,2024-04-06,Support,98
850,19,100587,2022-02-23,Engineering,54
851,61,66378,2021-08-13,HR,81
852,38,86549,2016-05-24,HR,57
853,20,136283,2020-03-24,HR,52
854,39,128117,2023-02-05,HR,51
855,40,149979,2016-10-07,Support,51
856,55,88576,2024-05-14,HR,84
857,51,39686,2015-11-18,Marketing,79
858,25,30661,2024-11-26,Support,93
859,53,143092,2019-02-04,Marketing,62
860,46,40526,2021-11-09,Support,96
861,33,130969,2020-10-29,Support,79
862,33,98619,2016-08-20,Finance,66
863,33,138427,2019-02-09,Support,57
864,37,40754,2020-05-08,Sales,65
865,47,128540,2022-02-06,Sales,72
866,45,85922,2019-01-10,Engineering,89
867,22,92711,2019-02-28,Finance,93
868,18,127912,2020-09-11,Engineering,79
869,38,43395,2015-11-25,HR,55
870,39,86273,2020-03-18,HR,57
871,56,34895,2019-11-25,Finance,82
872,33,40699,2018-10-29,Engineering,87
873,51,148413,2022-01-04,Marketing,85
874,50,35782,2018-03-01,Finance,99
875,62,114328,2022-12-17,Support,70
876,19,60682,2022-06-17,Marketing,58
877,18,85114,2018-11-07,Marketing,52
878,40,48073,2021-03-06,Sales,53
879,35,132710,2019-05-12,Support,55
880,52,120517,2023-12-02,HR,92
881,32,34437,2015-08-17,Finance,86
882,59,132411,2024-02-28,Engineering,96
883,59,55169,2023-07-12,Engineering,94
884,52,106957,2017-05-27,Marketing,73
885,59,93133,2016-09-18,Sales,63
886,23,82290,2019-02-08,Support,65
887,24,125155,2021-02-20,Finance,63
888,26,108222,2015-05-16,Sales,70
889,52,36721,2021-11-01,Finance,76
890,19,82130,2023-07-13,Sales,67
891,31,134211,2022-07-03,Sales,67
892,27,35656,2022-04-26,HR,51
893,42,93740,2020-12-02,Marketing,82
894,53,103822,2017-07-15,Sales,63
895,18,121245,2015-02-21,Marketing,65
896,63,44716,2018-07-05,Sales,52
897,52,81112,2023-04-18,HR,55
898,42,101308,2018-03-26,Marketing,83
899,25,131268,2022-01-09,Support,83
900,21,46920,2023-06-05,Engineering,64
901,21,70108,2017-09-26,Finance,61
902,49,140719,2020-06-07,HR,81
903,45,107452,2024-01-04,Engineering,80
904,31,58179,2021-07-05,HR,67
905,46,85099,2020-12-11,Engineering,55
906,49,48268,2015-09-19,Sales,92
907,19,133483,2016-02-24,Marketing,72
908,36,101966,2024-12-20,Finance,54
909,36,72913,2015-10-28,Sales,59
910,42,149425,2022-03-12,Support,60
911,48,149863,2016-03-17,HR,64
912,26,67846,2017-07-29,Marketing,68
913,26,59794,2022-02-10,Sales,70
914,26,80331,2019-08-08,HR,95
915,24,127359,2018-01-10,Sales,65
916,50,127539,2019-11-24,Marketing,53
917,56,84823,2023-06-10,Sales,66
918,54,96918,2020-01-02,Marketing,78
919,53,42411,2023-11-27,Sales,87
920,56,87009,2023-09-23,Finance,86
921,52,126774,2021-04-02,HR,76
922,45,57605,2024-07-12,Sales,63
923,24,39956,2017-12-19,Finance,71
924,22,91949,2018-11-06,Finance,51
925,44,36548,2021-10-25,Support,87
926,32,139204,2015-08-04,Engineering,59
927,40,136297,2021-12-14,Finance,88
928,22,126320,2020-09-04,HR,62
929,38,89353,2021-12-07,Engineering,99
930,62,86532,2018-02-07,Engineering,67
931,54,83420,2018-03-01,Sales,81
932,53,71424,2019-05-29,HR,84
933,28,34798,2024-03-26,HR,70
934,43,40749,2017-06-13,HR,53
935,51,67487,2017-11-28,Marketing,67
936,57,102930,2023-10-29,Marketing,90
937,46,56035,2018-03-13,Support,78
938,55,85316,2022-03-18,Support,91
939,30,147360,2023-03-09,Engineering,90
940,34,33191,2018-09-25,Engineering,58
941,58,134576,2020-10-10,Sales,51
942,46,72080,2020-02-08,Finance,59
943,57,120900,2021-02-26,Support,77
944,28,122961,2019-10-22,HR,57
945,39,81399,2021-11-17,Marketing,98
946,32,103616,2019-05-03,HR,72
947,41,86492,2016-09-04,Support,68
948,22,60111,2024-01-18,Marketing,93
949,18,52614,2018-11-22,HR,86
950,25,100476,2017-06-04,Support,57
951,40,93530,2024-02-16,Sales,50
952,62,58082,2015-11-16,Support,73
953,52,131015,2022-03-03,Marketing,66
954,22,46531,2018-10-01,Marketing,70
955,57,74857,2022-12-05,Sales,80
956,63,78355,2024-09-29,Sales,60
957,32,133634,2018-12-19,Engineering,56
958,45,87906,2019-12-02,Sales,92
959,22,137268,2016-06-05,Sales,79
960,49,106295,2018-03-28,Sales,59
961,55,58270,2019-07-11,Finance,81
962,45,53888,2019-07-14,HR,80
963,25,148527,2023-03-30,Engineering,89
964,42,65144,2022-09-09,Support,51
965,32,121074,2018-10-17,HR,98
966,53,127661,2021-10-10,Support,53
967,31,72600,2022-12-18,Marketing,90
968,42,91558,2021-11-21,Engineering,99
969,27,64964,2018-09-14,Marketing,85
970,29,35978,2020-11-30,Marketing,89
971,19,89765,2022-08-29,Finance,62
972,49,142990,2020-11-18,Finance,65
973,49,90703,2015-01-24,Finance,83
974,28,46905,2019-12-28,Marketing,64
975,34,88279,2019-02-11,HR,67
976,26,52168,2017-05-20,HR,89
977,31,85419,2015-10-29,Sales,74
978,39,107811,2018-10-23,Marketing,79
979,37,76804,2016-01-15,Engineering,93
980,49,94946,2018-02-08,Finance,95
981,38,107794,2015-08-04,HR,81
982,47,78758,2024-03-15,HR,88
983,29,80408,2015-06-11,Support,96
984,35,130500,2017-05-08,Support,62
985,38,45997,2016-07-25,Sales,57
986,63,53911,2024-12-11,HR,95
987,24,124870,2018-08-29,Support,93
988,49,124463,2023-11-29,HR,71
989,39,116250,2024-12-14,Support,74
990,39,53387,2020-07-31,Sales,78
991,30,115457,2023-07-08,Engineering,51
992,46,140804,2019-05-18,Marketing,64
993,44,78689,2017-09-16,Sales,80
994,32,132386,2024-06-30,Finance,72
995,41,59739,2016-02-19,Marketing,62
996,39,33754,2015-04-16,Support,86
997,50,38706,2021-05-31,Marketing,68
998,40,81612,2022-01-22,Sales,79
999,56,134555,2021-12-08,Engineering,96
1000,42,86447,2020-02-13,Sales,86
1001,64,118199,2024-03-27,Support,91
1002,33,95095,2017-01-11,Support,50
1003,61,121396,2024-11-14,Engineering,52
1004,18,68787,2020-05-05,Engineering,89
1005,52,51727,2024-02-05,Marketing,91
1006,51,140058,2023-03-04,Sales,74
1007,27,64196,2020-10-24,Sales,95
1008,56,109578,2015-02-26,Finance,76
1009,19,61656,2018-09-19,Sales,97
1010,30,147235,2018-06-05,Marketing,85
1011,39,138777,2017-11-26,HR,75
1012,29,56832,2017-10-28,Sales,63
1013,31,43944,2019-07-20,Sales,83
1014,37,147322,2015-08-09,Engineering,65
1015,48,35110,2021-02-22,Sales,55
1016,36,145812,2015-10-19,Sales,53
1017,64,39596,2015-07-30,Finance,53
1018,37,48313,2015-03-27,Sales,73
1019,52,53705,2018-09-13,HR,86
1020,55,133892,2016-02-19,Engineering,89
1021,56,89796,2023-04-25,Support,59
1022,55,94429,2022-06-21,Finance,53
1023,62,45379,2023-10-12,HR,66
1024,24,98099,2017-11-30,Sales,78
1025,31,99122,2015-06-10,HR,73
1026,54,149119,2024-12-05,Support,53
1027,41,95697,2016-07-30,Support,79
1028,35,44226,2016-09-02,Support,80
1029,36,140384,2016-10-12,Support,95
1030,36,108229,2016-02-11,Marketing,73
1031,62,92539,2022-10-19,Support,79
1032,55,43428,2023-08-25,HR,80
1033,53,144367,2022-04-22,Engineering,68
1034,62,124947,2022-09-10,Marketing,79
1035,50,63937,2023-03-09,Engineering,98
1036,45,57386,2022-08-31,Finance,96
1037,28,46184,2020-05-03,Marketing,94
1038,50,89792,2015-04-13,Finance,55
1039,21,79811,2017-01-16,Engineering,97
1040,64,113930,2017-01-25,Support,64
1041,23,60254,2024-10-14,HR,63
1042,28,144534,2017-07-29,Sales,58
1043,43,33471,2017-05-29,HR,54
1044,27,64865,2018-04-22,Finance,52
1045,30,142234,2022-05-17,Marketing,98
1046,47,36397,2019-05-10,Engineering,94
1047,23,83072,2023-08-11,HR,94
1048,36,113369,2016-10-27,Marketing,84
1049,63,100553,2017-05-02,HR,54
1050,46,37999,2021-04-30,HR,86
1051,37,32096,2016-02-28,HR,70
1052,27,55279,2024-12-10,Sales,54
1053,53,144245,2021-04-07,Support,75
1054,21,59309,2020-05-12,HR,88
1055,56,35105,2024-11-11,HR,84
1056,18,32839,2020-01-01,Marketing,85
1057,23,43493,2023-04-17,Support,95
1058,61,67051,2015-08-16,Finance,80
1059,37,43975,2018-08-05,Sales,74
1060,53,53252,2024-02-04,Marketing,79
1061,41,104603,2016-06-12,Engineering,91
1062,47,39557,2022-09-14,Finance,77
1063,24,30162,2024-04-10,Marketing,77
1064,31,47015,2024-04-27,Finance,59
1065,33,123583,2022-12-24,Sales,80
1066,59,37896,2018-07-19,Sales,62
1067,23,71800,2021-07-06,Engineering,94
1068,53,89063,2019-12-07,Marketing,92
1069,37,70785,2022-04-16,Sales,92
1070,38,77299,2022-10-23,Sales,99
1071,50,60682,2016-08-16,Support,56
1072,23,126894,2017-03-03,HR,64
1073,35,145359,2021-10-26,Engineering,60
1074,37,107454,2018-10-12,Finance,97
1075,24,95428,2021-06-13,Marketing,91
1076,43,32539,2016-11-01,Support,63
1077,54,48745,2015-10-25,Marketing,70
1078,35,58228,2015-05-30,HR,52
1079,40,64521,2022-02-09,Engineering,86
1080,41,56928,2017-05-22,Support,68
1081,42,92292,2020-08-12,Sales,61
1082,58,36304,2023-01-05,Engineering,99
1083,21,121006,2022-11-17,Sales,91
1084,24,63365,2022-10-27,Marketing,82
1085,34,105415,2021-03-07,Support,83
1086,45,53481,2022-12-05,Support,92
1087,58,85718,2023-12-18,Marketing,71
1088,34,97169,2023-09-05,Marketing,55
1089,63,108021,2024-05-10,Marketing,83
1090,18,77945,2024-06-20,Finance,70
1091,22,113457,2024-07-17,Support,71
1092,19,95633,2023-02-25,HR,65
1093,56,123269,2018-06-09,Finance,61
1094,41,87326,2021-08-23,Support,89
1095,55,60651,2018-07-31,Sales,59
1096,52,97263,2024-10-20,HR,98
1097,49,93878,2017-04-12,Marketing,70
1098,37,104905,2016-03-07,Engineering,53
1099,63,108707,2018-01-06,Marketing,71
1100,32,102055,2023-04-01,Sales,89
1101,38,126334,2017-05-26,Sales,71
1102,45,30781,2019-07-08,Support,76
1103,58,36823,2024-10-20,Marketing,77
1104,43,149664,2019-01-02,HR,51
1105,42,52263,2024-11-09,Support,52
1106,25,121179,2019-05-26,Finance,82
1107,59,71971,2022-05-12,Marketing,84
1108,23,94166,2018-07-31,Finance,72
1109,42,81578,2016-06-03,Engineering,99
1110,60,62658,2017-08-02,Engineering,54
1111,28,32551,2022-02-03,Finance,61
1112,27,79159,2016-11-16,HR,73
1113,45,51800,2016-05-28,Support,85
1114,54,37239,2023-12-05,Support,58
1115,64,70846,2015-11-20,Engineering,97
1116,63,67991,2019-12-27,Finance,67
1117,59,36971,2023-10-22,HR,69
1118,23,107067,2016-07-07,HR,51
1119,24,67711,2019-07-08,HR,52
1120,62,95794,2023-07-17,Engineering,76
1121,60,34135,2015-11-16,Finance,87
1122,50,115120,2020-01-05,Finance,57
1123,54,142507,2020-09-06,Marketing,97
1124,60,120724,2021-03-02,Engineering,53
1125,47,41205,2022-10-19,Support,95
1126,36,32591,2022-07-29,Marketing,58
1127,29,93370,2023-12-02,Finance,95
1128,33,84400,2015-09-06,Support,94
1129,38,145357,2024-03-28,Engineering,62
1130,51,31283,2018-05-08,Engineering,77
1131,55,97065,2018-06-18,Support,80
1132,44,38004,2020-03-19,Engineering,74
1133,20,138896,2019-02-24,Engineering,53
1134,42,122051,2024-07-12,HR,83
1135,43,118708,2015-04-24,Marketing,84
1136,45,127756,2018-07-08,Support,58
1137,55,125665,2024-01-03,HR,55
1138,36,111835,2023-09-22,Marketing,60
1139,19,82142,2023-10-26,Marketing,93
1140,61,48888,2022-06-07,Engineering,70
1141,41,76305,2021-03-27,Sales,71
1142,20,30587,2021-11-16,Sales,77
1143,47,137481,2020-11-27,Finance,97
1144,38,115751,2015-09-25,Support,75
1145,50,55556,2016-03-07,Engineering,84
1146,51,75096,2021-03-31,HR,96
1147,35,100969,2022-01-15,Sales,60
1148,40,106975,2017-11-07,Engineering,71
1149,34,102516,2022-10-30,Finance,93
1150,28,106637,2019-02-27,Sales,64
1151,44,104658,2024-07-07,Sales,82
1152,37,57516,2017-11-25,Finance,65
1153,51,31089,2015-03-17,Finance,84
1154,57,40487,2018-05-09,Support,77
1155,64,97494,2017-10-08,Engineering,55
1156,26,68547,2020-06-20,HR,50
1157,25,66598,2021-04-19,Finance,72
1158,20,128745,2017-01-27,Marketing,74
1159,64,85077,2022-10-10,Engineering,64
1160,38,101906,2019-12-29,Sales,95
1161,31,85267,2019-05-09,HR,61
1162,34,83798,2021-03-31,Engineering,58
1163,52,80939,2024-03-16,Marketing,62
1164,32,40449,2022-08-26,Support,82
1165,23,102954,2021-09-03,Sales,76
1166,40,88810,2018-10-29,Finance,76
1167,51,45223,2023-12-05,Engineering,95
1168,55,95677,2019-03-08,Finance,85
1169,25,45037,2020-11-23,HR,84
1170,36,133965,2017-01-27,Support,63
1171,37,138400,2016-11-10,Engineering,74
1172,57,53383,2015-05-12,Sales,63
1173,43,143253,2018-09-22,Engineering,72
1174,39,48351,2016-07-04,Marketing,68
1175,63,45282,2019-10-26,Marketing,52
1176,59,51778,2015-08-31,Sales,58
1177,45,35075,2019-12-13,Marketing,94
1178,24,58365,2021-05-05,HR,58
1179,36,82142,2021-07-12,Finance,63
1180,55,64228,2022-10-19,Sales,85
1181,57,73472,2018-09-30,Finance,79
1182,26,89711,2015-05-23,Engineering,82
1183,42,76733,2022-11-30,Support,60
1184,52,41240,2022-08-26,Support,63
1185,47,128344,2022-11-10,Support,53
1186,21,80139,2018-10-13,Support,57
1187,19,111768,2017-01-20,HR,95
1188,39,93095,2021-12-31,Finance,65
1189,46,104813,2024-09-10,Engineering,98
1190,47,89659,2021-05-19,Support,84
1191,28,95087,2024-11-20,Marketing,95
1192,38,125998,2022-08-12,Engineering,70
1193,22,109151,2020-07-16,Finance,69
1194,54,72946,2018-10-08,Marketing,93
1195,50,102692,2022-12-19,Engineering,58
1196,26,76403,2020-03-15,Sales,84
1197,34,116497,2019-10-12,Engineering,73
1198,49,139632,2024-09-09,Finance,57
1199,62,128646,2016-07-24,Finance,96
1200,57,122491,2022-12-13,Support,61
1201,63,94046,2016-11-13,Finance,64
1202,58,141250,2023-09-27,HR,75
1203,46,112325,2015-06-03,Sales,89
1204,38,119906,2016-12-24,HR,87
1205,37,91944,2017-06-11,HR,78
1206,21,48230,2023-05-21,Marketing,56
1207,45,61259,2017-10-14,Marketing,53
1208,39,60795,2019-08-24,Marketing,94
1209,20,41093,2015-06-04,Engineering,93
1210,19,130311,2020-10-29,Support,83
1211,44,41190,2024-08-25,Engineering,90
1212,18,62327,2023-04-02,Support,72
1213,55,70197,2015-07-16,Marketing,71
1214,42,123905,2020-08-13,Finance,66
1215,29,58933,2015-07-15,Engineering,75
1216,44,70583,2023-06-12,Support,68
1217,59,54000,2022-05-12,Sales,78
1218,62,98336,2018-12-21,Sales,84
1219,57,103869,2015-02-23,Marketing,84
1220,62,93315,2019-09-28,HR,98
1221,30,116716,2017-09-28,Sales,87
1222,63,149664,2021-05-15,Finance,57
1223,60,124611,2022-07-03,Finance,82
1224,43,126038,2022-10-24,Sales,70
1225,59,35482,2015-10-31,Support,90
1226,26,35463,2022-10-03,Finance,86
1227,58,63623,2017-09-03,HR,70
1228,56,79334,2022-07-28,HR,90
1229,56,100028,2021-02-12,Sales,60
1230,63,111554,2023-09-23,Finance,60
1231,30,89518,2021-01-15,Sales,95
1232,62,91440,2018-08-31,Finance,89
1233,61,38210,2022-08-20,Support,61
1234,25,108279,2016-06-18,Engineering,94
1235,29,102124,2019-04-22,Finance,97
1236,50,94089,2020-12-28,Sales,88
1237,45,33321,2017-09-02,Sales,54
1238,25,143816,2019-03-04,Sales,76
1239,63,109190,2020-10-26,HR,79
1240,62,96262,2019-09-02,Finance,98
1241,64,97411,2022-06-28,HR,67
1242,35,99569,2017-04-09,Engineering,53
1243,47,33744,2020-05-26,Support,85
1244,35,127938,2018-09-14,Support,96
1245,45,129239,2019-08-13,Marketing,69
1246,50,46715,2016-10-10,Engineering,64
1247,58,91350,2015-08-15,Finance,51
1248,46,116120,2015-11-26,Finance,59
1249,19,64610,2019-08-15,Marketing,60
1250,30,104637,2018-07-06,Marketing,67
1251,26,135848,2017-12-14,HR,88
1252,45,47154,2017-05-26,Marketing,69
1253,23,90058,2019-09-01,Sales,51
1254,46,60373,2023-09-13,Finance,52
1255,33,123533,2019-12-08,Engineering,89
1256,19,108928,2024-10-20,Marketing,90
1257,29,147154,2017-08-06,Engineering,92
1258,18,78438,2017-11-16,Support,94
1259,32,61705,2015-07-10,Engineering,86
1260,38,67437,2021-12-05,Finance,98
1261,48,135368,2023-05-05,Support,72
1262,41,68392,2020-04-01,Marketing,87
1263,45,40516,2016-12-18,Finance,92
1264,35,130962,2021-11-13,Engineering,94
1265,26,66788,2022-05-03,Engineering,87
1266,47,66027,2016-09-11,Engineering,93
1267,51,130127,2018-03-04,Support,52
1268,20,109003,2024-01-12,Marketing,93
1269,32,84312,2020-11-18,Sales,72
1270,57,45434,2016-08-26,Sales,97
1271,49,105769,2024-02-05,Finance,85
1272,50,138439,2022-02-06,Marketing,88
1273,51,118503,2018-03-25,Engineering,77
1274,54,111926,2023-07-21,Sales,53
1275,54,121703,2015-08-21,Marketing,50
1276,18,114526,2022-06-14,Support,69
1277,36,144332,2015-07-24,Support,59
1278,35,32011,2018-06-20,Engineering,84
1279,60,74014,2020-03-15,Engineering,80
1280,44,124333,2015-05-22,HR,60
1281,55,38767,2017-02-28,HR,54
1282,25,30929,2015-08-20,Finance,97
1283,29,144149,2021-07-10,Sales,50
1284,48,78515,2020-10-28,Engineering,98
1285,62,72417,2020-05-08,Marketing,54
1286,47,72359,2015-07-21,HR,73
1287,20,100188,2023-10-21,Support,53
1288,43,137674,2019-05-31,Support,95
1289,60,102127,2020-09-01,Engineering,76
1290,59,107362,2016-02-26,Support,99
1291,23,109674,2019-12-23,HR,64
1292,47,83161,2019-04-21,Finance,86
1293,54,101849,2017-12-22,Marketing,86
1294,52,57734,2019-09-06,Marketing,55
1295,21,96321,2016-06-20,HR,58
1296,46,91516,2021-11-10,Finance,96
1297,34,89500,2020-07-10,Marketing,81
1298,39,140659,2017-09-08,HR,54
1299,54,45848,2015-07-28,Engineering,98
1300,30,106449,2024-10-25,Support,94
1301,39,116836,2016-04-27,Engineering,72
1302,20,142169,2020-02-07,Sales,83
1303,49,86882,2020-09-11,Engineering,98
1304,38,73949,2015-06-28,HR,93
1305,38,104027,2020-06-15,Sales,60
1306,56,149619,2019-11-14,HR,50
1307,45,60654,2017-01-20,Engineering,73
1308,52,67772,2017-11-04,Support,96
1309,51,56762,2016-07-25,Finance,85
1310,34,115090,2023-11-23,Engineering,67
1311,57,104965,2018-06-19,Finance,73
1312,36,107988,2017-02-07,Support,88
1313,38,48951,2016-08-08,Engineering,77
1314,22,120768,2022-10-14,Support,86
1315,53,122021,2021-04-30,HR,68
1316,44,31140,2020-06-18,Sales,83
1317,28,56421,2018-01-22,HR,94
1318,64,49595,2019-04-03,Support,70
1319,28,56086,2022-11-01,Support,77
1320,22,121088,2017-09-10,HR,69
1321,58,96093,2019-12-28,Support,61
1322,23,127808,2021-11-07,Sales,68
1323,43,90011,2022-09-26,HR,93
1324,49,108405,2017-12-19,Engineering,85
1325,55,88954,2024-03-17,Sales,82
1326,41,32454,2016-03-30,HR,64
1327,44,92154,2020-07-31,HR,99
1328,34,60386,2015-01-13,Support,63
1329,44,124289,2017-10-20,Finance,77
1330,64,36142,2020-05-29,Sales,96
1331,21,71862,2016-01-23,Marketing,94
1332,52,49503,2017-10-21,Support,58
1333,25,112035,2017-10-14,Finance,94
1334,34,32384,2015-04-19,Sales,98
1335,50,132239,2015-04-04,Support,57
1336,36,70510,2016-09-04,Marketing,87
1337,20,98026,2024-09-28,Engineering,54
1338,30,55518,2016-02-06,Marketing,95
1339,48,120102,2021-05-10,HR,65
1340,49,148805,2019-01-30,Sales,78
1341,39,116698,2017-06-28,Sales,52
1342,27,52313,2024-07-22,Marketing,70
1343,33,47611,2021-11-26,Engineering,51
1344,58,82887,2020-01-17,Engineering,84
1345,47,116072,2022-07-27,Sales,79
1346,64,57810,2021-11-21,Engineering,68
1347,25,114761,2021-02-04,Finance,98
1348,57,41590,2019-09-10,Marketing,79
1349,24,42866,2022-10-12,Support,50
1350,53,62792,2023-01-29,Sales,86
1351,18,116156,2015-04-30,HR,89
1352,25,38068,2016-03-05,HR,58
1353,18,50131,2023-10-24,Finance,84
1354,19,45038,2024-03-12,Sales,89
1355,40,107064,2016-08-12,Marketing,83
1356,63,78511,2015-09-18,Sales,53
1357,47,130318,2022-11-09,Support,87
1358,28,49810,2017-08-17,Support,57
1359,20,71869,2020-12-11,Engineering,62
1360,62,40207,2024-12-19,HR,83
1361,62,58220,2016-02-13,Finance,68
1362,55,52031,2024-07-17,Engineering,51
1363,57,101312,2021-02-27,Marketing,83
1364,59,86699,2023-07-03,HR,65
1365,55,135659,2023-09-18,Engineering,51
1366,19,146185,2022-12-08,Engineering,62
1367,64,126158,2023-10-02,Marketing,83
1368,56,98487,2023-11-19,HR,72
1369,31,100263,2015-04-24,HR,76
1370,46,53782,2018-09-19,Sales,88
1371,18,45592,2024-04-22,Marketing,79
1372,30,64324,2018-06-19,Finance,68
1373,36,119400,2018-06-30,Engineering,74
1374,39,60750,2015-06-25,Finance,66
1375,40,118607,2016-02-09,Marketing,59
1376,27,119571,2023-11-15,Finance,57
1377,37,30159,2018-11-05,Finance,99
1378,31,61921,2017-12-01,Support,77
1379,63,137507,2023-09-30,Sales,73
1380,32,76101,2023-02-21,Support,79
1381,21,129532,2023-05-15,HR,72
1382,25,101121,2017-08-31,Support,61
1383,48,42237,2024-08-31,Sales,83
1384,35,103463,2016-07-01,Sales,83
1385,28,37016,2015-05-26,Finance,61
1386,32,142056,2023-10-27,Sales,80
1387,46,61897,2022-02-17,Engineering,67
1388,49,74757,2016-10-02,Marketing,87
1389,34,57990,2019-06-15,Engineering,73
1390,25,52440,2022-06-18,Marketing,55
1391,22,110811,2019-08-08,HR,78
1392,45,136122,2021-07-30,Marketing,50
1393,60,62402,2023-06-19,Sales,58
1394,44,35793,2024-01-01,Engineering,93
1395,21,126867,2015-01-25,Engineering,67
1396,32,120930,2024-01-08,Engineering,62
1397,36,32224,2022-08-11,Support,55
1398,29,139988,2023-03-11,Engineering,66
1399,40,69129,2019-09-12,Support,78
1400,50,140395,2024-10-21,Finance,76
1401,42,53478,2016-10-14,Finance,59
1402,64,124230,2023-10-18,Sales,70
1403,38,128538,2023-05-25,HR,62
1404,54,88272,2015-01-21,Support,73
1405,61,128826,2021-01-31,Finance,66
1406,21,141022,2017-01-16,Engineering,74
1407,47,101368,2021-07-10,Finance,70
1408,37,135426,2015-04-14,Engineering,68
1409,29,96852,2021-02-27,Finance,91
1410,34,47508,2020-07-30,HR,97
1411,56,48971,2018-09-03,Support,90
1412,52,148062,2023-10-21,Marketing,97
1413,35,136239,2020-09-02,HR,63
1414,52,35355,2019-04-11,Marketing,90
1415,24,115992,2023-07-22,Marketing,62
1416,35,57364,2018-07-12,HR,62
1417,53,56654,2017-07-26,HR,51
1418,33,59320,2022-02-06,Engineering,58
1419,55,125690,2023-06-24,Finance,71
1420,50,57747,2018-12-31,Engineering,94
1421,40,137692,2020-03-28,Engineering,94
1422,51,115896,2023-08-27,Marketing,73
1423,25,126035,2017-11-12,Support,67
1424,20,92491,2015-03-05,Support,55
1425,61,88283,2020-02-03,Support,70
1426,45,77591,2018-01-06,Sales,50
1427,53,90948,2018-12-11,Support,92
1428,52,146236,2023-08-03,Sales,98
1429,27,85860,2017-12-13,Marketing,93
1430,64,32100,2020-12-25,HR,59
1431,63,58172,2018-11-05,Sales,86
1432,55,48199,2021-08-13,Support,51
1433,39,38016,2022-09-10,Support,85
1434,31,61881,2015-10-25,Finance,84
1435,42,136882,2017-08-27,Finance,96
1436,55,130368,2020-08-30,Marketing,61
1437,41,42828,2024-03-12,Marketing,92
1438,42,31401,2017-12-23,Marketing,75
1439,55,74864,2023-02-16,Finance,69
1440,45,73791,2016-03-17,Marketing,96
1441,34,138647,2019-01-21,HR,77
1442,29,33866,2023-06-23,Support,91
1443,64,144397,2015-01-14,Support,90
1444,51,60116,2018-10-04,Support,55
1445,24,50447,2015-07-13,Finance,81
1446,42,70992,2018-02-25,Sales,56
1447,29,76607,2021-08-28,Engineering,65
1448,60,85668,2019-01-25,Marketing,85
1449,30,82870,2023-09-06,HR,85
1450,64,83554,2019-07-31,Support,58
1451,49,34426,2020-07-23,Sales,57
1452,50,57606,2020-11-07,Sales,74
1453,25,41308,2023-07-30,Sales,71
1454,21,75671,2022-09-16,Finance,52
1455,46,136984,2020-12-19,Marketing,78
1456,51,117265,2015-01-07,Finance,77
1457,30,63870,2022-07-12,Marketing,72
1458,61,88585,2016-02-19,HR,53
1459,43,51607,2022-06-27,Support,58
1460,22,56423,2018-10-15,Finance,81
1461,37,108257,2024-09-23,HR,60
1462,32,91215,2015-03-11,Engineering,77
1463,39,112152,2020-01-20,Finance,66
1464,43,37659,2020-03-14,HR,56
1465,59,107240,2024-04-02,HR,75
1466,42,76473,2021-06-21,Marketing,94
1467,36,118330,2018-11-19,Finance,62
1468,25,108915,2023-04-28,Marketing,96
1469,48,148171,2021-12-20,Marketing,60
1470,60,95344,2016-10-08,HR,98
1471,64,53091,2024-12-13,Engineering,87
1472,41,53989,2018-07-11,Finance,96
1473,48,110360,2022-06-22,Finance,95
1474,43,138272,2019-02-17,Finance,99
1475,22,35939,2021-02-28,HR,90
1476,28,65063,2021-10-11,Support,82
1477,55,146634,2021-02-13,Engineering,83
1478,32,114703,2019-11-03,Engineering,70
1479,63,57076,2016-01-10,Support,55
1480,55,74605,2015-11-02,HR,71
1481,35,95101,2017-08-16,Support,59
1482,63,97468,2016-08-29,Marketing,80
1483,47,126258,2017-11-24,HR,79
1484,23,96652,2019-06-05,Support,57
1485,61,30492,2019-11-24,Sales,92
1486,61,123344,2017-12-18,HR,66
1487,28,122492,2017-07-27,Finance,99
1488,28,84110,2021-12-08,Support,77
1489,61,138101,2022-08-18,Finance,90
1490,33,42867,2021-11-13,Support,84
1491,43,106221,2023-10-14,Sales,61
1492,28,71316,2018-02-09,HR,74
1493,35,135490,2023-09-11,Engineering,72
1494,55,60873,2020-11-26,Sales,55
1495,21,96155,2021-05-29,Engineering,78
1496,51,64064,2017-11-27,Engineering,92
1497,60,54820,2022-11-13,Sales,65
1498,19,80081,2018-09-09,Marketing,57
1499,30,48793,2018-09-10,Finance,57
1500,47,66191,2020-10-24,Engineering,85
1501,64,93069,2017-07-16,Support,50
1502,60,51542,2021-03-22,Finance,66
1503,37,123783,2018-03-06,Sales,99
1504,39,85388,2015-01-26,Engineering,71
1505,61,107960,2018-09-01,Engineering,86
1506,27,148307,2022-05-10,Sales,86
1507,45,99119,2021-03-02,Marketing,77
1508,59,49710,2023-02-25,Marketing,92
1509,38,48601,2023-08-13,Marketing,89
1510,19,50022,2018-02-09,Finance,57
1511,44,57413,2019-01-04,Support,86
1512,44,139432,2021-11-27,Support,78
1513,20,115867,2015-04-23,HR,62
1514,62,42297,2020-03-12,Sales,85
1515,26,70695,2024-03-07,HR,76
1516,51,97712,2018-03-17,Finance,81
1517,42,122764,2018-11-22,Marketing,56
1518,20,39171,2016-07-30,HR,69
1519,47,136082,2022-10-31,Engineering,98
1520,56,50058,2021-08-01,Finance,75
1521,31,83521,2016-09-24,Marketing,94
1522,46,105731,2023-02-25,Finance,76
1523,35,93811,2024-06-09,Finance,50
1524,18,45417,2023-10-12,HR,75
1525,62,60099,2018-05-21,Support,72
1526,27,42602,2020-07-01,Sales,60
1527,58,116120,2018-08-17,Engineering,54
1528,18,117440,2022-10-11,Sales,71
1529,51,94503,2017-03-25,Engineering,94
1530,58,114700,2023-07-05,Engineering,53
1531,22,86575,2016-01-18,Support,60
1532,38,52626,2015-01-15,Marketing,61
1533,43,138946,2019-08-30,Sales,94
1534,24,119390,2024-02-03,Marketing,56
1535,43,75607,2020-07-07,Support,54
1536,38,100093,2019-09-03,Support,53
1537,40,104601,2022-05-09,Sales,69
1538,32,77857,2015-09-02,Sales,94
1539,46,69464,2016-07-24,Engineering,97
1540,36,124319,2016-09-13,HR,88
1541,63,90315,2024-11-10,HR,95
1542,44,61555,2019-11-09,Marketing,64
1543,52,130772,2017-12-09,Support,50
1544,20,121502,2020-06-28,Support,73
1545,44,75095,2020-09-17,Marketing,85
1546,51,77068,2024-05-05,Finance,73
1547,41,107801,2018-06-15,Support,53
1548,20,46673,2016-09-07,Engineering,98
1549,40,131556,2019-10-10,Engineering,72
1550,62,46964,2022-01-02,Finance,80
1551,58,79976,2019-09-14,Engineering,55
1552,54,91240,2018-10-23,Marketing,59
1553,57,118454,2023-09-25,Sales,88
1554,55,115076,2015-01-17,Sales,69
1555,20,87727,2018-08-02,Engineering,71
1556,64,105715,2021-02-04,Sales,77
1557,29,115029,2019-02-18,Engineering,85
1558,64,115160,2019-09-20,Sales,54
1559,30,123526,2015-06-15,Marketing,99
1560,47,65517,2021-08-15,Sales,86
1561,42,55711,2019-11-24,Marketing,76
1562,31,119272,2021-12-25,Support,97
1563,64,126117,2022-12-09,Finance,85
1564,56,57127,2019-04-06,Finance,71
1565,38,120421,2021-09-16,Engineering,70
1566,25,45088,2019-12-24,Finance,65
1567,48,94425,2020-08-25,HR,59
1568,49,132842,2024-04-16,Support,83
1569,26,104704,2019-01-10,Sales,60
1570,49,42297,2017-02-19,HR,71
1571,34,124019,2017-11-27,Support,97
1572,64,62920,2023-11-23,Sales,70
1573,54,61845,2019-08-23,Finance,98
1574,18,133614,2024-05-28,Support,74
1575,53,63872,2018-08-11,HR,90
1576,41,50583,2021-01-31,Support,64
1577,49,97450,2016-08-19,Support,55
1578,18,121118,2015-06-24,Support,72
1579,56,63276,2016-12-08,Sales,66
1580,51,43050,2017-10-27,Sales,90
1581,46,114040,2019-11-13,Support,62
1582,23,67125,2020-08-15,Finance,69
1583,20,66176,2019-01-27,Support,98
1584,29,48287,2020-12-24,HR,96
1585,62,64998,2023-09-07,Marketing,50
1586,34,135410,2019-11-19,HR,75
1587,32,115091,2023-06-02,Marketing,81
1588,49,63919,2023-08-06,Marketing,53
1589,35,71328,2016-10-31,Finance,68
1590,60,64675,2017-09-09,Engineering,84
1591,57,34173,2017-05-17,Sales,82
1592,31,100305,2020-06-11,HR,53
1593,41,57962,2015-11-03,Finance,78
1594,36,100533,2023-12-18,Finance,82
1595,57,40578,2017-08-25,Sales,50
1596,22,69194,2015-10-07,Sales,65
1597,23,129303,2020-01-15,Marketing,62
1598,52,88002,2015-07-30,Sales,61
1599,33,34986,2017-09-02,Support,92
1600,27,86408,2015-12-09,Sales,69
1601,48,46835,2015-10-06,HR,93
1602,40,121649,2017-11-03,Finance,71
1603,54,73526,2016-08-12,Finance,63
1604,20,41889,2017-10-23,Support,65
1605,36,41442,2022-10-17,Engineering,67
1606,33,46199,2019-11-24,Sales,82
1607,29,49581,2017-01-28,Finance,60
1608,22,127562,2022-01-30,HR,61
1609,34,147637,2020-08-22,HR,82
1610,22,40808,2017-11-10,Engineering,77
1611,31,53620,2016-10-30,Finance,82
1612,58,111938,2016-07-05,HR,71
1613,22,56049,2024-01-24,Marketing,79
1614,64,37846,2021-04-22,Marketing,53
1615,50,76220,2021-12-14,Sales,69
1616,24,111486,2022-06-25,Finance,72
1617,31,118278,2022-06-16,Sales,68
1618,46,133159,2018-10-02,Finance,69
1619,46,85633,2018-12-23,Engineering,59
1620,58,124776,2019-03-09,Finance,57
1621,43,84845,2017-03-27,Finance,78
1622,27,85312,2020-05-15,Finance,51
1623,23,136041,2021-12-29,Finance,54
1624,45,55917,2018-06-19,Support,90
1625,22,143745,2022-06-19,Support,75
1626,37,44256,2019-11-26,Support,76
1627,29,58230,2023-12-24,Support,52
1628,27,52625,2017-07-25,Sales,74
1629,52,71167,2018-08-01,Marketing,51
1630,41,106361,2020-12-07,Support,87
1631,39,120265,2016-09-21,Sales,92
1632,56,124426,2019-11-14,Support,78
1633,64,60949,2015-02-26,Support,69
1634,44,98136,2016-02-06,Finance,69
1635,61,91842,2018-03-24,Marketing,69
1636,52,56990,2022-12-29,Engineering,51
1637,47,49233,2024-04-16,Support,71
1638,20,64510,2015-10-19,Sales,76
1639,27,42360,2015-09-22,Marketing,82
1640,49,124767,2023-05-22,Marketing,55
1641,58,66963,2021-02-19,HR,51
1642,46,70387,2023-04-13,HR,50
1643,36,72137,2016-08-29,Support,74
1644,27,92260,2020-05-06,HR,64
1645,39,32994,2020-03-30,HR,97
1646,38,143530,2019-11-16,Marketing,71
1647,53,114381,2018-04-06,HR,74
1648,62,71243,2022-03-19,Marketing,50
1649,62,72051,2019-05-03,Engineering,56
1650,26,95618,2016-03-23,HR,50
1651,27,107219,2023-09-04,HR,58
1652,62,32093,2019-02-24,Sales,91
1653,49,54351,2019-07-12,Marketing,55
1654,55,139200,2021-01-01,Finance,59
1655,44,114021,2018-03-19,Engineering,99
1656,52,80931,2019-02-17,Marketing,70
1657,42,124574,2017-10-16,Finance,64
1658,21,99212,2017-11-19,Engineering,58
1659,44,120009,2022-08-18,Finance,68
1660,45,74816,2024-11-09,Engineering,92
1661,58,105945,2024-12-05,HR,99
1662,37,92956,2016-01-20,HR,89
1663,56,120480,2023-01-16,Marketing,72
1664,64,92943,2020-05-26,Sales,96
1665,50,118056,2020-05-17,Sales,95
1666,22,147034,2016-03-13,Support,97
1667,51,142935,2022-01-23,HR,60
1668,20,83053,2024-08-02,Marketing,82
1669,28,97087,2019-06-18,Finance,67
1670,47,88671,2019-04-01,Marketing,59
1671,35,56149,2022-03-07,Sales,68
1672,53,37610,2022-09-04,Support,62
1673,63,106162,2019-09-29,Support,59
1674,55,127088,2017-09-09,Finance,76
1675,63,126007,2021-08-16,Sales,95
1676,59,53248,2023-10-07,Sales,58
1677,23,54170,2017-11-15,Finance,74
1678,56,133792,2020-07-15,Sales,77
1679,50,121829,2019-08-16,Finance,86
1680,26,48257,2020-12-31,Support,70
1681,19,50025,2017-09-15,Support,92
1682,55,113961,2015-07-09,HR,89
1683,53,123809,2016-07-01,Sales,92
1684,54,121470,2024-02-08,Finance,77
1685,35,54417,2017-02-15,Marketing,71
1686,28,37352,2017-11-10,Finance,62
1687,21,127493,2017-03-25,Engineering,56
1688,60,59493,2023-12-12,HR,73
1689,21,61707,2021-12-23,Engineering,64
1690,18,55398,2020-10-05,HR,52
1691,31,106709,2022-08-25,Engineering,99
1692,18,97173,2019-06-20,Marketing,87
1693,38,35103,2020-01-30,Support,78
1694,22,130336,2020-07-21,HR,59
1695,45,48452,2022-03-09,HR,99
1696,24,94450,2021-07-05,Marketing,94
1697,64,93059,2020-07-29,Engineering,68
1698,52,149747,2016-05-03,Support,54
1699,18,128499,2017-04-11,Finance,61
1700,44,122471,2018-11-24,HR,91
1701,40,87620,2019-01-17,Finance,73
1702,42,125980,2024-01-16,Engineering,95
1703,49,140431,2017-05-11,Support,54
1704,53,92061,2024-10-02,Engineering,91
1705,59,91753,2020-10-10,Marketing,88
1706,33,60816,2015-01-18,Support,98
1707,38,135276,2023-05-04,Support,58
1708,23,143650,2021-02-22,Sales,94
1709,52,86358,2015-04-29,Finance,71
1710,58,122789,2021-11-01,HR,54
1711,59,62854,2021-11-08,Marketing,66
1712,29,120063,2024-06-28,Sales,52
1713,47,36968,2016-05-31,Support,71
1714,26,141900,2022-10-16,Finance,96
1715,54,123782,2015-01-08,Support,62
1716,49,74589,2023-03-13,Engineering,96
1717,40,84316,2018-11-19,Engineering,66
1718,57,145284,2015-12-06,Marketing,51
1719,54,71605,2017-01-13,HR,93
1720,35,43917,2019-01-13,HR,71
1721,50,94925,2022-09-15,Marketing,66
1722,60,126671,2022-09-23,Sales,91
1723,31,51113,2021-12-01,Engineering,59
1724,64,120226,2024-05-28,Engineering,85
1725,51,76313,2018-07-14,HR,77
1726,28,122365,2018-11-29,HR,88
1727,64,77861,2022-03-02,Finance,68
1728,32,33453,2016-11-26,Support,77
1729,41,73370,2018-04-07,Finance,58
1730,64,115280,2021-03-24,Marketing,82
1731,36,130546,2024-12-14,Finance,59
1732,57,133401,2022-09-09,Finance,50
1733,46,121057,2022-02-18,Finance,83
1734,30,86053,2017-10-19,Finance,50
1735,51,99724,2024-11-26,Support,97
1736,64,62972,2021-01-07,Finance,97
1737,46,67158,2022-10-24,Engineering,73
1738,43,101696,2023-01-30,Marketing,56
1739,30,88692,2018-02-04,HR,75
1740,20,35126,2020-12-29,HR,98
1741,56,120932,2023-07-21,Engineering,50
1742,34,69082,2018-12-30,HR,74
1743,20,70142,2018-11-09,Sales,78
1744,60,40655,2023-04-28,Marketing,75
1745,33,132197,2015-04-07,Engineering,77
1746,26,81831,2021-08-03,Marketing,50
1747,46,63272,2021-10-26,HR,71
1748,33,57048,2021-04-14,Support,93
1749,58,125430,2024-02-01,Sales,63
1750,46,34434,2023-01-29,HR,68
1751,19,148696,2023-02-05,HR,94
1752,32,34994,2016-02-27,Engineering,60
1753,63,67405,2018-07-08,HR,89
1754,35,73442,2022-05-30,Marketing,97
1755,19,107535,2017-08-23,Marketing,57
1756,39,81717,2016-03-05,Sales,61
1757,64,85480,2021-06-12,Engineering,89
1758,53,148094,2019-09-04,Support,77
1759,62,66945,2015-11-04,Engineering,51
1760,30,81756,2023-01-08,Finance,64
1761,37,117999,2021-06-06,Engineering,78
1762,59,140300,2021-04-24,Sales,52
1763,36,144690,2024-01-12,Support,63
1764,57,109930,2018-01-13,Finance,53
1765,28,123305,2015-02-18,Support,80
1766,60,38026,2018-12-08,HR,79
1767,60,63665,2022-07-07,Marketing,98
1768,26,44683,2015-05-12,Engineering,80
1769,51,85612,2018-12-01,Finance,64
1770,42,122067,2024-06-01,Support,57
1771,26,46633,2017-11-16,Support,86
1772,62,89197,2016-06-09,Support,88
1773,49,41577,2019-08-23,HR,66
1774,52,93972,2023-07-26,Marketing,68
1775,61,49996,2015-04-23,Engineering,56
1776,45,65710,2017-05-26,Sales,77
1777,23,65740,2018-04-07,Marketing,66
1778,33,106502,2018-09-29,Support,80
1779,20,146500,2017-09-24,Support,75
1780,53,96025,2022-05-10,Support,86
1781,39,148333,2024-03-18,Support,91
1782,29,89049,2015-05-23,Engineering,62
1783,28,62821,2022-12-03,Finance,65
1784,25,46999,2021-04-12,Marketing,89
1785,62,63722,2019-09-30,Finance,51
1786,47,106509,2016-06-28,Marketing,61
1787,27,73307,2015-10-06,Marketing,60
1788,32,51839,2024-04-17,Marketing,66
1789,43,114481,2022-03-29,Support,99
1790,29,79522,2019-06-08,Sales,75
1791,40,141249,2017-09-11,Support,81
1792,55,106280,2015-11-03,Marketing,96
1793,20,81877,2019-07-25,Engineering,52
1794,47,52588,2022-12-08,Finance,50
1795,47,77788,2018-03-19,HR,81
1796,45,74948,2017-09-04,Finance,95
1797,30,96458,2020-06-19,Marketing,85
1798,24,103493,2024-02-08,Marketing,59
1799,56,144100,2021-04-26,HR,64
1800,32,73395,2020-01-09,Marketing,81
1801,40,67701,2016-04-02,Engineering,73
1802,37,79145,2022-04-05,Marketing,86
1803,37,30203,2020-09-18,Finance,82
1804,45,59063,2016-09-19,HR,50
1805,54,135022,2017-05-04,Engineering,71
1806,23,110764,2015-04-04,Engineering,70
1807,49,111570,2016-06-28,Engineering,64
1808,22,49259,2022-10-07,HR,95
1809,23,32103,2022-02-18,Engineering,95
1810,57,128046,2022-05-23,Support,78
1811,24,42391,2023-11-15,HR,62
1812,55,127537,2022-09-17,Engineering,57
1813,28,80357,2015-10-13,Support,87
1814,44,123459,2016-05-04,Engineering,61
1815,60,63724,2021-11-24,Support,80
1816,44,134927,2018-07-01,Engineering,59
1817,20,67228,2018-02-16,Support,76
1818,52,140942,2018-10-13,HR,64
1819,33,114748,2021-09-30,HR,98
1820,52,141603,2018-06-03,Support,60
1821,38,100130,2020-07-07,Marketing,60
1822,47,44334,2019-01-15,Support,97
1823,52,143237,2018-07-15,Sales,87
1824,48,73469,2015-10-01,Engineering,73
1825,49,144019,2023-07-14,Sales,81
1826,32,66607,2017-04-09,Engineering,92
1827,52,76287,2015-03-05,Sales,54
1828,38,123308,2022-03-20,Finance,59
1829,36,106312,2019-11-21,Sales,53
1830,46,100014,2021-02-21,HR,68
1831,60,66289,2019-08-15,Marketing,59
1832,60,86984,2019-01-04,Finance,69
1833,36,41094,2019-08-06,Support,73
1834,28,35741,2023-01-24,Sales,83
1835,45,98798,2024-05-16,Marketing,54
1836,38,65595,2019-02-16,Finance,99
1837,21,125989,2016-03-13,Sales,98
1838,59,82691,2019-11-02,HR,87
1839,42,55613,2020-10-18,Engineering,60
1840,49,124090,2020-03-01,Engineering,67
1841,44,76646,2024-03-24,Marketing,67
1842,40,121051,2019-02-08,Support,54
1843,40,146136,2018-08-08,Finance,74
1844,58,59877,2023-09-02,Sales,59
1845,39,105602,2018-01-28,HR,50
1846,24,69104,2016-09-24,Engineering,64
1847,57,91845,2023-08-06,HR,71
1848,64,140684,2019-10-14,Sales,95
1849,31,148193,2016-06-06,HR,69
1850,50,104102,2023-06-09,HR,92
1851,32,116795,2024-06-19,Engineering,89
1852,37,86541,2016-07-29,HR,87
1853,20,135627,2024-06-18,Marketing,75
1854,47,132412,2016-11-30,HR,62
1855,19,55380,2022-04-26,Sales,98
1856,55,83027,2019-04-08,Marketing,75
1857,28,54519,2019-03-02,HR,93
1858,57,148570,2022-12-23,Engineering,71
1859,37,53559,2022-01-23,Engineering,78
1860,57,119049,2019-03-20,HR,79
1861,34,51119,2015-02-19,HR,69
1862,33,55517,2024-08-02,HR,92
1863,24,112895,2016-05-23,Finance,94
1864,64,84199,2024-06-19,Support,97
1865,44,135686,2015-02-11,Sales,73
1866,26,94418,2019-05-16,Marketing,69
1867,54,145945,2019-10-30,Support,66
1868,64,82446,2023-07-28,Marketing,57
1869,32,57230,2021-06-10,Engineering,79
1870,63,85571,2019-12-22,Finance,88
1871,29,108768,2019-07-30,Engineering,66
1872,59,62093,2021-06-11,Marketing,78
1873,36,149277,2024-02-25,Support,60
1874,51,117985,2015-12-30,Finance,56
1875,61,147305,2015-03-09,Finance,83
1876,37,99681,2024-10-03,HR,87
1877,41,141497,2018-12-15,Sales,81
1878,32,49539,2022-06-07,Sales,52
1879,54,95149,2019-02-27,Marketing,89
1880,25,84567,2017-08-05,HR,93
1881,40,91799,2018-12-21,Engineering,60
1882,63,144879,2023-02-23,Finance,57
1883,46,129165,2024-05-30,HR,59
1884,56,140107,2021-07-26,HR,98
1885,53,87980,2017-01-30,Engineering,62
1886,49,34131,2021-07-19,Engineering,86
1887,43,41349,2019-02-08,Engineering,53
1888,48,68225,2015-11-09,HR,87
1889,41,107694,2015-11-27,Sales,72
1890,39,74673,2023-02-06,Finance,80
1891,28,130315,2021-01-16,Engineering,95
1892,49,53741,2019-02-20,Marketing,54
1893,55,64057,2017-05-09,HR,89
1894,63,89287,2021-06-22,Marketing,84
1895,61,115103,2016-05-27,Engineering,72
1896,34,49520,2015-11-12,Finance,80
1897,48,103193,2015-06-17,Finance,91
1898,51,145464,2021-03-23,Finance,71
1899,30,100744,2023-09-11,Finance,97
1900,35,58018,2019-11-14,Marketing,61
1901,57,103616,2023-09-24,Sales,64
1902,59,39486,2024-03-01,HR,64
1903,56,135996,2015-11-01,HR,66
1904,49,130744,2022-03-07,Finance,89
1905,37,94729,2022-04-30,Sales,76
1906,38,84353,2021-05-12,Marketing,62
1907,33,110072,2020-03-17,Marketing,61
1908,61,147797,2024-02-20,HR,68
1909,24,61480,2016-09-20,HR,84
1910,35,41151,2023-03-15,Sales,88
1911,21,62954,2023-01-27,Engineering,74
1912,49,139373,2023-04-27,Support,89
1913,30,123036,2021-05-27,Engineering,66
1914,54,101045,2015-07-05,Finance,68
1915,30,110059,2021-02-03,Support,75
1916,31,31630,2020-02-10,Support,53
1917,56,76151,2024-12-22,Marketing,74
1918,30,97231,2020-01-20,Engineering,87
1919,55,111972,2020-02-27,Finance,79
1920,20,119499,2020-07-01,Finance,52
1921,62,36901,2024-05-21,Sales,83
1922,33,38597,2021-12-15,Marketing,81
1923,55,102391,2016-04-12,HR,57
1924,23,55805,2024-10-29,Finance,81
1925,52,123065,2016-05-06,Marketing,52
1926,29,125408,2020-09-02,Sales,80
1927,46,42100,2021-02-21,Finance,74
1928,58,122446,2017-10-06,HR,70
1929,37,49942,2023-07-16,Marketing,71
1930,21,83772,2024-07-14,Marketing,94
1931,59,127905,2021-05-04,Support,98
1932,37,48931,2018-12-17,Finance,62
1933,34,72933,2018-11-30,Marketing,85
1934,50,99504,2022-01-05,Engineering,64
1935,30,143936,2021-09-10,Finance,73
1936,25,134433,2021-06-05,Marketing,76
1937,62,135750,2015-05-17,HR,95
1938,25,121911,2017-02-11,Finance,75
1939,64,106474,2021-01-21,Marketing,62
1940,56,143892,2022-09-25,Engineering,98
1941,45,101128,2017-09-15,Marketing,65
1942,19,106533,2016-06-24,Finance,67
1943,34,82509,2016-08-15,Sales,88
1944,30,69519,2021-03-25,Engineering,99
1945,46,126493,2018-08-11,Support,79
1946,35,131132,2019-03-26,HR,92
1947,38,94093,2021-05-05,Engineering,70
1948,34,123095,2024-08-07,Engineering,68
1949,32,125432,2018-04-17,HR,59
1950,61,134926,2021-05-20,Support,72
1951,47,83664,2022-08-22,Marketing,58
1952,64,49456,2018-12-06,Support,93
1953,52,76922,2019-06-24,Marketing,83
1954,33,121400,2020-02-02,Marketing,81
1955,32,93627,2020-08-28,Marketing,82
1956,62,119037,2021-12-31,Marketing,57
1957,25,48074,2018-04-29,Support,61
1958,18,126362,2024-11-08,Marketing,89
1959,59,46061,2023-09-01,Engineering,60
1960,56,143502,2019-01-30,Finance,66
1961,50,138959,2020-02-16,Marketing,78
1962,38,99460,2022-06-14,Engineering,89
1963,40,105319,2018-09-23,Finance,55
1964,39,43233,2020-11-25,Sales,87
1965,54,55068,2018-09-08,Sales,57
1966,58,138464,2024-03-10,Support,84
1967,28,53383,2023-03-23,Marketing,98
1968,38,53666,2016-05-21,HR,51
1969,57,64642,2016-10-03,Engineering,88
1970,45,40234,2022-02-24,Finance,66
1971,23,41410,2023-08-11,HR,87
1972,45,140529,2024-04-12,Finance,87
1973,54,86563,2021-03-11,Engineering,53
1974,39,107475,2017-09-25,Engineering,62
1975,49,125184,2015-06-08,Sales,90
1976,53,68134,2022-07-30,Engineering,95
1977,36,117225,2018-03-16,Engineering,84
1978,63,119959,2021-09-02,Marketing,77
1979,18,31961,2023-06-14,Finance,67
1980,57,106384,2023-03-25,HR,61
1981,25,34567,2018-04-02,Sales,65
1982,21,50389,2020-06-23,Engineering,93
1983,44,91576,2019-10-19,Sales,96
1984,33,112103,2021-10-02,Finance,61
1985,48,118535,2019-11-28,Marketing,63
1986,62,135982,2022-11-24,Marketing,83
1987,20,96809,2017-02-28,Sales,73
1988,59,80248,2017-01-03,Engineering,75
1989,37,128239,2015-06-07,HR,89
1990,27,61954,2018-12-25,Finance,52
1991,41,137524,2021-01-03,Marketing,52
1992,44,40703,2022-02-14,Marketing,98
1993,32,113106,2016-05-20,Support,61
1994,58,74724,2017-11-05,Sales,93
1995,43,109534,2015-08-12,Finance,83
1996,40,48782,2024-09-14,Sales,99
1997,37,107963,2018-05-11,Marketing,72
1998,21,50566,2021-03-30,HR,97
1999,18,137765,2016-09-06,Finance,74
2000,19,34765,2016-12-30,Support,52
2001,38,141576,2022-11-27,Finance,69
2002,39,43780,2023-09-11,Finance,82
2003,55,134188,2020-11-28,Sales,64
2004,63,84195,2016-01-26,Finance,64
2005,63,53576,2020-09-20,HR,70
2006,41,55464,2019-10-06,Finance,54
2007,23,65440,2017-08-27,Engineering,92
2008,61,71430,2017-03-24,Marketing,53
2009,44,55105,2017-03-07,Support,70
2010,45,43026,2017-09-18,Marketing,71
2011,57,105414,2018-08-21,Support,52
2012,57,86561,2021-08-08,Support,59
2013,42,37347,2024-04-14,Sales,98
2014,25,85798,2017-11-14,HR,60
2015,22,85161,2019-12-07,HR,94
2016,54,142695,2019-03-26,Marketing,94
2017,55,50316,2024-12-06,Support,54
2018,26,60266,2015-12-27,Support,97
2019,19,54000,2022-12-14,Finance,89
2020,47,35898,2016-03-11,Sales,77
2021,61,133243,2015-05-22,Sales,88
2022,43,40956,2016-04-26,Finance,57
2023,45,99497,2018-10-04,Finance,79
2024,26,71574,2024-10-12,Finance,80
2025,38,113639,2020-09-16,Engineering,96
2026,51,141862,2022-11-09,Support,80
2027,42,138107,2020-10-31,Engineering,50
2028,39,116567,2020-06-21,Marketing,86
2029,64,48816,2023-11-27,Support,50
2030,59,102373,2019-08-14,HR,91
2031,38,35454,2024-09-03,Support,66
2032,39,137173,2019-06-13,Support,84
2033,62,92671,2015-03-15,Marketing,57
2034,64,132928,2021-02-27,Engineering,75
2035,30,38848,2020-11-29,Marketing,87
2036,34,149279,2022-03-23,Support,63
2037,62,147509,2024-07-18,Marketing,84
2038,63,135997,2023-12-23,Sales,96
2039,25,140012,2023-10-20,Support,64
2040,44,79420,2022-07-26,Finance,98
2041,48,39460,2023-01-03,Sales,84
2042,23,43269,2024-12-15,Engineering,98
2043,40,102920,2023-07-17,Engineering,83
2044,43,54366,2019-04-10,HR,54
2045,43,41795,2022-11-30,HR,55
2046,23,98154,2023-06-30,Support,99
2047,35,105139,2017-04-11,HR,66
2048,31,88829,2023-07-01,Engineering,62
2049,24,44719,2020-10-25,Finance,93
2050,32,42306,2024-02-13,Support,92
2051,64,47387,2017-12-08,Marketing,84
2052,34,81618,2024-01-04,Marketing,68
2053,37,48019,2015-05-13,Marketing,84
2054,49,141023,2021-05-22,Finance,93
2055,57,76999,2021-12-25,Support,66
2056,24,143002,2023-01-12,Finance,99
2057,18,130706,2022-06-07,Finance,81
2058,53,139708,2022-06-14,HR,55
2059,31,130260,2019-12-28,Engineering,97
2060,32,142366,2023-08-11,Engineering,53
2061,57,87530,2021-05-06,Marketing,65
2062,45,126143,2022-08-29,Engineering,53
2063,62,143497,2019-04-22,Support,77
2064,49,146972,2017-09-21,HR,51
2065,48,141362,2023-08-11,HR,57
2066,41,99390,2023-06-29,Marketing,92
2067,48,110072,2024-10-20,Support,88
2068,62,80113,2023-09-16,Finance,57
2069,24,66343,2016-10-06,Support,93
2070,56,63769,2018-11-25,Sales,65
2071,52,49229,2015-12-18,Sales,59
2072,55,88001,2024-01-18,Sales,99
2073,22,111780,2018-08-29,Finance,78
2074,56,118635,2024-08-03,HR,83
2075,60,70317,2018-02-09,Marketing,94
2076,40,87796,2018-03-24,Sales,79
2077,23,31657,2017-12-21,Sales,95
2078,61,82227,2020-12-10,Support,78
2079,40,113973,2015-11-02,Sales,81
2080,59,49601,2020-04-26,Support,64
2081,57,101545,2022-08-16,HR,81
2082,26,146452,2023-09-07,HR,59
2083,37,137525,2021-03-26,Engineering,97
2084,20,147865,2015-07-26,Marketing,60
2085,60,125632,2016-10-15,Sales,81
2086,21,51438,2022-09-03,Support,53
2087,34,63576,2017-06-10,HR,68
2088,22,89807,2024-11-06,Engineering,71
2089,23,123474,2021-06-06,Marketing,71
2090,18,50435,2016-05-14,Marketing,71
2091,28,145660,2015-10-17,Engineering,91
2092,20,43704,2017-02-18,Marketing,61
2093,40,139837,2017-04-24,Finance,82
2094,35,142752,2024-05-23,Finance,90
2095,26,31814,2023-11-21,Support,59
2096,36,46508,2020-09-28,Engineering,96
2097,22,143710,2021-05-01,HR,72
2098,47,93768,2019-01-15,HR,77
2099,51,61980,2016-09-27,Sales,97
2100,64,115016,2015-02-05,Engineering,59
2101,31,115481,2023-05-25,Sales,95
2102,47,140966,2020-01-28,Support,90
2103,42,55933,2022-01-27,Engineering,84
2104,51,138297,2017-04-13,HR,84
2105,28,142138,2015-03-18,Finance,70
2106,38,70149,2019-07-10,Marketing,94
2107,24,126758,2015-06-13,Finance,66
2108,19,77947,2015-05-10,Engineering,91
2109,35,134501,2015-08-31,Sales,60
2110,33,54816,2019-02-03,HR,67
2111,52,145700,2022-05-12,Support,75
2112,33,77365,2019-12-07,Sales,93
2113,60,55006,2022-05-01,Marketing,96
2114,59,46459,2019-12-13,Support,62
2115,21,94486,2023-07-03,Engineering,51
2116,43,34922,2021-04-09,Marketing,76
2117,44,34686,2018-07-21,HR,57
2118,24,61422,2017-07-18,Engineering,96
2119,63,116590,2019-05-08,Finance,89
2120,29,46524,2024-08-03,Marketing,92
2121,34,76142,2022-07-15,Marketing,66
2122,53,90372,2022-09-30,Sales,57
2123,22,79241,2018-06-10,Finance,65
2124,53,98379,2020-01-07,Support,78
2125,64,124283,2023-10-15,Finance,86
2126,47,123846,2020-08-29,Sales,65
2127,31,145657,2021-11-25,Finance,56
2128,62,82347,2020-11-23,HR,86
2129,46,116210,2022-06-09,Marketing,64
2130,53,111326,2023-04-29,Support,95
2131,36,42748,2022-06-30,Support,91
2132,38,83311,2016-07-01,Sales,86
2133,44,53862,2022-05-20,Finance,78
2134,37,110152,2021-10-07,Marketing,55
2135,53,33969,2017-10-12,Sales,71
2136,49,71743,2018-05-03,Marketing,67
2137,22,137445,2019-04-27,Engineering,85
2138,47,46428,2020-02-21,Engineering,68
2139,40,138577,2019-03-07,Support,62
2140,60,137325,2015-02-08,Finance,78
2141,53,65349,2024-08-11,HR,96
2142,53,75896,2017-09-26,Engineering,88
2143,36,43861,2018-12-31,Finance,55
2144,64,131710,2019-12-20,HR,69
2145,26,113231,2020-02-14,HR,53
2146,35,58164,2017-01-25,Marketing,69
2147,40,53165,2023-06-11,Engineering,60
2148,54,128581,2020-01-27,Engineering,53
2149,46,74331,2019-11-19,Sales,83
2150,30,69560,2017-01-07,Sales,91
2151,48,105910,2015-07-31,HR,53
2152,36,136985,2016-10-19,Sales,79
2153,48,107986,2021-09-30,Engineering,70
2154,48,76418,2018-06-16,Marketing,80
2155,49,52337,2020-03-18,Support,59
2156,19,130667,2021-11-10,Engineering,73
2157,34,68751,2015-08-19,Sales,65
2158,33,119389,2016-12-11,Support,88
2159,48,33178,2020-10-11,Sales,73
2160,18,133306,2017-05-27,HR,70
2161,21,82550,2024-03-22,Engineering,75
2162,64,120417,2018-08-30,Engineering,61
2163,48,41984,2023-08-24,Support,82
2164,28,113291,2016-04-03,Marketing,81
2165,18,132958,2018-03-25,HR,77
2166,59,118774,2023-07-08,Engineering,51
2167,59,128071,2019-10-20,Finance,53
2168,61,40770,2020-04-01,HR,75
2169,28,139863,2019-11-06,Sales,99
2170,60,103034,2015-12-06,HR,94
2171,20,111931,2019-03-12,Support,52
2172,59,114762,2024-04-09,HR,98
2173,19,119904,2019-05-08,Finance,65
2174,19,78443,2017-05-28,Sales,79
2175,37,86997,2019-08-04,Finance,77
2176,42,92559,2015-03-05,Engineering,59
2177,59,141399,2015-10-19,Engineering,82
2178,30,63783,2015-08-10,Sales,90
2179,59,81502,2016-08-21,Engineering,86
2180,33,129564,2015-11-09,HR,71
2181,37,89754,2019-02-23,Sales,76
2182,58,124543,2018-10-19,Marketing,83
2183,49,84745,2022-08-21,Support,74
2184,19,35543,2016-05-17,Sales,58
2185,29,81033,2021-08-04,Sales,58
2186,27,138383,2017-09-13,Marketing,83
2187,37,102742,2015-01-19,Support,51
2188,18,142050,2015-10-07,Finance,85
2189,41,93477,2016-09-25,Marketing,76
2190,19,56270,2016-08-28,Marketing,63
2191,19,37452,2017-06-25,Finance,64
2192,29,57236,2022-08-26,Sales,77
2193,37,97708,2015-12-27,Marketing,88
2194,41,123076,2019-08-18,Finance,59
2195,63,41085,2023-07-05,Marketing,86
2196,35,89095,2017-10-17,Support,63
2197,51,35247,2022-05-21,HR,61
2198,39,36135,2016-06-08,Engineering,55
2199,53,109267,2023-04-20,Finance,71
2200,31,73646,2017-05-01,Sales,65
2201,53,83687,2019-02-26,Engineering,74
2202,49,57564,2018-08-11,HR,85
2203,37,37697,2023-10-11,Support,87
2204,20,47046,2018-05-22,Sales,81
2205,62,83370,2024-04-18,Engineering,65
2206,22,106436,2022-02-02,Support,89
2207,31,91158,2018-03-12,Sales,80
2208,31,108533,2018-03-11,Marketing,61
2209,33,141952,2017-02-12,Marketing,94
2210,40,114284,2017-10-01,Sales,56
2211,63,134223,2020-03-05,Finance,64
2212,61,55256,2019-11-23,Sales,96
2213,61,63377,2017-10-03,Finance,54
2214,62,66634,2024-06-29,Marketing,72
2215,57,86063,2018-05-19,Support,63
2216,32,140634,2023-10-27,Sales,82
2217,48,43666,2016-05-09,Sales,66
2218,45,140674,2021-02-14,Finance,95
2219,40,96471,2015-02-21,HR,62
2220,37,73298,2015-06-09,Engineering,54
2221,26,78924,2020-10-23,Sales,55
2222,42,70542,2016-09-17,HR,71
2223,19,109788,2021-08-14,Finance,54
2224,44,45960,2022-10-27,Finance,57
2225,18,62467,2016-12-25,HR,93
2226,40,92047,2019-01-21,Finance,60
2227,56,34078,2019-04-16,Sales,73
2228,28,79052,2017-03-06,Engineering,75
2229,33,135058,2023-09-12,Marketing,69
2230,63,64754,2020-08-18,HR,50
2231,64,54704,2019-02-15,Engineering,66
2232,19,124108,2021-06-02,Sales,69
2233,23,99639,2022-12-24,Support,78
2234,50,77234,2021-05-02,Support,84
2235,22,35594,2018-10-28,HR,93
2236,29,77315,2021-09-08,Support,94
2237,37,131448,2017-01-18,HR,88
2238,21,46626,2017-06-11,Finance,68
2239,55,37130,2020-03-15,Marketing,94
2240,60,137148,2023-06-14,Sales,62
2241,39,47883,2024-09-18,Marketing,96
2242,62,91269,2017-11-25,HR,92
2243,36,115959,2022-06-30,Marketing,57
2244,59,47241,2018-09-19,Sales,97
2245,43,74950,2017-07-08,Marketing,92
2246,30,129227,2016-05-31,Sales,58
2247,37,93927,2015-06-05,Sales,68
2248,56,69346,2017-09-29,Support,61
2249,32,42254,2018-08-12,HR,63
2250,28,106441,2023-02-22,Finance,91
2251,44,111418,2020-12-06,Finance,87
2252,51,124634,2022-08-02,Engineering,68
2253,23,129245,2023-09-28,Support,87
2254,59,113163,2019-03-27,Engineering,50
2255,52,109079,2022-10-22,HR,57
2256,64,95911,2015-04-04,HR,56
2257,28,118422,2022-09-18,Support,53
2258,42,128187,2015-04-27,Support,75
2259,55,60573,2017-12-08,HR,61
2260,60,107362,2021-10-24,Sales,86
2261,63,148580,2023-10-01,HR,73
2262,33,146600,2017-11-15,Finance,62
2263,42,87724,2020-11-11,HR,53
2264,28,68367,2023-05-10,Engineering,98
2265,24,120477,2015-03-22,Engineering,60
2266,45,60133,2023-12-28,Sales,90
2267,40,57052,2023-01-31,Marketing,72
2268,45,112666,2023-05-06,Engineering,96
2269,43,47304,2023-11-24,Finance,78
2270,36,37008,2020-10-12,Engineering,85
2271,31,147069,2018-06-07,HR,84
2272,47,50827,2024-04-05,Marketing,66
2273,20,108543,2015-04-03,Sales,95
2274,47,65315,2023-12-12,Support,78
2275,62,44414,2016-08-08,HR,95
2276,42,30946,2024-04-09,Finance,87
2277,59,145194,2023-10-13,Marketing,96
2278,55,41350,2017-10-19,HR,74
2279,59,131894,2022-10-15,HR,71
2280,34,58369,2016-04-28,Sales,98
2281,58,59001,2015-09-06,HR,59
2282,24,117535,2023-06-08,Engineering,99
2283,55,52490,2024-01-30,Marketing,82
2284,18,35867,2023-04-10,Support,83
2285,21,121024,2024-11-27,Sales,53
2286,60,104229,2020-06-08,Finance,75
2287,21,40310,2023-02-27,Engineering,79
2288,26,126444,2016-08-20,Engineering,84
2289,25,123948,2021-07-22,Marketing,73
2290,36,147027,2017-05-16,HR,99
2291,60,133706,2017-03-04,Finance,81
2292,31,91816,2017-04-02,Marketing,67
2293,45,30507,2017-02-22,Engineering,78
2294,33,41618,2021-08-06,Engineering,96
2295,48,60979,2016-07-22,HR,86
2296,34,82774,2017-04-17,Engineering,97
2297,63,58633,2021-11-29,Support,97
2298,56,111384,2017-07-02,Marketing,53
2299,47,103373,2020-04-22,Finance,71
2300,28,149873,2017-01-13,Support,93
2301,29,69133,2024-06-18,Finance,85
2302,35,143753,2022-04-21,Finance,56
2303,18,73390,2019-01-11,Support,75
2304,40,35209,2024-02-21,Marketing,94
2305,23,116597,2021-07-28,Finance,93
2306,25,107463,2022-09-17,Finance,71
2307,36,104852,2019-01-28,Marketing,67
2308,48,37933,2022-01-15,HR,86
2309,47,70696,2018-11-22,HR,91
2310,50,36089,2022-03-07,Support,86
2311,29,37797,2022-02-05,Engineering,79
2312,44,115414,2023-05-20,HR,58
2313,38,138278,2023-02-07,Marketing,78
2314,50,64493,2019-05-10,Support,64
2315,19,52195,2016-09-15,Engineering,88
2316,61,120385,2020-11-01,Sales,52
2317,24,78849,2020-11-13,HR,93
2318,55,133844,2016-05-19,Sales,82
2319,61,128234,2015-01-05,Finance,80
2320,28,100211,2024-07-22,HR,67
2321,21,92320,2016-02-21,Finance,83
2322,46,134407,2023-08-05,Engineering,71
2323,19,49627,2021-10-30,Finance,55
2324,59,82248,2019-12-10,Sales,70
2325,33,117902,2020-09-10,Support,63
2326,56,105163,2017-01-16,Sales,81
2327,45,108002,2017-07-04,Marketing,98
2328,26,137449,2020-11-29,HR,94
2329,39,102095,2015-04-18,Support,54
2330,40,126452,2015-12-23,Finance,91
2331,49,107242,2023-03-07,Marketing,59
2332,56,148542,2017-09-25,Sales,56
2333,46,81322,2016-08-12,Engineering,96
2334,20,76418,2021-06-29,Sales,59
2335,45,120140,2024-02-28,Support,64
2336,52,41781,2024-10-27,HR,61
2337,64,66133,2020-12-06,Sales,62
2338,46,106946,2015-05-20,Support,52
2339,25,118583,2019-03-11,Marketing,69
2340,64,117939,2017-10-11,Finance,70
2341,20,112476,2019-09-19,Marketing,57
2342,40,41279,2017-08-23,Sales,62
2343,20,82719,2015-02-16,Finance,58
2344,31,86652,2024-04-24,Finance,56
2345,32,71798,2023-02-06,Marketing,87
2346,51,49880,2020-12-12,HR,71
2347,41,44308,2020-04-01,HR,93
2348,18,65081,2018-04-03,Support,92
2349,33,39837,2016-09-28,Finance,57
2350,42,63073,2015-11-18,Sales,61
2351,42,123648,2016-01-07,HR,75
2352,63,60063,2024-08-29,Sales,63
2353,58,98472,2016-08-31,Marketing,72
2354,60,124341,2016-02-19,Engineering,96
2355,22,56026,2015-08-07,Marketing,74
2356,35,82413,2018-04-23,HR,62
2357,60,89213,2016-06-13,Support,77
2358,35,143978,2016-03-04,HR,77
2359,44,76751,2015-02-05,Support,96
2360,26,60951,2020-10-03,Sales,81
2361,37,89872,2022-12-27,Marketing,53
2362,63,92712,2017-01-20,Marketing,83
2363,20,137399,2016-06-15,Finance,55
2364,33,134215,2017-11-18,Marketing,97
2365,56,114573,2017-03-26,Support,94
2366,30,70644,2018-08-22,HR,74
2367,37,96677,2017-10-04,Sales,67
2368,64,114817,2019-10-27,Finance,51
2369,27,130342,2019-12-05,Marketing,94
2370,64,72814,2016-02-24,HR,61
2371,64,69884,2023-09-16,Marketing,99
2372,64,130088,2021-08-03,Sales,60
2373,36,124242,2024-03-31,Marketing,88
2374,43,69661,2022-05-16,Support,63
2375,62,105179,2019-07-11,Finance,73
2376,58,75760,2022-03-15,Finance,92
2377,39,91078,2019-08-16,HR,68
2378,35,85371,2017-10-02,Marketing,77
2379,45,138475,2018-09-16,Finance,82
2380,36,43851,2016-12-25,Sales,98
2381,54,44745,2024-09-17,HR,84
2382,51,128430,2017-12-24,HR,84
2383,57,49023,2016-07-25,Finance,87
2384,30,111533,2017-11-04,Support,72
2385,39,134975,2022-12-08,Sales,77
2386,52,50923,2021-12-05,HR,94
2387,63,32887,2023-02-23,Engineering,93
2388,39,132484,2021-11-15,Marketing,75
2389,57,58756,2020-10-24,Engineering,74
2390,58,40304,2024-07-14,Support,55
2391,40,47010,2020-03-30,Support,72
2392,60,79002,2015-07-01,Support,72
2393,49,129485,2022-01-18,Marketing,62
2394,60,33729,2016-11-19,HR,72
2395,32,115216,2021-03-22,Finance,70
2396,56,51398,2020-06-27,Support,76
2397,62,131291,2018-07-04,Sales,67
2398,41,128162,2023-08-05,Engineering,96
2399,57,132834,2020-01-21,Support,91
2400,24,31073,2015-07-14,Marketing,97
2401,37,130997,2020-11-01,HR,76
2402,26,99876,2015-06-20,Support,94
2403,48,98116,2019-08-19,HR,75
2404,57,32159,2022-12-12,Marketing,94
2405,30,106976,2017-09-13,Support,72
2406,37,77204,2020-04-12,Support,77
2407,34,103755,2018-06-24,Sales,90
2408,19,60232,2019-11-03,Finance,99
2409,58,130485,2022-03-20,Marketing,60
2410,55,30901,2015-01-15,Finance,94
2411,28,113597,2021-06-11,Finance,51
2412,57,141362,2015-03-18,Support,84
2413,50,123847,2024-10-05,Support,68
2414,35,137760,2023-09-24,HR,73
2415,62,80210,2021-10-28,Engineering,50
2416,53,132552,2023-05-12,Sales,94
2417,60,115473,2015-10-27,Support,74
2418,33,121873,2020-12-16,Sales,78
2419,36,93382,2023-07-30,Marketing,68
2420,42,83775,2023-12-24,Finance,58
2421,18,67344,2016-09-17,Engineering,83
2422,33,54299,2023-02-14,Finance,89
2423,35,111441,2015-07-02,HR,74
2424,62,70581,2018-01-15,Support,70
2425,23,44175,2017-09-04,Support,90
2426,60,114518,2016-04-15,Engineering,80
2427,59,145721,2021-12-23,Sales,79
2428,35,116971,2018-05-24,HR,73
2429,26,79630,2024-03-26,Marketing,64
2430,21,140782,2023-11-24,Sales,89
2431,26,139164,2018-02-24,Sales,58
2432,43,88755,2022-07-03,Support,66
2433,33,103870,2018-05-28,HR,84
2434,22,126502,2019-03-19,Marketing,54
2435,37,68990,2022-10-02,Support,67
2436,64,115761,2015-06-28,Engineering,78
2437,30,135219,2022-07-20,Sales,91
2438,62,45689,2018-01-23,Finance,80
2439,58,125239,2016-02-09,Sales,52
2440,63,110639,2016-08-15,Finance,58
2441,47,145828,2016-06-08,Support,60
2442,52,139028,2022-04-10,Marketing,91
2443,30,88531,2015-10-21,Finance,62
2444,29,46932,2021-12-05,HR,59
2445,26,142947,2021-06-26,Marketing,56
2446,19,62567,2017-05-14,Sales,72
2447,56,89199,2022-11-16,Engineering,88
2448,38,47558,2023-09-06,Engineering,78
2449,31,95497,2020-05-03,HR,54
2450,48,52616,2019-10-24,Sales,80
2451,37,32795,2021-08-04,Marketing,66
2452,62,102833,2018-07-23,HR,74
2453,30,125865,2020-04-16,Support,88
2454,45,31129,2017-01-02,Support,55
2455,20,139241,2020-08-31,Engineering,84
2456,35,62330,2023-10-01,Sales,69
2457,22,100610,2022-04-05,Sales,71
2458,36,30893,2021-03-30,Sales,96
2459,33,50863,2020-07-23,Marketing,73
2460,58,130675,2022-10-21,Finance,64
2461,42,31515,2019-03-04,HR,84
2462,31,86240,2024-06-15,Marketing,68
2463,55,144205,2018-05-31,Engineering,68
2464,42,113087,2020-11-02,Sales,96
2465,57,84962,2019-06-25,HR,57
2466,35,105483,2021-08-26,HR,65
2467,36,31577,2018-12-06,Support,66
2468,62,137468,2022-08-05,HR,56
2469,44,111417,2016-01-09,Finance,83
2470,53,148680,2022-01-21,Finance,55
2471,41,47297,2020-11-16,Engineering,72
2472,23,93772,2018-11-18,Sales,74
2473,34,94173,2016-10-13,Finance,73
2474,28,78665,2015-12-19,Finance,83
2475,45,149682,2016-01-06,Engineering,60
2476,55,84460,2020-01-10,Support,63
2477,43,145375,2021-11-10,Marketing,70
2478,56,135693,2017-01-31,Finance,57
2479,37,82335,2017-03-07,HR,81
2480,39,100714,2019-12-10,Engineering,56
2481,26,121756,2020-01-18,Engineering,50
2482,46,46574,2023-03-10,Engineering,57
2483,21,74066,2016-08-12,HR,52
2484,62,96151,2021-01-23,Sales,56
2485,44,80906,2018-11-20,HR,65
2486,55,104694,2020-09-17,Finance,93
2487,40,50008,2022-01-19,Finance,60
2488,59,117924,2020-10-14,Finance,82
2489,53,64980,2021-01-18,Marketing,90
2490,34,123922,2020-11-07,HR,97
2491,22,72543,2024-08-05,Sales,81
2492,20,63139,2021-08-16,Support,96
2493,52,103843,2017-02-18,HR,63
2494,48,143758,2022-12-26,HR,66
2495,41,140195,2018-09-24,Support,72
2496,35,39265,2016-06-16,Support,63
2497,32,131454,2021-10-26,Marketing,55
2498,44,134718,2021-11-13,HR,99
2499,53,73254,2017-06-27,Marketing,57
2500,32,83634,2023-07-09,Engineering,96
2501,30,133784,2017-08-10,Finance,83
2502,41,117527,2017-03-11,Finance,81
2503,49,121391,2020-03-03,Marketing,79
2504,30,71984,2021-07-25,Finance,83
2505,32,92699,2015-01-06,HR,63
2506,46,53649,2023-04-02,Support,67
2507,24,35596,2022-08-30,Marketing,80
2508,42,51029,2019-04-03,Sales,63
2509,25,144010,2023-08-09,Engineering,51
2510,34,43668,2021-08-19,Engineering,63
2511,42,41357,2018-02-07,HR,78
2512,37,81796,2020-10-02,Finance,71
2513,52,58132,2024-04-25,Marketing,65
2514,60,119360,2018-02-18,Sales,65
2515,19,61875,2017-11-12,HR,70
2516,56,129809,2015-10-13,Marketing,79
2517,23,106368,2020-09-24,Sales,88
2518,42,118388,2022-06-26,HR,54
2519,37,143087,2015-05-17,Support,65
2520,58,123348,2017-09-07,Support,89
2521,26,135156,2018-01-31,Support,91
2522,19,87608,2021-11-18,Support,92
2523,53,70277,2020-05-13,Finance,71
2524,39,131025,2023-07-23,Support,78
2525,55,73258,2018-03-19,Marketing,95
2526,50,56950,2015-09-07,Support,50
2527,50,145200,2018-11-15,Marketing,73
2528,21,41523,2022-12-31,Marketing,67
2529,44,64474,2017-06-11,Marketing,81
2530,50,40345,2016-12-05,Finance,90
2531,53,136171,2019-12-12,Finance,55
2532,33,34897,2018-09-11,HR,72
2533,59,34567,2019-02-07,Finance,98
2534,30,107239,2016-05-01,Finance,67
2535,30,101792,2016-06-30,Engineering,86
2536,60,112214,2018-01-21,Finance,91
2537,34,141694,2022-08-06,Finance,67
2538,40,106981,2024-09-21,HR,79
2539,51,71785,2015-01-19,Finance,53
2540,20,130422,2024-03-17,Support,67
2541,59,119862,2024-09-25,Finance,89
2542,23,67333,2017-06-07,Sales,50
2543,21,69405,2024-01-10,Marketing,98
2544,60,97356,2018-01-28,Sales,70
2545,43,147256,2021-11-27,Engineering,96
2546,29,37465,2015-04-02,Support,55
2547,37,68871,2023-11-13,Marketing,76
2548,55,59511,2022-08-23,Finance,50
2549,41,105135,2018-06-14,Support,96
2550,24,120194,2022-05-31,Finance,71
2551,52,124781,2016-01-29,Engineering,79
2552,46,115525,2021-09-29,Sales,60
2553,37,48557,2023-10-22,HR,78
2554,58,130905,2018-08-02,Support,83
2555,18,43854,2017-05-09,Finance,79
2556,35,82982,2018-04-22,Engineering,66
2557,55,149181,2019-04-29,Engineering,72
2558,42,96766,2016-05-20,Finance,95
2559,39,58610,2019-02-18,Sales,68
2560,61,56081,2023-06-20,Sales,84
2561,18,125027,2024-06-23,Engineering,70
2562,46,65525,2017-06-22,Marketing,86
2563,18,46562,2021-11-18,Engineering,50
2564,44,143428,2018-12-31,Marketing,65
2565,61,62634,2017-05-16,Finance,89
2566,43,32895,2023-10-04,HR,77
2567,18,140179,2016-12-12,Sales,59
2568,60,62016,2022-05-14,Sales,72
2569,24,34011,2023-06-02,Sales,56
2570,61,69725,2023-12-23,HR,94
2571,21,117245,2018-02-17,HR,63
2572,33,149391,2020-03-24,Marketing,68
2573,19,137529,2018-10-26,Marketing,99
2574,34,110356,2024-12-30,Sales,61
2575,23,35269,2019-06-30,Engineering,81
2576,58,144003,2020-05-08,Finance,50
2577,64,106276,2021-03-10,Marketing,55
2578,36,87233,2024-04-02,HR,55
2579,62,106896,2017-02-23,HR,72
2580,40,35529,2022-02-21,Engineering,62
2581,24,132222,2022-11-14,Support,93
2582,44,36937,2020-09-23,Finance,82
2583,32,79699,2023-01-28,Marketing,94
2584,44,140776,2019-10-05,Engineering,54
2585,19,146278,2017-06-10,Sales,82
2586,33,141190,2020-04-15,Sales,87
2587,33,146045,2019-08-31,Sales,78
2588,43,140114,2015-10-21,Finance,64
2589,20,130764,2020-03-26,Sales,83
2590,50,93656,2017-01-10,Marketing,90
2591,40,118646,2017-05-15,Sales,52
2592,49,73601,2023-02-12,Engineering,92
2593,24,79768,2019-08-04,Engineering,50
2594,31,113123,2019-12-09,Engineering,81
2595,23,33174,2018-06-25,Support,59
2596,24,65929,2022-12-11,HR,83
2597,47,125971,2024-04-14,Sales,70
2598,34,41360,2020-11-23,HR,59
2599,64,35801,2019-11-25,Engineering,61
2600,33,48984,2019-01-27,Finance,81
2601,32,42861,2023-05-26,Finance,76
2602,45,101376,2024-10-11,HR,95
2603,19,116654,2021-10-02,Finance,85
2604,24,122172,2020-02-08,Support,64
2605,42,37382,2023-03-07,Engineering,71
2606,43,30992,2019-06-07,Sales,60
2607,27,57160,2024-06-01,Support,86
2608,60,49572,2023-11-18,Finance,87
2609,58,91868,2017-01-15,Sales,73
2610,57,140957,2017-05-10,Sales,82
2611,34,34823,2020-03-10,Finance,86
2612,19,133775,2024-04-15,Engineering,73
2613,26,49267,2017-04-06,Finance,66
2614,34,83364,2024-08-14,Sales,99
2615,47,91607,2016-04-08,Marketing,60
2616,38,98244,2016-03-18,HR,67
2617,46,62919,2017-06-17,Finance,59
2618,62,145600,2019-02-15,Sales,67
2619,59,30495,2015-03-20,Marketing,69
2620,54,63324,2018-08-02,Sales,67
2621,34,81272,2021-03-12,Marketing,63
2622,46,104462,2015-08-18,Engineering,53
2623,35,135466,2018-12-16,Support,69
2624,64,52634,2024-02-14,Finance,93
2625,26,107004,2021-01-08,Support,64
2626,44,70718,2022-09-20,Marketing,77
2627,54,56870,2022-09-19,Sales,68
2628,43,109795,2016-12-01,Support,75
2629,42,72137,2023-06-15,HR,75
2630,63,42379,2021-07-21,Support,98
2631,35,68367,2021-10-04,Sales,52
2632,19,93456,2023-09-13,Support,91
2633,36,99904,2018-08-18,Support,93
2634,50,77691,2022-10-24,Sales,98
2635,20,68762,2016-06-07,Engineering,98
2636,43,49810,2021-02-22,HR,57
2637,53,87204,2023-08-10,Engineering,56
2638,63,114269,2020-10-03,Support,85
2639,33,124615,2018-03-02,Support,50
2640,42,119353,2024-04-13,Sales,65
2641,33,40681,2017-03-21,Sales,57
2642,46,34582,2019-03-03,Finance,77
2643,23,68799,2023-05-02,Sales,69
2644,33,123254,2023-09-08,HR,90
2645,31,77914,2022-12-06,Engineering,75
2646,43,75254,2021-10-24,Support,82
2647,43,82344,2019-07-25,Finance,94
2648,37,98546,2018-12-26,Sales,53
2649,43,81658,2022-03-20,Support,51
2650,31,41549,2018-07-25,Sales,98
2651,29,51209,2018-10-04,Support,93
2652,50,45116,2017-11-14,Engineering,63
2653,41,65709,2022-05-24,Support,83
2654,61,56905,2024-08-10,Engineering,70
2655,45,128095,2021-04-11,Engineering,85
2656,57,113521,2018-06-28,Support,91
2657,26,118150,2021-09-17,Marketing,64
2658,30,77894,2024-10-26,Support,66
2659,19,61315,2022-07-20,Sales,69
2660,63,34994,2015-10-24,Marketing,61
2661,57,37489,2020-09-13,Finance,85
2662,31,98367,2023-08-15,Sales,68
2663,51,107355,2020-07-11,Engineering,95
2664,23,31996,2020-05-18,Sales,85
2665,39,33089,2019-07-11,Engineering,61
2666,47,111268,2023-04-25,Finance,89
2667,24,100111,2023-01-27,Marketing,97
2668,36,64565,2022-03-30,Marketing,69
2669,44,143204,2019-08-28,Finance,92
2670,54,47199,2019-11-20,Finance,56
2671,22,134970,2017-06-29,Finance,64
2672,20,42665,2024-12-05,Sales,54
2673,40,121828,2022-06-25,Sales,86
2674,26,66110,2015-02-01,Marketing,52
2675,46,52469,2020-10-30,HR,66
2676,43,132804,2021-04-06,Finance,57
2677,38,88232,2016-11-02,Sales,60
2678,55,136311,2016-10-07,Engineering,91
2679,41,49324,2017-10-31,Engineering,84
2680,31,54054,2019-07-04,Support,63
2681,27,115643,2017-02-26,Support,87
2682,61,40358,2022-07-18,Support,95
2683,51,33240,2018-07-29,Engineering,59
2684,34,142272,2018-09-14,Marketing,52
2685,48,30882,2015-08-07,Finance,50
2686,29,149299,2024-09-02,Sales,91
2687,30,60825,2018-03-10,HR,70
2688,39,70056,2022-08-12,Engineering,53
2689,35,32244,2024-02-24,Finance,68
2690,19,98619,2023-05-30,Finance,66
2691,27,80017,2018-07-23,Engineering,55
2692,25,100268,2021-12-24,HR,60
2693,29,69752,2023-11-23,Finance,51
2694,25,46121,2017-09-15,Finance,60
2695,53,97081,2015-08-12,Sales,70
2696,37,39327,2017-06-23,Engineering,57
2697,53,53004,2019-02-22,Engineering,91
2698,29,40492,2024-12-05,Engineering,63
2699,38,39045,2022-06-24,Support,70
2700,61,105057,2020-08-04,Finance,79
2701,56,41283,2024-05-24,Finance,73
2702,40,124342,2022-06-21,Engineering,58
2703,18,141001,2020-06-29,Finance,87
2704,55,31269,2024-04-04,Support,93
2705,39,114523,2020-10-30,Marketing,59
2706,23,113600,2021-01-22,Engineering,99
2707,55,39111,2017-11-15,Marketing,59
2708,25,103620,2016-09-05,Sales,55
2709,38,68968,2020-05-16,Support,88
2710,41,88144,2018-06-11,Support,67
2711,45,116840,2020-08-01,Sales,81
2712,29,85087,2019-06-10,Marketing,91
2713,44,84857,2016-09-08,Finance,95
2714,59,143183,2016-04-01,Engineering,91
2715,43,54600,2019-08-25,Support,60
2716,40,129041,2016-06-14,HR,89
2717,40,124684,2016-04-14,Engineering,80
2718,24,43543,2018-04-25,Finance,82
2719,38,52785,2019-03-15,Marketing,67
2720,64,118992,2023-11-05,Finance,86
2721,51,87939,2020-08-13,Engineering,84
2722,35,70701,2020-10-19,Marketing,73
2723,25,140460,2015-05-10,HR,79
2724,61,46692,2024-08-02,Engineering,59
2725,40,136931,2018-04-05,Sales,98
2726,28,144881,2022-01-21,HR,75
2727,53,141776,2021-06-07,Finance,96
2728,30,111731,2015-01-16,Finance,91
2729,36,134657,2023-08-14,Sales,86
2730,47,127554,2024-01-10,Marketing,72
2731,33,98416,2020-12-10,Engineering,61
2732,41,63313,2022-07-31,HR,57
2733,35,116072,2021-07-31,Support,97
2734,22,107209,2022-06-27,Sales,79
2735,30,55938,2021-10-16,Engineering,78
2736,20,98199,2017-01-31,HR,61
2737,19,57594,2020-07-17,Finance,93
2738,45,118657,2021-02-28,Marketing,62
2739,54,41221,2022-02-20,Support,61
2740,19,126894,2016-09-21,HR,86
2741,24,75337,2015-08-08,Sales,75
2742,41,43515,2020-04-23,HR,65
2743,40,141527,2022-09-10,Marketing,58
2744,49,73790,2018-10-15,HR,86
2745,30,35636,2015-12-08,Engineering,60
2746,27,144483,2024-10-02,Finance,62
2747,58,35812,2019-06-19,Finance,95
2748,32,84633,2022-06-07,Sales,56
2749,57,59087,2023-01-11,Finance,84
2750,32,132127,2020-12-08,Sales,85
2751,38,90101,2015-08-25,Finance,50
2752,21,118074,2020-06-22,Marketing,93
2753,43,139500,2019-12-28,Marketing,86
2754,40,117892,2020-09-16,HR,97
2755,62,69148,2022-01-22,Engineering,98
2756,44,72470,2016-11-01,Marketing,89
2757,30,83910,2023-03-11,Sales,65
2758,47,108012,2023-10-14,Finance,53
2759,57,102015,2017-05-19,Marketing,80
2760,59,62152,2018-11-14,Engineering,93
2761,29,125833,2019-09-26,Sales,86
2762,50,56331,2022-10-15,Support,58
2763,29,99444,2017-08-21,Finance,77
2764,52,57105,2019-10-28,HR,95
2765,51,113788,2020-03-18,Marketing,88
2766,59,113308,2019-08-17,Marketing,97
2767,31,102778,2023-09-28,HR,91
2768,55,131187,2019-02-12,Marketing,82
2769,24,41831,2017-04-26,Support,90
2770,25,115092,2019-01-29,Sales,59
2771,60,134824,2024-11-30,Marketing,64
2772,55,48830,2019-11-05,HR,54
2773,46,99202,2019-10-08,Finance,59
2774,29,137509,2019-04-16,HR,53
2775,48,99521,2017-09-14,Finance,65
2776,57,59475,2018-08-13,Finance,74
2777,40,49403,2016-05-18,Engineering,83
2778,53,148884,2015-04-19,Finance,52
2779,26,145260,2019-11-11,Finance,67
2780,60,132306,2018-04-16,Finance,83
2781,58,64765,2024-01-11,Marketing,53
2782,46,144088,2023-03-10,Sales,94
2783,32,57675,2017-02-28,Finance,91
2784,33,102267,2023-03-01,HR,54
2785,51,49177,2017-03-21,Finance,50
2786,56,98447,2021-03-02,Marketing,75
2787,34,114335,2024-04-17,Sales,76
2788,41,136402,2022-04-22,Finance,95
2789,59,144421,2018-10-19,Engineering,88
2790,43,101101,2019-03-11,Finance,87
2791,40,129477,2022-07-20,Sales,53
2792,26,30835,2024-01-23,Finance,56
2793,40,107360,2019-07-05,Engineering,73
2794,57,144934,2024-11-07,Sales,80
2795,64,137422,2020-01-21,Marketing,96
2796,57,98143,2020-04-19,Support,92
2797,51,132326,2022-07-23,Sales,73
2798,43,65919,2019-09-13,Finance,96
2799,30,102590,2016-08-16,HR,76
2800,21,45823,2024-11-24,HR,79
2801,61,33491,2020-07-03,Engineering,52
2802,39,45728,2020-07-12,Engineering,71
2803,29,47718,2016-11-29,Engineering,70
2804,21,42126,2023-07-06,Finance,93
2805,48,70633,2023-05-26,Marketing,72
2806,37,91646,2016-06-17,Support,72
2807,45,77631,2024-03-15,Engineering,86
2808,38,89342,2021-05-23,Finance,66
2809,54,67196,2019-07-07,HR,68
2810,47,87388,2023-09-19,Engineering,67
2811,31,83309,2023-09-01,HR,85
2812,53,109315,2021-02-26,HR,68
2813,62,119387,2015-08-06,Marketing,56
2814,61,92580,2016-09-27,Marketing,53
2815,51,109553,2018-09-15,Marketing,54
2816,27,49423,2018-12-01,HR,91
2817,58,140540,2022-01-12,HR,88
2818,22,74921,2024-11-12,Marketing,59
2819,27,96917,2016-07-27,HR,76
2820,38,93879,2018-11-19,Marketing,50
2821,45,112800,2022-10-15,Support,88
2822,31,54660,2023-01-14,Support,79
2823,38,116064,2022-05-15,Finance,58
2824,34,75124,2016-07-08,HR,80
2825,57,60373,2024-01-22,Support,92
2826,36,131859,2021-12-03,Engineering,99
2827,50,144316,2016-06-20,Support,63
2828,50,79597,2020-03-07,Marketing,78
2829,60,115936,2020-09-07,Finance,85
2830,61,107065,2022-11-29,Engineering,80
2831,23,121960,2021-05-31,Sales,50
2832,24,34025,2015-02-21,Sales,76
2833,38,148910,2016-08-20,Engineering,65
2834,63,104710,2016-06-17,Finance,69
2835,55,63461,2019-04-27,Sales,74
2836,45,140084,2020-04-01,Support,70
2837,35,109790,2016-12-20,Marketing,55
2838,46,58690,2017-01-04,Sales,82
2839,18,77340,2019-05-30,Finance,52
2840,59,116292,2020-07-07,Marketing,84
2841,58,79703,2016-03-30,Sales,52
2842,42,108462,2016-06-10,Finance,94
2843,55,148764,2015-08-16,Finance,69
2844,61,126364,2016-04-28,Sales,83
2845,38,149991,2023-02-10,Support,97
2846,40,141813,2017-04-02,Engineering,62
2847,40,130552,2024-02-04,Finance,66
2848,19,106050,2021-07-04,Sales,68
2849,24,123301,2019-07-13,Finance,91
2850,59,112234,2022-09-15,Sales,69
2851,26,55616,2022-01-20,Marketing,76
2852,64,120369,2023-07-10,Finance,85
2853,36,56128,2023-05-23,Support,54
2854,56,117505,2016-06-09,Support,56
2855,34,101206,2020-09-02,Engineering,85
2856,57,42716,2015-11-17,Marketing,53
2857,55,83144,2018-12-06,HR,54
2858,47,79355,2019-08-26,HR,53
2859,41,146680,2021-03-22,Marketing,53
2860,41,132413,2019-05-14,Sales,54
2861,35,89305,2022-12-02,Marketing,68
2862,29,141825,2017-04-22,Marketing,66
2863,47,145031,2015-04-11,Finance,60
2864,52,117318,2019-08-23,Support,66
2865,18,49790,2018-09-13,HR,81
2866,26,77374,2020-10-16,Marketing,77
2867,41,64812,2018-10-15,Marketing,84
2868,39,90186,2019-12-30,Support,68
2869,62,80251,2015-09-15,HR,69
2870,18,49156,2021-01-16,Marketing,98
2871,62,102320,2023-04-10,Sales,59
2872,64,118442,2016-06-23,Support,81
2873,56,98475,2021-08-04,Support,71
2874,35,72863,2015-10-06,Finance,95
2875,49,37194,2015-06-02,Support,77
2876,35,111914,2022-11-03,Support,88
2877,46,59777,2023-10-25,Sales,93
2878,25,57445,2023-02-09,Marketing,80
2879,51,46198,2023-05-22,Finance,85
2880,35,45867,2021-08-21,Support,87
2881,26,138538,2024-05-13,Marketing,58
2882,63,37367,2024-09-11,Engineering,84
2883,35,81588,2015-03-15,HR,63
2884,45,104755,2016-06-22,Finance,88
2885,37,125167,2017-06-07,Engineering,74
2886,45,86523,2016-01-16,HR,51
2887,60,114685,2018-04-12,Sales,71
2888,48,57926,2015-12-21,Sales,97
2889,37,43180,2020-08-09,HR,87
2890,21,54014,2015-03-30,Sales,73
2891,42,109872,2021-07-25,Support,56
2892,48,126395,2021-02-26,Support,91
2893,22,68507,2023-11-05,Marketing,99
2894,59,121493,2015-11-28,Finance,61
2895,56,77761,2023-12-24,Finance,51
2896,27,52990,2015-10-01,HR,79
2897,61,44457,2022-01-10,Engineering,66
2898,21,106102,2019-06-08,Finance,90
2899,48,36130,2018-07-30,Support,88
2900,51,63477,2019-09-06,Engineering,99
2901,55,58716,2018-05-03,Marketing,83
2902,61,140350,2016-02-24,Sales,63
2903,23,37857,2020-05-29,HR,86
2904,49,118578,2021-11-27,Finance,71
2905,39,41826,2018-09-05,HR,52
2906,29,88031,2019-09-03,Marketing,66
2907,24,105020,2020-09-02,Sales,51
2908,21,147897,2018-11-13,Sales,88
2909,41,84800,2019-04-30,Finance,55
2910,36,79476,2024-06-24,Engineering,81
2911,27,58552,2022-09-25,Finance,76
2912,30,73730,2020-01-27,Sales,70
2913,41,99093,2020-04-12,Sales,53
2914,41,96490,2016-08-18,Marketing,84
2915,20,119080,2016-04-24,HR,86
2916,57,128991,2016-12-03,Support,84
2917,48,33127,2023-10-19,Sales,93
2918,42,107095,2019-01-15,Finance,62
2919,21,120925,2024-04-20,Finance,63
2920,30,141258,2015-04-29,Engineering,55
2921,34,43731,2019-01-04,Marketing,89
2922,52,81024,2024-11-09,Marketing,90
2923,19,33832,2021-11-30,Engineering,62
2924,19,43107,2015-02-07,Finance,77
2925,60,124202,2016-05-05,Finance,75
2926,39,105118,2019-12-25,HR,92
2927,20,38418,2017-10-17,Support,61
2928,41,93044,2015-06-12,Marketing,69
2929,56,41814,2015-01-02,HR,62
2930,58,93288,2020-01-21,Finance,94
2931,29,97084,2022-08-07,Engineering,59
2932,50,148645,2020-01-29,Engineering,65
2933,62,35666,2018-02-07,Finance,52
2934,22,105645,2016-05-03,Finance,56
2935,27,66713,2021-04-06,Sales,83
2936,20,107511,2019-08-08,Engineering,80
2937,28,111132,2016-08-10,Finance,56
2938,62,133489,2018-04-09,Sales,55
2939,58,73454,2019-08-02,HR,81
2940,37,138984,2024-08-09,Sales,83
2941,33,144584,2021-12-25,HR,61
2942,24,80726,2020-10-22,Engineering,66
2943,62,143034,2024-10-10,Support,55
2944,40,84362,2023-01-13,Engineering,95
2945,23,80341,2022-08-31,Sales,51
2946,39,113795,2017-10-23,Marketing,74
2947,32,105515,2021-12-03,Support,98
2948,46,56183,2015-01-20,HR,86
2949,50,115781,2024-01-17,Sales,99
2950,64,56756,2017-02-16,HR,88
2951,35,100821,2016-02-25,Sales,86
2952,47,74786,2017-02-27,Support,80
2953,27,60286,2022-12-24,HR,91
2954,61,120198,2015-08-09,HR,82
2955,33,47205,2023-07-12,HR,87
2956,52,103313,2016-08-12,Engineering,77
2957,19,122509,2019-10-28,Finance,62
2958,58,131839,2020-06-26,Finance,54
2959,45,110052,2020-03-28,Finance,88
2960,62,114627,2020-12-12,Support,73
2961,44,66701,2016-05-08,Engineering,94
2962,44,87241,2016-05-19,Support,56
2963,59,63332,2024-02-24,Sales,87
2964,22,116486,2016-02-12,Marketing,77
2965,51,66404,2021-04-05,Sales,64
2966,49,134601,2019-07-25,Support,97
2967,48,113848,2018-01-06,Engineering,78
2968,56,124979,2018-11-21,Support,52
2969,46,65187,2019-08-10,Support,60
2970,50,31893,2021-04-21,Sales,60
2971,44,106768,2016-07-09,Finance,70
2972,56,86030,2018-06-28,Support,87
2973,63,66929,2017-08-03,Finance,76
2974,53,34042,2018-01-08,Marketing,96
2975,35,122282,2016-02-26,Sales,50
2976,52,57938,2022-05-23,Engineering,80
2977,45,131248,2017-07-22,Engineering,74
2978,60,86805,2017-11-18,Sales,69
2979,20,106478,2022-10-21,Support,51
2980,35,124699,2024-05-14,Finance,59
2981,22,131128,2022-12-28,Marketing,51
2982,51,31211,2020-06-03,Finance,87
2983,48,44345,2021-04-14,HR,99
2984,29,77779,2017-07-26,HR,70
2985,64,45173,2019-11-24,Finance,97
2986,20,129273,2015-12-14,Support,54
2987,63,142857,2022-04-24,Marketing,70
2988,62,74377,2022-05-01,Support,87
2989,61,143689,2023-01-27,Support,57
2990,22,60461,2019-11-25,Engineering,64
2991,33,39472,2024-10-12,HR,65
2992,54,87602,2024-05-21,Engineering,96
2993,48,96060,2016-04-23,Sales,65
2994,60,46532,2024-08-09,Engineering,51
2995,44,33749,2015-06-14,HR,75
2996,55,41437,2024-08-10,Finance,74
2997,28,34551,2015-03-09,Marketing,57
2998,50,42916,2024-12-10,Support,56
2999,55,77636,2016-12-07,Support,57
3000,38,137967,2015-11-30,HR,69
3001,25,69993,2019-10-03,Support,95
3002,48,88865,2016-07-20,Support,78
3003,26,90686,2021-05-24,Engineering,79
3004,43,55993,2018-03-04,Finance,78
3005,33,107603,2016-04-06,Marketing,69
3006,62,90277,2015-11-22,Support,86
3007,39,79990,2018-10-24,Engineering,72
3008,58,99351,2019-06-16,Engineering,78
3009,33,133013,2023-07-10,HR,77
3010,55,42446,2021-10-04,Engineering,63
3011,50,78632,2017-10-13,Support,58
3012,44,83463,2018-11-24,Finance,62
3013,43,47948,2016-12-02,HR,98
3014,60,119051,2023-04-26,Sales,77
3015,25,96262,2024-12-04,Marketing,78
3016,22,102233,2023-02-17,Finance,56
3017,59,42963,2023-11-13,HR,90
3018,44,96617,2024-10-26,Sales,95
3019,19,106312,2015-11-25,Support,58
3020,44,137648,2019-03-25,Engineering,72
3021,27,107225,2021-03-03,Support,74
3022,20,126261,2015-08-07,Sales,55
3023,19,120937,2019-10-07,Engineering,67
3024,40,121137,2021-05-31,Support,61
3025,39,129108,2017-11-23,HR,69
3026,56,116551,2020-05-06,Marketing,97
3027,37,53104,2015-02-21,Marketing,50
3028,34,86058,2017-01-03,HR,50
3029,62,115469,2017-08-09,Sales,90
3030,64,103474,2022-06-24,HR,95
3031,28,100871,2016-03-22,HR,71
3032,61,89180,2022-12-05,HR,75
3033,30,89840,2017-04-30,Sales,73
3034,27,50002,2021-01-03,Support,73
3035,45,129811,2016-01-25,Finance,65
3036,57,64831,2022-05-06,Sales,66
3037,32,125119,2015-10-22,Finance,64
3038,51,142394,2024-05-05,HR,50
3039,32,91554,2020-09-01,Support,53
3040,60,52340,2020-06-09,HR,84
3041,30,114361,2018-05-19,Finance,60
3042,35,88849,2020-03-11,Sales,88
3043,58,139545,2015-05-24,Finance,99
3044,40,143606,2024-11-12,Marketing,88
3045,20,115707,2018-04-27,Engineering,56
3046,43,81360,2021-06-30,HR,86
3047,32,135473,2017-12-05,Finance,90
3048,24,42191,2015-01-11,Sales,53
3049,37,40737,2015-07-30,Support,85
3050,49,35147,2017-06-19,Marketing,62
3051,18,49643,2024-03-28,Sales,84
3052,47,114003,2024-11-23,Support,74
3053,33,31849,2023-12-22,Marketing,68
3054,18,90740,2018-10-14,HR,71
3055,41,145306,2019-06-10,HR,94
3056,54,93668,2017-09-26,Engineering,85
3057,53,122227,2016-09-08,HR,85
3058,35,80639,2020-12-08,HR,90
3059,35,88901,2015-08-17,Finance,51
3060,38,76691,2015-12-18,Support,93
3061,56,31582,2022-02-15,Engineering,88
3062,46,51301,2021-10-23,Finance,75
3063,38,92224,2018-12-26,Sales,65
3064,48,133496,2020-05-20,Marketing,80
3065,31,85856,2021-02-24,Marketing,86
3066,19,52259,2015-08-30,HR,97
3067,63,61629,2023-01-12,Engineering,82
3068,52,115945,2024-11-10,Support,88
3069,64,110818,2023-03-07,Support,69
3070,19,47138,2019-07-05,Support,90
3071,36,76202,2015-11-29,Engineering,86
3072,35,119743,2023-11-28,Support,53
3073,29,79692,2018-01-09,Engineering,56
3074,31,119846,2018-12-20,Engineering,61
3075,52,58036,2015-02-21,HR,66
3076,59,138575,2020-01-14,Engineering,59
3077,60,60544,2015-04-20,Marketing,54
3078,62,87705,2021-12-28,Support,58
3079,50,99603,2015-10-27,Sales,85
3080,35,126264,2016-01-21,Support,78
3081,31,51400,2023-04-08,HR,64
3082,23,149415,2022-03-04,Engineering,91
3083,46,110206,2021-12-21,HR,78
3084,21,89473,2015-10-11,Sales,99
3085,61,90646,2017-09-21,Support,65
3086,28,56498,2020-04-05,Sales,99
3087,59,130453,2015-03-03,Finance,94
3088,59,109569,2023-03-05,Finance,69
3089,42,94824,2024-08-09,Marketing,87
3090,30,45043,2019-01-13,Engineering,63
3091,50,137611,2022-02-12,Marketing,86
3092,25,59483,2024-10-30,HR,83
3093,61,105652,2024-11-04,HR,54
3094,48,67420,2017-09-08,Finance,58
3095,59,39247,2021-03-12,Marketing,82
3096,20,145229,2016-01-14,Support,99
3097,29,121164,2015-07-14,Sales,52
3098,43,114664,2019-03-08,Support,79
3099,26,36041,2024-02-19,HR,51
3100,20,91869,2015-09-20,Sales,53
3101,42,74722,2024-01-05,Support,62
3102,56,35419,2024-09-25,Marketing,84
3103,40,88760,2022-12-31,Engineering,51
3104,58,120283,2020-11-10,Finance,80
3105,61,58718,2017-01-03,Finance,51
3106,49,67841,2015-04-17,HR,62
3107,63,76660,2024-10-23,Finance,91
3108,61,146041,2015-03-23,Support,92
3109,42,70097,2017-10-11,Sales,86
3110,47,106870,2020-05-04,Finance,55
3111,20,67260,2023-12-29,Marketing,52
3112,43,79464,2022-12-25,Finance,73
3113,23,47194,2018-03-09,Finance,98
3114,59,73723,2017-06-10,Finance,98
3115,53,141041,2015-12-26,Support,60
3116,56,135433,2015-10-17,Marketing,67
3117,38,32147,2019-02-01,Marketing,89
3118,63,83803,2023-09-25,Engineering,71
3119,47,115617,2017-05-27,Sales,92
3120,47,39479,2024-03-29,Support,83
3121,64,135586,2021-08-27,Support,69
3122,57,116296,2017-04-18,Support,68
3123,22,135290,2023-10-29,Support,64
3124,25,40450,2016-01-16,Marketing,72
3125,44,91991,2022-12-25,Finance,81
3126,43,118090,2019-01-05,HR,68
3127,59,138956,2020-04-03,Marketing,88
3128,58,70736,2019-05-12,HR,68
3129,54,77058,2015-10-10,Finance,82
3130,64,104255,2018-02-01,HR,72
3131,24,123721,2020-12-23,Finance,81
3132,29,51575,2020-02-23,Engineering,54
3133,59,69643,2020-12-03,Marketing,54
3134,43,58804,2019-02-14,Support,71
3135,32,60988,2017-06-24,Sales,77
3136,50,68506,2021-05-07,HR,72
3137,50,97306,2017-01-11,Marketing,67
3138,47,95305,2015-10-11,Finance,65
3139,30,69462,2016-09-28,Sales,82
3140,43,56287,2017-08-10,HR,50
3141,55,91313,2023-03-03,Finance,98
3142,23,57181,2023-11-26,Engineering,99
3143,55,95641,2016-01-19,Sales,73
3144,35,130250,2024-01-06,HR,90
3145,25,43275,2017-10-24,Support,59
3146,34,64550,2022-11-18,Finance,78
3147,23,110021,2018-07-27,Engineering,55
3148,43,50390,2019-05-14,Finance,61
3149,52,33981,2018-10-11,Sales,71
3150,40,145631,2019-04-09,Sales,56
3151,57,137441,2020-07-11,Finance,74
3152,30,141316,2017-08-11,HR,90
3153,27,31524,2019-07-14,Sales,58
3154,32,65891,2016-12-09,Sales,51
3155,42,75836,2017-02-05,Finance,83
3156,51,100434,2020-07-02,Marketing,87
3157,20,94510,2019-10-30,Marketing,91
3158,23,122918,2019-12-15,Engineering,97
3159,36,97906,2024-04-19,HR,67
3160,56,95864,2017-03-08,Support,61
3161,22,75890,2015-05-26,Engineering,60
3162,47,76531,2022-08-24,Engineering,54
3163,18,110986,2016-04-06,HR,77
3164,46,86017,2022-10-10,HR,61
3165,30,41560,2022-05-27,Finance,51
3166,54,145884,2015-03-30,Finance,65
3167,41,98706,2020-01-04,Support,71
3168,53,124346,2022-05-19,Engineering,95
3169,46,92370,2017-02-15,Sales,97
3170,32,137323,2023-03-27,Support,80
3171,59,97560,2018-08-25,HR,92
3172,33,43503,2020-12-12,Finance,81
3173,19,148423,2018-12-09,Engineering,72
3174,19,89557,2019-08-26,Finance,80
3175,57,37961,2015-05-07,Support,78
3176,20,149289,2023-08-22,Support,63
3177,42,111199,2023-11-24,Finance,50
3178,20,110729,2019-04-16,Finance,67
3179,26,139349,2018-01-31,Marketing,72
3180,38,124968,2023-01-09,Finance,50
3181,38,67146,2018-11-02,Engineering,91
3182,23,98607,2021-10-30,Marketing,93
3183,53,80715,2024-09-19,HR,94
3184,34,98222,2020-05-24,HR,89
3185,20,46459,2015-12-28,Support,88
3186,29,35057,2020-03-30,HR,95
3187,39,65030,2023-10-07,Sales,79
3188,22,145080,2023-09-20,HR,70
3189,28,35188,2017-04-06,Finance,84
3190,44,59680,2017-02-25,Marketing,51
3191,41,132302,2015-04-09,Support,82
3192,56,66445,2020-02-11,Engineering,95
3193,54,77218,2017-11-10,Marketing,77
3194,48,54074,2024-08-25,Marketing,72
3195,19,66839,2022-11-05,HR,90
3196,44,98322,2019-03-28,Finance,51
3197,56,132500,2021-05-14,Engineering,70
3198,22,65507,2016-05-03,Finance,94
3199,38,125251,2024-03-30,Engineering,87
3200,37,105761,2018-01-28,Finance,74
3201,19,72616,2019-02-09,Support,81
3202,43,30453,2015-12-04,HR,90
3203,20,40976,2020-01-28,Finance,50
3204,22,111932,2017-05-07,Engineering,68
3205,29,119647,2017-11-06,Support,74
3206,52,134779,2018-11-10,Marketing,79
3207,22,32017,2017-06-11,Support,71
3208,56,137724,2022-05-16,Engineering,96
3209,20,111787,2019-06-15,HR,69
3210,48,124276,2023-09-28,Sales,73
3211,57,146469,2019-02-17,Sales,82
3212,25,65031,2022-08-07,Finance,99
3213,37,87851,2018-10-19,Marketing,65
3214,29,118780,2017-09-29,HR,94
3215,59,87894,2020-12-26,Sales,74
3216,63,44591,2020-05-29,Sales,81
3217,41,51359,2019-02-28,Finance,96
3218,61,145336,2019-03-11,Support,89
3219,40,40929,2024-01-03,HR,62
3220,49,47393,2019-11-21,Marketing,64
3221,53,124192,2020-06-18,Support,54
3222,39,111103,2018-02-27,Engineering,90
3223,27,119367,2017-07-26,Finance,67
3224,35,109622,2015-12-30,Engineering,53
3225,43,91892,2021-06-29,Support,65
3226,52,39215,2018-10-10,Finance,75
3227,35,117580,2021-04-14,Support,72
3228,31,125310,2023-10-10,Finance,98
3229,50,113096,2018-11-05,Finance,70
3230,34,143942,2020-03-17,Engineering,92
3231,34,130537,2023-02-16,Support,63
3232,46,139331,2015-08-12,Finance,79
3233,36,103396,2016-05-19,Sales,88
3234,30,98049,2017-02-23,Marketing,72
3235,63,86096,2023-09-08,HR,88
3236,57,101185,2016-02-12,Sales,58
3237,50,31951,2017-02-14,Marketing,66
3238,36,139274,2018-09-16,Sales,55
3239,52,119719,2023-06-10,Marketing,86
3240,51,30595,2015-06-09,Engineering,74
3241,21,92665,2022-12-18,Finance,73
3242,38,45882,2020-09-04,HR,76
3243,33,53769,2023-08-08,Engineering,79
3244,33,63798,2023-07-09,Marketing,65
3245,52,76073,2019-08-15,Finance,65
3246,57,73005,2018-06-15,Support,61
3247,52,58400,2017-03-28,Sales,70
3248,60,53535,2016-02-04,Sales,66
3249,49,111029,2022-12-06,Engineering,73
3250,44,127944,2016-07-21,Finance,51
3251,26,58251,2016-03-22,Engineering,87
3252,20,122115,2018-09-01,Finance,55
3253,56,108816,2020-01-14,Support,50
3254,54,129525,2017-01-09,Support,94
3255,51,123102,2018-06-17,Finance,64
3256,62,45385,2023-09-27,Finance,63
3257,24,118877,2018-06-06,Support,80
3258,41,119402,2021-11-06,HR,80
3259,46,114585,2022-10-25,Finance,81
3260,34,79037,2024-08-01,Support,89
3261,53,33513,2023-07-08,Marketing,97
3262,41,74140,2016-04-03,HR,76
3263,42,61007,2022-06-15,Finance,67
3264,63,123220,2022-12-07,Marketing,75
3265,26,147243,2024-04-03,Marketing,84
3266,25,39107,2023-09-05,Support,91
3267,39,123650,2020-10-17,Sales,79
3268,45,82066,2019-03-30,Engineering,92
3269,28,148558,2023-10-30,HR,98
3270,56,122259,2018-06-11,Marketing,79
3271,40,85698,2017-03-03,Engineering,61
3272,32,59086,2020-11-04,HR,92
3273,54,130814,2022-08-11,HR,78
3274,60,33435,2016-06-18,Marketing,51
3275,37,58942,2022-11-29,Finance,53
3276,39,143457,2018-01-25,Engineering,87
3277,40,62826,2020-11-16,Marketing,75
3278,28,65739,2023-09-20,Marketing,51
3279,25,105164,2023-08-22,Sales,60
3280,54,66113,2015-07-30,HR,99
3281,31,69029,2016-09-26,Support,59
3282,52,104632,2015-12-06,Support,84
3283,28,57499,2024-02-29,HR,61
3284,20,137430,2018-05-11,HR,63
3285,45,71034,2022-08-09,Sales,88
3286,42,54596,2017-08-17,HR,59
3287,60,88382,2022-11-07,Finance,68
3288,39,76228,2022-09-12,HR,93
3289,49,92257,2020-07-06,Engineering,72
3290,30,88436,2016-03-08,Support,53
3291,45,122103,2019-11-30,Finance,58
3292,52,107924,2021-07-13,Finance,70
3293,35,119031,2017-09-07,HR,98
3294,34,89946,2017-06-16,Sales,80
3295,51,31541,2020-05-28,HR,71
3296,31,73074,2015-05-17,HR,61
3297,53,131387,2016-02-12,Support,94
3298,19,30769,2015-10-20,Finance,64
3299,40,32972,2023-03-19,Sales,66
3300,49,48653,2019-12-24,Sales,77
3301,31,69339,2020-10-02,Finance,79
3302,34,72399,2021-07-22,Support,95
3303,23,44706,2017-11-03,HR,73
3304,23,135754,2018-03-16,Finance,67
3305,41,87572,2021-12-15,Marketing,73
3306,55,31313,2024-11-30,HR,89
3307,64,104702,2016-01-11,Support,60
3308,39,65863,2023-08-16,HR,50
3309,35,30555,2022-01-31,Sales,61
3310,60,83915,2022-02-24,HR,89
3311,24,138500,2016-04-18,Engineering,83
3312,28,103173,2016-10-07,Finance,91
3313,52,56739,2023-02-18,Marketing,78
3314,59,83019,2024-10-21,Support,67
3315,31,65281,2021-04-05,Sales,77
3316,41,127927,2023-11-12,Marketing,91
3317,62,69220,2017-06-11,HR,57
3318,21,37642,2023-01-09,Finance,85
3319,22,63760,2024-02-08,Marketing,98
3320,51,34381,2017-10-01,Engineering,57
3321,56,60782,2020-12-27,Marketing,96
3322,43,84712,2016-03-21,Support,86
3323,51,49462,2015-12-08,Support,89
3324,45,85206,2019-04-25,Finance,88
3325,45,90926,2024-12-06,Finance,63
3326,55,41907,2019-04-29,Finance,91
3327,35,80539,2019-12-21,Support,97
3328,42,80182,2021-11-11,Support,87
3329,45,129524,2015-03-19,Finance,52
3330,61,89758,2022-09-18,HR,91
3331,37,72578,2021-10-13,Engineering,97
3332,28,104599,2017-07-30,Finance,52
3333,40,122934,2016-10-08,Support,72
3334,24,32413,2017-07-24,Support,83
3335,59,132802,2023-01-06,Finance,58
3336,35,88408,2018-08-22,Sales,97
3337,62,144921,2019-08-07,HR,74
3338,31,95131,2019-02-05,Finance,74
3339,36,147798,2015-08-13,HR,64
3340,33,111434,2019-05-06,Engineering,89
3341,27,31214,2018-10-14,Marketing,53
3342,36,93230,2021-09-02,Engineering,77
3343,38,97194,2021-03-29,Support,96
3344,31,67792,2017-03-07,Finance,97
3345,27,52301,2016-12-16,Engineering,71
3346,20,134292,2015-06-17,Engineering,90
3347,35,68346,2016-12-02,Finance,97
3348,19,77819,2015-06-10,Support,55
3349,60,53290,2017-08-19,Support,89
3350,61,74252,2019-02-23,HR,79
3351,19,149496,2018-11-03,Engineering,96
3352,19,141964,2018-07-05,HR,82
3353,27,96273,2018-05-10,Finance,93
3354,25,117908,2018-04-28,Support,82
3355,64,86325,2015-04-28,HR,93
3356,57,145436,2020-12-04,Engineering,68
3357,49,77258,2015-08-27,Support,50
3358,60,53027,2023-07-12,Marketing,82
3359,57,97359,2024-11-06,Engineering,54
3360,34,106669,2024-02-29,Finance,57
3361,59,54161,2016-12-28,HR,58
3362,40,97313,2021-07-21,HR,56
3363,32,110308,2022-11-24,Marketing,69
3364,42,37490,2019-12-19,Support,95
3365,41,128273,2024-06-01,HR,95
3366,39,140218,2022-08-15,HR,97
3367,25,38998,2022-03-29,Sales,92
3368,52,100192,2017-06-07,Engineering,95
3369,55,121271,2016-11-16,Marketing,86
3370,44,136843,2016-01-12,Finance,89
3371,51,58511,2018-08-13,Marketing,64
3372,61,48302,2020-10-24,Engineering,66
3373,50,132062,2016-09-06,HR,95
3374,33,106508,2022-06-12,Sales,58
3375,50,40683,2024-01-08,Sales,98
3376,46,63172,2019-09-19,Marketing,70
3377,22,41017,2020-12-26,Sales,55
3378,30,46448,2015-01-31,Finance,69
3379,64,126557,2017-08-03,Marketing,57
3380,27,30968,2018-09-14,Sales,98
3381,58,65010,2019-09-26,Support,60
3382,29,55496,2022-02-01,HR,98
3383,42,108858,2019-02-20,Marketing,85
3384,56,40292,2022-04-09,HR,75
3385,31,47207,2016-05-15,Engineering,89
3386,18,132455,2018-03-26,Finance,53
3387,47,129083,2022-09-24,Finance,84
3388,30,127459,2021-04-26,Marketing,80
3389,55,131610,2017-06-26,Engineering,72
3390,21,128099,2015-10-25,Finance,65
3391,24,95557,2023-05-03,Marketing,78
3392,28,111335,2015-11-01,HR,82
3393,46,62959,2020-09-25,HR,88
3394,29,86326,2022-12-12,Marketing,88
3395,59,57197,2021-04-02,Marketing,97
3396,43,138775,2015-09-25,Finance,58
3397,58,108177,2020-10-01,Marketing,94
3398,30,141030,2024-07-20,HR,85
3399,42,147399,2016-05-17,Finance,93
3400,34,36273,2015-04-24,Support,62
3401,48,121228,2024-11-19,Finance,99
3402,45,122091,2020-12-17,Finance,76
3403,32,136718,2017-07-31,Support,89
3404,32,113488,2019-08-14,Support,69
3405,59,76219,2016-06-19,Support,86
3406,26,43334,2023-10-26,Marketing,57
3407,49,58527,2021-11-09,Support,63
3408,44,88008,2022-04-19,Finance,62
3409,38,40860,2019-07-23,Marketing,80
3410,54,101545,2022-04-30,Support,92
3411,22,144316,2024-03-04,HR,77
3412,60,68744,2023-04-16,Sales,84
3413,64,115990,2022-10-06,Marketing,56
3414,55,133903,2022-05-27,Marketing,52
3415,62,138198,2023-04-18,Sales,86
3416,39,62125,2021-07-12,Marketing,57
3417,34,47459,2018-02-21,Support,76
3418,50,77085,2024-10-22,Engineering,66
3419,59,111099,2017-01-27,Sales,97
3420,63,117421,2022-09-16,Sales,76
3421,25,119494,2015-10-23,Sales,91
3422,46,68931,2021-06-11,Marketing,65
3423,34,145919,2020-03-28,HR,68
3424,25,83413,2023-10-21,Support,87
3425,46,100248,2023-01-07,Sales,85
3426,43,140494,2017-12-16,HR,93
3427,29,50982,2021-01-04,Marketing,66
3428,32,40150,2024-09-06,HR,91
3429,29,142223,2019-08-09,Engineering,74
3430,56,38593,2017-01-06,Finance,64
3431,49,67381,2023-08-23,HR,93
3432,60,50595,2020-11-21,Marketing,84
3433,51,56853,2024-10-03,Sales,54
3434,35,66495,2020-01-06,Marketing,57
3435,42,60815,2017-12-12,Marketing,75
3436,39,118478,2016-08-10,Engineering,92
3437,27,85991,2015-06-10,HR,61
3438,45,63349,2017-01-12,Marketing,69
3439,22,81990,2016-07-07,HR,58
3440,46,129279,2015-01-09,Support,95
3441,39,74223,2024-03-08,Engineering,57
3442,37,98274,2015-08-18,Engineering,63
3443,56,121428,2016-05-15,Sales,99
3444,51,45690,2023-08-31,Support,89
3445,50,42062,2015-03-11,Support,93
3446,51,40481,2023-12-23,Finance,56
3447,40,58205,2020-04-21,HR,56
3448,42,40940,2024-03-01,HR,52
3449,55,119299,2022-08-30,Engineering,83
3450,61,50607,2023-02-20,Support,93
3451,47,104554,2023-03-29,HR,59
3452,52,45187,2023-01-15,Engineering,67
3453,62,49563,2018-09-16,Engineering,76
3454,53,97262,2018-05-01,Engineering,72
3455,49,87225,2022-06-19,Marketing,60
3456,55,47221,2018-05-25,Marketing,90
3457,64,57937,2019-05-24,Finance,85
3458,54,71831,2018-01-06,Engineering,61
3459,38,132951,2020-06-22,Sales,68
3460,20,73601,2015-04-26,Finance,68
3461,64,99893,2022-03-18,Sales,65
3462,25,78367,2019-02-14,Finance,67
3463,60,137814,2024-02-29,Finance,98
3464,29,39964,2016-08-24,Sales,59
3465,24,112797,2019-01-26,Marketing,50
3466,53,57412,2020-05-14,HR,86
3467,41,91750,2020-09-28,Engineering,74
3468,24,65454,2024-07-28,Marketing,91
3469,34,57228,2022-09-23,Marketing,79
3470,24,97808,2020-06-01,HR,56
3471,41,118074,2023-02-06,Marketing,58
3472,29,87378,2022-09-19,Finance,53
3473,53,98827,2019-12-21,Support,62
3474,40,132994,2016-11-21,Support,91
3475,54,140502,2021-05-12,Finance,73
3476,33,135824,2018-02-24,Sales,61
3477,51,72438,2019-08-02,Sales,60
3478,48,125359,2018-06-08,Sales,62
3479,48,117937,2018-07-15,Engineering,88
3480,32,49768,2021-05-15,Sales,60
3481,51,105622,2015-08-19,HR,53
3482,28,111948,2022-07-12,Engineering,51
3483,33,72406,2023-03-28,Support,62
3484,54,140160,2019-11-22,HR,70
3485,61,117675,2015-09-16,Finance,68
3486,24,74645,2018-11-14,Engineering,57
3487,30,36372,2015-02-27,HR,51
3488,58,115501,2022-03-15,Support,60
3489,41,140533,2021-05-12,Engineering,75
3490,24,140584,2016-07-25,Engineering,88
3491,36,46709,2016-01-28,Support,92
3492,46,45210,2023-03-22,HR,88
3493,19,68674,2021-07-12,Engineering,53
3494,23,50080,2017-12-17,HR,86
3495,45,69709,2020-06-10,Sales,56
3496,26,141768,2020-10-31,Sales,82
3497,18,57250,2024-06-09,HR,55
3498,35,78137,2016-02-24,Engineering,77
3499,28,76412,2020-03-07,Sales,86
3500,37,103664,2020-12-12,Engineering,52
3501,35,103704,2022-12-28,Support,63
3502,48,91914,2021-10-02,Sales,66
3503,63,112524,2023-04-07,Support,85
3504,54,37065,2024-09-28,Engineering,66
3505,39,88876,2017-08-03,Support,74
3506,19,35622,2018-05-17,Sales,71
3507,22,123955,2021-09-08,Marketing,85
3508,23,124707,2019-12-18,Sales,70
3509,30,141733,2024-10-23,Marketing,86
3510,42,96201,2018-12-27,Sales,88
3511,37,122320,2015-01-17,Support,63
3512,53,77952,2015-01-06,HR,70
3513,63,100799,2019-05-31,Finance,95
3514,33,75687,2020-10-21,Finance,69
3515,46,64523,2022-03-21,HR,57
3516,41,126642,2015-12-18,Engineering,74
3517,36,77456,2023-08-03,Engineering,51
3518,32,96133,2017-05-17,HR,59
3519,35,134085,2020-03-20,Marketing,95
3520,44,138684,2020-02-12,Finance,82
3521,22,124937,2016-12-12,Marketing,62
3522,44,108200,2023-01-19,Support,63
3523,41,119922,2023-08-29,Support,96
3524,47,55570,2021-07-07,Sales,97
3525,31,73019,2019-03-23,Support,77
3526,61,75532,2018-10-18,Sales,92
3527,34,49239,2015-02-11,Sales,98
3528,38,111976,2017-10-01,Finance,72
3529,37,149231,2021-08-24,Finance,60
3530,51,108025,2017-10-18,Sales,59
3531,60,116907,2022-06-08,HR,55
3532,53,99847,2016-09-28,HR,61
3533,60,98470,2016-07-17,Engineering,72
3534,44,145897,2017-05-24,Engineering,94
3535,54,136629,2021-07-14,Engineering,50
3536,23,67909,2016-08-24,Support,90
3537,41,123848,2018-12-15,Marketing,64
3538,43,74999,2016-12-28,HR,73
3539,55,136748,2022-07-17,Support,55
3540,52,137625,2022-03-14,Engineering,50
3541,63,102227,2015-07-29,Engineering,61
3542,55,61498,2020-05-02,Engineering,61
3543,59,65825,2020-08-20,Support,88
3544,24,68179,2021-08-09,Marketing,80
3545,50,84412,2019-08-22,HR,67
3546,58,34409,2017-05-03,HR,73
3547,26,56751,2017-05-07,Marketing,80
3548,58,42041,2018-02-05,Support,51
3549,55,112190,2018-10-02,Support,52
3550,60,41586,2015-04-12,HR,60
3551,32,109468,2020-09-30,Support,77
3552,27,76501,2023-03-01,Finance,96
3553,24,51390,2018-06-03,Sales,67
3554,35,39587,2023-10-21,Support,90
3555,41,137009,2023-10-16,Engineering,89
3556,37,137562,2021-06-07,HR,75
3557,24,77013,2015-03-03,Finance,79
3558,59,93620,2021-11-15,HR,60
3559,18,108113,2019-08-01,Engineering,50
3560,36,66737,2022-10-10,HR,70
3561,37,54124,2018-10-10,Finance,72
3562,38,91527,2019-06-27,Sales,53
3563,29,145477,2021-09-07,Sales,69
3564,35,64077,2024-03-26,Engineering,82
3565,41,133693,2022-04-07,Engineering,85
3566,22,107514,2021-03-25,Marketing,73
3567,48,87654,2017-07-14,Engineering,62
3568,33,136263,2021-10-14,Engineering,62
3569,41,134885,2024-02-01,Sales,75
3570,19,125567,2023-07-25,Engineering,87
3571,63,41760,2019-12-03,Marketing,60
3572,52,80986,2022-11-06,Sales,78
3573,54,34944,2020-12-29,Finance,88
3574,59,138443,2015-08-11,Engineering,78
3575,60,145074,2016-04-16,Support,59
3576,59,61629,2020-05-22,Support,61
3577,64,69465,2018-04-17,Finance,79
3578,49,106575,2015-04-10,Finance,91
3579,49,52553,2021-07-14,Finance,50
3580,59,131505,2023-03-18,Sales,66
3581,47,108199,2023-08-15,Finance,88
3582,24,112227,2023-06-10,Finance,76
3583,26,45893,2023-03-12,HR,83
3584,63,33632,2022-05-24,Finance,50
3585,26,91779,2024-09-06,Finance,68
3586,53,146603,2016-09-19,Support,89
3587,62,54003,2021-06-28,Engineering,58
3588,58,64815,2024-02-17,Sales,71
3589,35,90107,2023-07-08,Engineering,91
3590,60,49622,2016-05-03,Sales,58
3591,23,94210,2017-11-06,Sales,97
3592,64,123190,2022-08-25,Engineering,65
3593,22,129087,2020-12-01,Marketing,50
3594,54,30486,2016-06-24,Sales,68
3595,54,33196,2016-07-30,Sales,66
3596,43,130565,2023-09-27,Sales,57
3597,50,58225,2019-09-01,HR,79
3598,64,62275,2020-07-09,Finance,67
3599,60,89896,2016-02-25,Marketing,59
3600,41,72487,2019-07-17,Support,53
3601,54,130995,2016-08-19,Finance,62
3602,42,130300,2023-03-22,Marketing,67
3603,41,36849,2020-07-22,Finance,97
3604,50,129794,2023-02-22,HR,58
3605,45,86866,2015-10-29,Finance,88
3606,27,145520,2017-05-09,Marketing,91
3607,38,114360,2017-09-12,Support,96
3608,32,142610,2019-10-13,HR,54
3609,58,105257,2024-11-11,Marketing,71
3610,58,57862,2021-05-29,Support,56
3611,40,34331,2015-11-22,Finance,74
3612,44,74648,2022-10-14,Support,55
3613,51,33262,2019-01-02,Marketing,58
3614,50,117858,2020-12-08,Sales,55
3615,54,110865,2016-05-04,Support,90
3616,46,80617,2017-03-02,Engineering,63
3617,53,117459,2024-07-24,Marketing,64
3618,25,64457,2019-07-22,Marketing,85
3619,38,93171,2019-12-13,Engineering,65
3620,39,75771,2015-08-02,Marketing,65
3621,57,143381,2020-01-15,Support,91
3622,54,101196,2015-10-20,Sales,67
3623,27,145817,2016-05-19,Sales,88
3624,35,53296,2020-03-19,HR,88
3625,38,119152,2019-08-26,HR,64
3626,21,127596,2016-10-14,Finance,69
3627,27,111238,2024-10-12,HR,90
3628,51,69291,2018-11-17,Engineering,95
3629,50,65169,2024-06-16,Support,88
3630,27,58341,2018-01-19,Finance,69
3631,18,91772,2018-11-27,Sales,50
3632,22,75647,2017-03-20,Engineering,64
3633,45,40974,2016-10-07,Support,72
3634,62,124826,2016-07-23,HR,66
3635,51,32956,2019-02-17,Support,63
3636,28,140363,2020-07-30,HR,91
3637,49,138642,2018-10-10,HR,80
3638,34,43806,2015-05-13,Support,58
3639,27,110391,2023-04-25,Support,70
3640,30,36458,2015-05-23,HR,99
3641,22,36853,2024-09-09,Marketing,79
3642,48,48320,2024-01-31,Finance,60
3643,37,75615,2018-02-17,Support,58
3644,19,123476,2016-01-25,Marketing,50
3645,21,69267,2020-12-24,Engineering,74
3646,20,60984,2017-11-02,HR,71
3647,40,82683,2015-06-04,Support,59
3648,51,136538,2024-11-24,Finance,59
3649,47,115269,2018-12-31,Marketing,55
3650,19,112269,2024-09-22,Marketing,51
3651,49,55705,2019-05-02,Engineering,65
3652,29,60720,2022-03-18,Support,57
3653,30,119614,2017-06-24,Support,93
3654,25,66169,2022-06-04,Sales,95
3655,22,49569,2023-01-08,Marketing,68
3656,64,84437,2023-10-15,Support,60
3657,60,49731,2016-10-05,Support,69
3658,38,84097,2020-07-21,Finance,99
3659,27,39569,2024-10-21,Marketing,75
3660,47,115192,2017-03-21,Finance,95
3661,48,138073,2020-02-10,Engineering,53
3662,23,111741,2018-07-17,HR,53
3663,43,43934,2024-08-16,Marketing,97
3664,56,132544,2021-09-08,HR,68
3665,23,76910,2016-09-10,Marketing,78
3666,28,50431,2022-01-04,Sales,79
3667,42,74135,2021-06-28,Marketing,60
3668,24,61385,2020-06-22,HR,71
3669,42,42818,2019-10-05,HR,80
3670,43,53977,2021-11-01,Marketing,90
3671,53,113990,2020-01-14,Marketing,96
3672,30,75784,2018-12-29,Sales,51
3673,19,64959,2023-07-29,Engineering,58
3674,45,119506,2019-04-19,Marketing,90
3675,30,114766,2019-11-03,Support,70
3676,49,85989,2021-07-17,Support,83
3677,25,34922,2024-08-21,Support,90
3678,19,43541,2018-04-12,Engineering,81
3679,57,85673,2015-09-15,Marketing,77
3680,54,122264,2022-09-03,Engineering,50
3681,58,112249,2019-02-25,Sales,53
3682,52,132781,2021-08-28,HR,59
3683,64,97853,2022-04-17,Engineering,87
3684,29,45916,2019-05-19,Sales,66
3685,33,54226,2024-09-15,Sales,51
3686,28,78380,2017-03-06,HR,90
3687,20,84545,2015-08-24,Support,69
3688,64,145981,2024-09-22,Support,83
3689,48,56425,2020-03-22,HR,89
3690,59,140777,2024-07-26,Support,67
3691,47,123464,2015-05-11,Finance,68
3692,25,46091,2021-08-13,HR,57
3693,48,30002,2020-07-12,HR,52
3694,61,70958,2023-03-03,Support,71
3695,34,50707,2024-05-29,Marketing,66
3696,31,108322,2023-02-16,Marketing,58
3697,47,135364,2018-07-12,Sales,61
3698,54,118031,2022-02-14,HR,60
3699,37,147026,2024-09-28,Finance,96
3700,63,149498,2020-09-04,Support,57
3701,21,58314,2017-05-29,Sales,93
3702,57,145557,2019-01-26,Engineering,96
3703,47,131291,2024-04-27,HR,97
3704,44,73220,2022-06-11,Finance,69
3705,21,118714,2017-04-11,HR,62
3706,26,49971,2021-02-17,HR,61
3707,26,79228,2024-02-20,Support,97
3708,43,58261,2022-02-13,Engineering,91
3709,30,134998,2023-03-07,Finance,77
3710,36,126343,2021-07-17,HR,68
3711,30,41340,2022-06-13,Engineering,77
3712,19,132153,2016-07-24,Engineering,71
3713,30,103273,2017-12-03,Sales,58
3714,50,136637,2018-01-19,Sales,97
3715,37,37310,2016-09-17,HR,81
3716,50,114880,2019-06-07,Marketing,73
3717,47,80621,2016-08-21,Sales,62
3718,64,75679,2024-03-15,Marketing,65
3719,19,139264,2019-05-02,Marketing,81
3720,60,138807,2017-09-22,Engineering,52
3721,29,127295,2016-05-14,Sales,63
3722,33,69994,2018-03-18,Finance,98
3723,60,30560,2016-01-25,HR,82
3724,47,41595,2022-10-14,Engineering,64
3725,35,133678,2015-09-02,Engineering,77
3726,40,138237,2018-05-07,Finance,79
3727,50,144476,2022-07-26,HR,64
3728,24,117310,2018-12-10,Marketing,91
3729,63,60783,2024-04-30,Marketing,87
3730,63,83175,2022-11-22,Marketing,93
3731,28,118220,2022-04-02,HR,80
3732,42,42213,2022-09-13,Support,73
3733,36,57713,2021-08-24,Support,71
3734,37,128336,2022-01-18,Engineering,57
3735,42,143197,2018-03-25,Finance,58
3736,51,77928,2023-12-16,Marketing,72
3737,22,49510,2017-01-19,HR,74
3738,25,128575,2017-11-06,HR,97
3739,62,44963,2023-10-30,Sales,64
3740,18,114629,2023-01-14,HR,52
3741,55,140901,2024-12-01,Finance,63
3742,53,138241,2023-10-09,Sales,96
3743,58,102258,2024-12-01,Finance,59
3744,56,102302,2018-04-02,Sales,50
3745,44,45928,2022-09-22,HR,76
3746,28,64416,2016-07-16,Sales,54
3747,24,130434,2021-07-21,Engineering,78
3748,32,97042,2020-01-24,Marketing,96
3749,54,110758,2023-05-19,Marketing,61
3750,47,74563,2015-09-22,Sales,86
3751,20,140920,2021-09-17,Sales,90
3752,56,41161,2019-05-24,Support,51
3753,40,122438,2023-02-01,Marketing,70
3754,33,101688,2020-06-24,Sales,62
3755,45,41162,2015-09-28,Finance,66
3756,55,148371,2017-10-14,Marketing,50
3757,35,149998,2017-12-07,Sales,58
3758,30,84951,2022-04-05,Support,94
3759,32,45659,2019-02-08,Engineering,95
3760,21,149200,2019-05-29,HR,73
3761,53,117794,2021-01-24,Engineering,90
3762,27,31379,2015-12-04,Finance,69
3763,58,121500,2019-05-01,Marketing,93
3764,28,87745,2016-12-03,Finance,79
3765,61,42516,2023-09-29,Sales,69
3766,42,54843,2022-01-14,Marketing,70
3767,42,51514,2019-09-22,HR,58
3768,42,103058,2020-03-09,Engineering,81
3769,31,105008,2024-10-13,Marketing,66
3770,42,105591,2022-02-08,Support,54
3771,22,55192,2016-12-30,Finance,84
3772,36,37446,2016-03-19,Support,58
3773,47,143073,2018-06-09,Marketing,65
3774,50,96945,2018-12-28,HR,63
3775,63,95792,2015-03-31,HR,75
3776,42,80575,2021-07-16,Sales,64
3777,43,131294,2015-03-16,Sales,93
3778,33,83517,2016-05-04,Support,78
3779,41,69534,2015-09-14,Sales,64
3780,36,58743,2021-08-21,Marketing,83
3781,19,145994,2020-04-11,Support,59
3782,52,93190,2016-08-09,Marketing,98
3783,25,43275,2016-06-21,HR,72
3784,21,30909,2024-05-31,Support,91
3785,46,64112,2021-02-04,HR,53
3786,49,147472,2021-09-22,Finance,98
3787,43,91264,2022-01-08,Sales,88
3788,40,31695,2023-10-22,Sales,64
3789,30,129323,2017-09-12,Engineering,51
3790,36,104391,2024-08-11,Finance,94
3791,41,95546,2019-07-22,Support,71
3792,32,81977,2024-12-04,HR,90
3793,44,131307,2019-03-13,Sales,58
3794,45,85872,2022-06-09,Marketing,66
3795,48,43739,2020-11-21,Engineering,59
3796,54,31789,2016-11-17,Sales,78
3797,35,135902,2015-02-26,Engineering,87
3798,56,68640,2019-08-16,Engineering,55
3799,57,67067,2019-03-10,HR,63
3800,61,68262,2019-03-24,HR,59
3801,37,148094,2023-08-22,Support,80
3802,24,131433,2016-05-22,HR,90
3803,27,37689,2022-06-11,HR,97
3804,56,118731,2019-09-12,HR,79
3805,54,77734,2015-10-26,Sales,52
3806,60,131838,2019-01-31,Engineering,70
3807,54,41319,2022-08-10,Support,61
3808,21,113694,2020-04-17,HR,58
3809,56,59545,2015-08-23,HR,77
3810,40,128750,2021-11-28,Engineering,94
3811,57,68699,2022-11-13,Engineering,71
3812,41,43746,2016-09-07,Support,75
3813,47,147408,2019-08-01,Engineering,65
3814,39,57632,2016-03-05,Finance,99
3815,60,98049,2020-03-12,Sales,56
3816,43,109431,2017-04-16,Engineering,55
3817,47,85654,2015-12-23,Marketing,72
3818,49,85381,2019-07-04,Finance,91
3819,60,44648,2015-07-16,Support,94
3820,26,109646,2017-03-02,HR,56
3821,26,37436,2024-06-30,Engineering,52
3822,52,54544,2022-01-26,HR,70
3823,48,95715,2015-12-08,HR,83
3824,49,148648,2017-07-19,Support,84
3825,32,143759,2022-10-10,Sales,55
3826,62,143620,2016-12-21,HR,82
3827,49,94947,2018-02-06,HR,68
3828,50,34507,2016-01-08,Finance,80
3829,38,128421,2018-12-27,HR,83
3830,32,57213,2015-12-25,HR,68
3831,60,34477,2021-12-21,Engineering,64
3832,23,79395,2023-02-15,Sales,58
3833,54,42755,2021-01-27,Support,83
3834,55,88905,2016-05-25,Finance,67
3835,45,134060,2016-11-02,Finance,58
3836,49,138154,2022-04-03,Finance,55
3837,31,141451,2019-06-28,HR,73
3838,30,73306,2019-03-14,Sales,61
3839,36,30148,2022-06-22,Engineering,76
3840,36,141895,2024-12-04,Finance,75
3841,62,104907,2015-06-22,HR,95
3842,35,108315,2017-08-09,Sales,85
3843,59,84544,2016-04-30,Sales,53
3844,61,82204,2021-04-29,Sales,78
3845,21,81529,2023-06-21,Marketing,74
3846,48,126578,2015-11-21,Support,96
3847,19,77096,2024-02-08,HR,74
3848,23,55287,2023-08-11,Marketing,84
3849,44,98184,2024-06-08,Sales,67
3850,18,117228,2016-10-12,Sales,97
3851,56,110770,2024-05-27,HR,53
3852,58,77780,2018-09-19,Support,64
3853,25,87893,2017-12-09,Sales,99
3854,36,91358,2015-01-02,Finance,75
3855,56,52117,2015-11-13,Sales,63
3856,58,88706,2021-08-17,HR,79
3857,22,112806,2018-09-10,Support,80
3858,24,146946,2021-08-12,HR,80
3859,56,107271,2021-06-19,Support,83
3860,40,112215,2019-03-02,Sales,55
3861,55,112600,2022-05-28,Engineering,85
3862,44,83450,2015-09-02,Sales,54
3863,34,122403,2017-07-11,Support,56
3864,44,115038,2024-10-15,Finance,64
3865,63,137532,2017-01-21,Marketing,60
3866,62,86921,2024-02-07,Support,71
3867,45,62535,2022-04-11,Finance,78
3868,26,46105,2024-05-22,Marketing,53
3869,63,45863,2024-03-17,Engineering,67
3870,60,40447,2016-07-20,Marketing,82
3871,46,140182,2024-11-04,Sales,59
3872,26,49642,2020-07-28,Marketing,80
3873,45,97643,2024-08-21,Engineering,52
3874,31,55017,2024-11-18,Engineering,74
3875,32,43313,2020-12-19,Engineering,73
3876,31,45167,2021-01-17,Marketing,97
3877,24,37523,2024-11-09,HR,99
3878,41,146378,2020-10-06,Sales,86
3879,55,40973,2017-11-06,Finance,76
3880,56,65774,2019-03-05,Finance,64
3881,43,145776,2017-03-28,Support,53
3882,46,54312,2018-08-08,Support,50
3883,60,142945,2017-03-14,Sales,95
3884,39,50874,2021-08-12,Sales,59
3885,34,33747,2020-10-03,HR,96
3886,43,54815,2016-04-27,Support,70
3887,30,135736,2021-06-07,Finance,60
3888,28,91509,2023-03-07,Marketing,50
3889,23,50684,2016-10-02,HR,71
3890,48,141573,2024-11-20,Support,86
3891,64,69770,2024-03-23,Marketing,99
3892,31,120751,2017-08-26,Marketing,96
3893,22,132841,2024-11-05,Support,85
3894,49,67089,2016-11-03,Sales,56
3895,59,30559,2016-07-11,HR,59
3896,34,45261,2021-06-20,HR,70
3897,30,128560,2023-05-07,Support,50
3898,64,62544,2021-05-25,Finance,87
3899,42,108233,2024-06-29,HR,62
3900,45,121552,2023-05-11,Finance,86
3901,58,78285,2018-03-16,Sales,98
3902,25,30432,2020-06-25,Sales,96
3903,18,101947,2015-03-02,Finance,54
3904,41,122159,2015-10-09,Marketing,55
3905,42,86768,2024-04-21,Marketing,74
3906,18,63439,2017-10-01,Support,91
3907,59,74674,2017-01-10,Support,98
3908,36,75371,2021-09-18,Engineering,92
3909,46,67297,2018-02-26,Support,51
3910,26,64743,2016-06-22,HR,66
3911,63,100051,2016-12-29,Sales,66
3912,29,117483,2017-06-07,HR,69
3913,20,43866,2018-02-27,Support,99
3914,21,112896,2020-10-07,HR,99
3915,54,62813,2019-06-07,Finance,91
3916,32,34512,2017-02-16,Support,65
3917,28,46630,2018-10-16,Engineering,69
3918,55,104519,2023-03-28,HR,65
3919,47,108561,2020-09-17,Sales,50
3920,41,41351,2021-08-26,Sales,58
3921,39,133627,2015-09-23,Marketing,66
3922,42,125707,2019-08-01,Marketing,64
3923,47,124002,2018-12-21,HR,76
3924,39,142713,2019-01-10,Engineering,80
3925,44,105787,2019-04-14,Marketing,95
3926,48,44367,2022-11-07,Engineering,81
3927,58,99868,2024-03-23,Engineering,84
3928,63,45700,2022-12-26,Marketing,59
3929,33,59318,2018-02-25,HR,53
3930,44,102499,2018-11-22,Engineering,74
3931,48,95226,2020-12-03,Marketing,97
3932,37,57939,2018-06-07,Finance,66
3933,62,78458,2020-03-09,Marketing,79
3934,52,138392,2019-01-21,Support,87
3935,39,140708,2024-10-15,Finance,92
3936,44,56148,2018-07-15,Sales,95
3937,52,108467,2015-04-23,HR,65
3938,33,120068,2022-02-27,Marketing,75
3939,53,99778,2019-12-03,Marketing,66
3940,62,86985,2021-09-27,Support,71
3941,45,114416,2016-08-06,Support,93
3942,53,74458,2015-04-12,Marketing,86
3943,19,38080,2021-08-11,Sales,89
3944,55,43908,2019-12-13,Sales,58
3945,30,120570,2017-01-07,Finance,65
3946,33,77482,2015-08-10,HR,51
3947,59,128375,2015-12-24,Engineering,92
3948,59,113768,2015-04-11,Support,66
3949,56,45831,2017-04-28,Sales,52
3950,47,92451,2018-03-26,Support,62
3951,36,132406,2015-01-26,Sales,58
3952,36,89372,2015-09-23,HR,89
3953,39,68737,2019-10-19,Marketing,72
3954,19,65057,2022-11-23,Marketing,60
3955,48,83024,2015-09-23,Marketing,63
3956,33,54074,2021-06-13,Finance,82
3957,24,127151,2016-12-17,Marketing,80
3958,63,107870,2021-12-13,Finance,63
3959,45,56548,2019-12-20,Marketing,92
3960,33,128066,2015-05-15,Support,66
3961,43,114101,2015-11-09,Marketing,92
3962,26,109409,2015-11-05,HR,66
3963,48,35899,2023-09-10,Sales,72
3964,22,138778,2023-01-28,Sales,85
3965,53,134194,2018-02-28,Support,73
3966,34,82134,2016-06-04,Marketing,75
3967,21,42598,2022-06-09,Finance,94
3968,29,122416,2019-07-19,Marketing,70
3969,36,142148,2023-12-11,Engineering,67
3970,60,83171,2021-01-05,Marketing,52
3971,61,30671,2020-10-28,Marketing,59
3972,57,65790,2018-03-25,Marketing,54
3973,21,142121,2021-10-27,Engineering,77
3974,21,108414,2017-02-09,HR,66
3975,61,31986,2024-07-01,Marketing,59
3976,64,137497,2016-02-13,Support,72
3977,35,32176,2023-04-19,Sales,84
3978,48,57115,2015-07-31,HR,50
3979,20,70002,2023-02-16,HR,86
3980,36,138828,2021-11-26,Finance,74
3981,50,108947,2022-10-09,HR,78
3982,43,67251,2022-05-01,Support,98
3983,31,68897,2021-02-08,Engineering,76
3984,50,138719,2020-04-02,Finance,52
3985,40,120964,2017-04-12,HR,90
3986,40,73284,2023-10-31,Finance,86
3987,60,72718,2019-08-11,Sales,70
3988,43,91480,2019-03-12,Finance,84
3989,55,34695,2019-06-26,Support,60
3990,58,147276,2017-06-17,Support,96
3991,20,82672,2015-10-28,Sales,68
3992,63,132320,2022-12-19,Finance,71
3993,31,144616,2019-04-23,Marketing,63
3994,61,34239,2022-03-28,Marketing,82
3995,30,59669,2024-06-16,Support,98
3996,29,34150,2018-08-02,Engineering,87
3997,56,56016,2022-12-11,Finance,82
3998,46,69236,2019-05-31,Marketing,55
3999,48,66943,2015-12-12,Finance,80
4000,42,111007,2024-03-26,Engineering,95
4001,50,53244,2019-02-21,Finance,59
4002,41,68985,2020-04-09,Sales,90
4003,48,83836,2018-11-12,Finance,52
4004,51,90848,2021-02-06,Engineering,77
4005,36,96134,2020-10-04,Support,94
4006,49,122044,2017-02-17,HR,82
4007,51,69159,2018-02-23,Support,54
4008,20,44908,2023-11-07,Support,56
4009,41,65518,2020-01-23,Marketing,71
4010,62,138220,2017-11-14,Support,72
4011,47,70891,2015-12-02,Engineering,67
4012,49,69220,2018-12-03,Engineering,56
4013,50,57588,2019-04-12,Engineering,98
4014,45,54188,2018-07-05,Marketing,57
4015,32,34019,2017-07-20,Support,53
4016,51,114932,2023-11-26,HR,82
4017,22,37973,2020-09-02,Engineering,83
4018,43,41136,2024-01-15,Engineering,53
4019,56,61285,2016-07-02,Sales,75
4020,50,118263,2016-06-19,Marketing,69
4021,33,30916,2023-10-07,Sales,94
4022,43,35206,2023-07-06,Support,67
4023,48,146211,2022-08-21,Marketing,91
4024,29,67696,2021-01-15,Support,91
4025,26,98226,2019-07-21,Finance,75
4026,26,85401,2024-08-07,Support,65
4027,41,106621,2018-04-07,Finance,52
4028,51,106256,2019-05-04,Engineering,99
4029,41,107256,2020-12-31,Marketing,62
4030,19,112630,2016-09-15,HR,97
4031,38,68546,2018-03-08,Sales,74
4032,64,84165,2021-02-25,Finance,60
4033,50,112335,2021-12-06,Support,70
4034,56,57007,2015-06-30,Support,69
4035,25,120921,2021-01-23,Marketing,86
4036,26,142408,2023-11-11,Finance,74
4037,50,132674,2023-09-22,Engineering,95
4038,37,115481,2024-03-19,Marketing,90
4039,59,31756,2020-04-11,Engineering,55
4040,34,121003,2019-07-05,HR,74
4041,55,88051,2021-08-02,Finance,79
4042,37,108210,2016-03-02,Finance,72
4043,35,125385,2018-12-23,Finance,85
4044,25,137472,2021-07-14,Support,80
4045,54,89884,2024-08-19,Sales,82
4046,44,132572,2023-03-24,Sales,53
4047,39,113583,2024-03-30,Marketing,75
4048,49,101127,2019-04-27,Finance,95
4049,52,125268,2018-03-17,HR,81
4050,24,50256,2017-05-15,Engineering,80
4051,29,82234,2017-03-27,Finance,73
4052,25,78671,2016-06-22,Sales,87
4053,39,49937,2021-05-23,Finance,68
4054,37,39399,2019-04-11,Marketing,63
4055,50,57657,2022-02-14,Finance,65
4056,21,102154,2023-08-09,Finance,77
4057,60,103551,2023-11-17,Support,82
4058,36,131012,2019-01-24,Support,71
4059,26,79608,2023-09-04,Support,76
4060,34,41179,2016-09-17,Engineering,94
4061,25,54783,2020-11-21,Support,67
4062,50,109360,2023-02-15,Support,61
4063,23,142424,2016-01-09,Finance,54
4064,33,103489,2015-10-02,Engineering,98
4065,35,71792,2021-04-18,Sales,68
4066,25,30386,2024-08-16,HR,74
4067,22,72678,2015-09-03,Sales,89
4068,36,98945,2019-06-27,Engineering,99
4069,48,84816,2024-11-30,Engineering,96
4070,35,141484,2018-05-13,HR,88
4071,33,134446,2019-05-22,Marketing,65
4072,64,135509,2017-09-16,Sales,90
4073,24,42109,2022-04-13,Marketing,92
4074,42,147919,2016-01-20,Finance,87
4075,39,70954,2024-06-22,Finance,65
4076,46,73151,2017-12-29,HR,61
4077,34,74772,2023-05-24,Engineering,76
4078,42,57916,2016-02-21,Marketing,57
4079,22,91707,2015-09-08,Sales,90
4080,20,72722,2022-09-27,Sales,82
4081,39,39777,2017-09-04,Marketing,93
4082,26,50968,2017-06-17,HR,67
4083,46,70794,2017-11-07,HR,85
4084,62,80192,2017-05-19,HR,83
4085,63,97650,2021-01-06,Sales,54
4086,31,131398,2018-09-27,Engineering,88
4087,47,52257,2019-09-24,Support,94
4088,40,113509,2017-07-23,Finance,59
4089,42,93308,2019-11-26,Marketing,65
4090,58,52113,2023-07-19,Engineering,86
4091,39,141359,2022-01-17,Support,66
4092,40,94373,2018-02-09,Marketing,85
4093,26,97507,2018-12-10,Sales,51
4094,49,136359,2021-01-04,Engineering,99
4095,39,57818,2016-06-02,Finance,62
4096,25,97264,2020-12-10,Engineering,66
4097,29,101939,2018-07-13,Support,62
4098,48,39340,2023-08-25,Marketing,90
4099,24,131846,2018-03-11,HR,73
4100,22,36212,2020-10-06,HR,66
4101,47,107061,2019-10-14,Engineering,74
4102,36,74239,2018-05-11,Marketing,70
4103,19,143551,2022-11-20,Marketing,86
4104,32,102012,2020-07-11,Marketing,62
4105,49,96540,2019-11-04,Sales,96
4106,63,33271,2017-05-02,Finance,92
4107,35,120999,2018-11-20,Marketing,85
4108,43,49977,2018-04-21,Sales,80
4109,50,129588,2022-12-29,Marketing,62
4110,18,35607,2024-03-14,Marketing,52
4111,20,81939,2024-02-18,Engineering,84
4112,32,37399,2020-02-19,Sales,52
4113,46,55117,2016-07-27,Marketing,88
4114,35,37498,2022-11-24,HR,92
4115,55,146519,2021-01-13,Marketing,50
4116,46,30329,2024-11-10,Sales,77
4117,48,68034,2018-04-14,Engineering,52
4118,53,116158,2021-04-01,Engineering,82
4119,58,77850,2021-06-26,Marketing,94
4120,43,71679,2019-09-24,Sales,85
4121,50,56707,2020-05-08,HR,62
4122,50,71476,2022-05-26,Engineering,86
4123,31,54154,2023-12-04,HR,72
4124,31,44439,2023-02-14,Support,53
4125,56,118051,2023-05-13,Support,68
4126,64,138085,2019-01-05,Marketing,53
4127,47,140290,2019-01-10,Finance,80
4128,48,49464,2015-03-19,Finance,62
4129,31,63270,2024-04-08,Finance,95
4130,27,112543,2016-09-29,Engineering,80
4131,54,107078,2019-08-11,Support,76
4132,23,53769,2020-07-12,Finance,51
4133,62,50156,2017-08-23,Engineering,62
4134,36,76336,2023-12-31,Support,89
4135,49,67909,2021-05-30,HR,97
4136,46,122609,2020-06-24,Marketing,89
4137,55,141663,2021-06-17,Marketing,60
4138,34,133606,2022-09-09,HR,92
4139,25,110981,2016-11-07,Sales,53
4140,28,144119,2022-01-02,Support,58
4141,43,102577,2015-11-19,HR,65
4142,48,134180,2020-01-29,Marketing,70
4143,43,43882,2017-11-18,Marketing,68
4144,45,31095,2021-01-02,Support,63
4145,41,141215,2024-04-29,Finance,93
4146,54,96615,2018-03-04,Engineering,75
4147,48,127911,2015-08-08,Support,81
4148,58,129777,2022-06-03,Engineering,74
4149,61,31212,2020-01-11,Support,51
4150,59,108784,2015-09-23,Marketing,85
4151,29,61368,2016-07-18,Finance,85
4152,58,55854,2016-01-10,Support,77
4153,55,88784,2021-09-11,Marketing,91
4154,63,77573,2024-08-22,HR,74
4155,35,51573,2024-08-07,Support,67
4156,33,96062,2024-09-18,Sales,97
4157,25,129596,2023-06-29,Support,92
4158,24,55104,2019-08-07,HR,99
4159,49,45926,2021-11-07,Engineering,62
4160,64,50566,2016-01-24,Sales,78
4161,39,79984,2019-07-09,Sales,78
4162,22,104489,2021-08-26,Engineering,84
4163,27,89858,2019-07-21,Sales,86
4164,24,144605,2018-01-27,Finance,84
4165,62,132537,2016-02-12,Support,51
4166,23,38007,2021-12-25,Engineering,85
4167,42,147419,2018-09-21,Sales,96
4168,57,127798,2017-04-03,Finance,95
4169,40,96770,2024-11-06,Sales,95
4170,39,129724,2018-01-23,HR,70
4171,18,85186,2018-02-08,HR,82
4172,21,49689,2017-09-22,Support,52
4173,44,113251,2021-01-15,Sales,90
4174,52,86091,2018-11-05,Sales,55
4175,23,51942,2020-12-19,HR,93
4176,40,95277,2024-12-08,HR,82
4177,33,50478,2020-06-24,Marketing,73
4178,22,123608,2020-10-09,Finance,91
4179,30,129502,2022-08-21,Marketing,61
4180,22,146580,2016-10-19,Sales,80
4181,45,96333,2018-07-07,Sales,67
4182,61,79306,2023-12-06,Sales,84
4183,43,58024,2022-04-01,Finance,88
4184,35,116240,2015-11-17,Finance,74
4185,48,97428,2015-10-07,Finance,51
4186,50,137754,2017-11-04,Sales,92
4187,49,118593,2019-03-14,HR,66
4188,51,105430,2017-02-13,Marketing,56
4189,59,30565,2020-11-24,Support,84
4190,47,105851,2015-10-12,Finance,84
4191,28,67180,2022-01-22,Engineering,93
4192,21,136520,2015-01-07,Marketing,97
4193,49,53123,2024-07-26,Engineering,99
4194,48,141491,2018-01-19,HR,87
4195,64,42288,2015-08-27,Sales,52
4196,54,147845,2020-02-20,Support,66
4197,31,99224,2024-10-01,Support,84
4198,30,74706,2016-12-13,Marketing,92
4199,19,34023,2015-03-11,Finance,96
4200,30,66735,2017-10-09,Finance,65
4201,35,128694,2021-01-04,Marketing,94
4202,53,94680,2019-04-21,Finance,79
4203,59,128536,2018-09-25,HR,56
4204,32,49515,2015-05-27,HR,89
4205,36,107034,2015-10-12,Engineering,86
4206,19,63001,2020-07-28,Sales,97
4207,30,72215,2020-07-06,Finance,90
4208,60,41882,2019-08-28,Support,80
4209,33,112665,2023-07-16,Marketing,93
4210,23,96267,2021-06-01,Sales,81
4211,61,124409,2016-04-27,Engineering,99
4212,35,55411,2024-11-08,Support,58
4213,24,44961,2024-05-31,Sales,57
4214,60,82870,2017-09-04,Sales,90
4215,57,94514,2017-06-12,Engineering,66
4216,19,108798,2019-02-24,HR,95
4217,46,48799,2016-12-04,Sales,71
4218,21,122152,2020-09-17,Support,55
4219,55,149833,2023-04-10,Finance,60
4220,43,33088,2021-01-02,Finance,73
4221,45,100114,2021-07-01,Sales,80
4222,30,99109,2017-09-13,Finance,84
4223,33,39422,2020-03-07,Support,92
4224,35,86174,2017-06-02,HR,86
4225,58,59430,2019-03-10,Finance,84
4226,62,85797,2024-05-18,Finance,84
4227,45,115350,2020-02-05,HR,87
4228,26,31995,2019-04-18,Support,64
4229,38,66659,2020-03-10,Sales,84
4230,59,104034,2015-05-11,Sales,68
4231,40,38524,2022-07-02,Engineering,93
4232,18,144930,2023-03-29,Finance,78
4233,41,54399,2021-04-06,HR,74
4234,40,118667,2019-07-30,HR,96
4235,33,50714,2022-02-12,Sales,87
4236,28,108018,2017-10-26,Marketing,64
4237,18,63414,2017-06-16,Finance,50
4238,49,75468,2024-07-04,Support,75
4239,40,102108,2015-01-02,Marketing,92
4240,46,76835,2024-01-11,HR,87
4241,50,142454,2024-06-28,Sales,61
4242,48,91855,2024-06-22,HR,69
4243,34,97619,2020-07-16,Engineering,52
4244,18,143521,2015-11-19,Sales,76
4245,64,66519,2015-01-29,Engineering,82
4246,37,133565,2018-02-14,Support,85
4247,22,64262,2024-04-13,Marketing,94
4248,32,145589,2022-04-09,HR,82
4249,36,124334,2024-08-31,Engineering,62
4250,46,128748,2016-03-21,Marketing,55
4251,32,104191,2019-01-21,Marketing,73
4252,40,130591,2020-07-06,Sales,59
4253,58,34008,2015-01-21,HR,98
4254,34,30496,2020-12-23,Support,93
4255,62,50637,2021-08-22,HR,93
4256,63,149753,2019-09-12,Sales,68
4257,46,146481,2017-02-15,Finance,85
4258,36,34761,2024-04-10,Marketing,64
4259,64,46375,2018-02-01,Support,87
4260,20,60565,2016-07-08,HR,65
4261,19,99726,2017-02-14,Finance,77
4262,24,79629,2020-12-25,HR,92
4263,24,43795,2016-05-23,Support,78
4264,41,79907,2018-06-01,Finance,88
4265,21,72623,2017-10-02,Engineering,78
4266,61,140724,2024-07-27,Finance,78
4267,47,49996,2016-11-26,Marketing,75
4268,36,113609,2019-07-21,Finance,86
4269,44,59405,2022-03-08,Sales,79
4270,20,144426,2016-04-08,Marketing,92
4271,24,37548,2019-06-11,HR,98
4272,26,127780,2017-02-14,Engineering,90
4273,59,89980,2015-04-16,Support,64
4274,22,65036,2016-09-08,Marketing,84
4275,44,69322,2017-07-03,Support,57
4276,49,81667,2021-01-12,Marketing,59
4277,30,102894,2023-07-06,Engineering,78
4278,52,52588,2018-08-12,HR,57
4279,46,113038,2016-05-20,Support,90
4280,47,37637,2020-02-17,HR,70
4281,29,36922,2023-12-02,Sales,51
4282,58,147217,2017-11-30,Finance,52
4283,33,57843,2017-04-09,Engineering,72
4284,37,133064,2019-12-30,HR,79
4285,35,146585,2018-04-22,HR,60
4286,46,141769,2022-03-25,HR,72
4287,37,76060,2018-03-30,Support,51
4288,41,144462,2016-03-19,Sales,76
4289,19,124712,2015-03-25,Sales,63
4290,21,113184,2017-12-16,Engineering,62
4291,53,98258,2024-12-11,Engineering,93
4292,25,62705,2017-04-07,Finance,55
4293,48,146361,2016-05-02,Finance,93
4294,38,117273,2024-04-07,Sales,59
4295,40,80818,2020-11-14,Marketing,81
4296,37,92409,2022-04-16,Finance,78
4297,58,83555,2021-07-20,Support,95
4298,51,94356,2016-07-21,HR,69
4299,25,135542,2018-05-24,HR,55
4300,28,128303,2020-06-30,HR,93
4301,35,40482,2018-05-22,Support,91
4302,46,136968,2016-05-26,Sales,70
4303,63,86194,2020-03-02,Marketing,67
4304,41,59550,2016-06-25,Engineering,87
4305,27,32970,2021-06-13,Finance,61
4306,24,143855,2019-04-08,Engineering,99
4307,43,97342,2023-08-09,Finance,82
4308,54,44126,2016-12-22,HR,80
4309,52,117744,2021-11-01,HR,57
4310,29,77994,2023-07-11,Engineering,68
4311,42,76648,2017-11-22,Finance,81
4312,29,111214,2018-11-18,Sales,62
4313,45,122160,2019-03-06,Sales,55
4314,25,104947,2021-12-13,Engineering,54
4315,42,83333,2024-02-15,Support,77
4316,56,66163,2015-01-26,Sales,53
4317,64,114730,2015-06-21,HR,70
4318,54,135576,2018-08-08,HR,51
4319,24,134496,2019-08-27,Marketing,65
4320,34,37507,2024-08-21,Engineering,72
4321,51,98682,2020-06-02,Engineering,83
4322,50,145481,2018-03-11,Finance,51
4323,40,115973,2021-09-08,Finance,83
4324,32,68665,2017-09-17,HR,64
4325,59,47500,2021-02-09,Finance,72
4326,34,34027,2022-11-02,Engineering,58
4327,53,116984,2019-02-28,Engineering,65
4328,53,123743,2018-09-03,Marketing,82
4329,48,49781,2023-08-20,Finance,59
4330,33,133157,2021-08-17,Marketing,71
4331,30,124415,2023-06-02,Support,78
4332,23,102010,2016-08-18,Engineering,73
4333,46,129074,2022-10-18,Engineering,59
4334,18,55395,2019-08-31,Support,92
4335,43,78889,2016-03-02,Sales,61
4336,31,103048,2023-07-17,Support,57
4337,60,133235,2016-08-03,Engineering,77
4338,24,117945,2017-09-24,Marketing,85
4339,19,75913,2015-09-10,Marketing,99
4340,31,92457,2024-10-21,Support,65
4341,60,134489,2017-07-10,Engineering,66
4342,63,46661,2020-06-03,Sales,53
4343,36,62833,2023-10-29,HR,88
4344,26,143659,2021-12-23,Sales,68
4345,33,87141,2017-05-02,Marketing,74
4346,35,123590,2021-08-13,Engineering,70
4347,28,141654,2016-12-01,HR,90
4348,21,37960,2015-07-25,Engineering,81
4349,47,87772,2022-07-31,Marketing,75
4350,53,148066,2024-05-10,Marketing,83
4351,26,118267,2020-05-07,HR,51
4352,55,109364,2023-02-20,HR,54
4353,39,60531,2023-02-20,Marketing,58
4354,46,72645,2023-11-02,Engineering,76
4355,27,51711,2024-02-23,HR,91
4356,59,52076,2022-09-04,Sales,59
4357,23,134765,2021-08-18,Marketing,98
4358,22,101033,2018-11-12,Marketing,55
4359,64,137608,2021-07-20,Sales,99
4360,21,149655,2024-04-10,Sales,97
4361,49,59362,2021-07-09,Sales,84
4362,27,141649,2022-08-02,Support,85
4363,23,81370,2017-01-27,Sales,95
4364,33,41322,2017-05-22,Engineering,68
4365,51,86792,2015-06-27,Sales,80
4366,58,47629,2022-03-18,HR,88
4367,48,125634,2015-06-05,Marketing,84
4368,46,30442,2020-07-08,Finance,50
4369,21,107339,2019-05-22,Support,67
4370,43,40599,2017-05-11,Finance,68
4371,23,96567,2018-03-26,Finance,82
4372,60,79492,2021-04-25,Support,73
4373,42,76766,2020-07-17,HR,92
4374,36,39308,2018-08-02,Finance,59
4375,29,58064,2017-03-25,Finance,56
4376,34,72940,2020-06-30,Support,59
4377,48,68203,2023-06-30,Finance,55
4378,34,55905,2016-08-01,HR,86
4379,35,60653,2019-02-15,Support,75
4380,33,90103,2019-09-02,HR,73
4381,30,36044,2018-11-24,Support,81
4382,41,142719,2020-02-15,Finance,60
4383,49,51381,2017-02-12,Sales,84
4384,50,113108,2016-02-02,Sales,62
4385,27,79892,2019-04-11,Sales,75
4386,63,113920,2022-09-30,Marketing,50
4387,42,133457,2021-09-03,HR,88
4388,27,58287,2016-07-21,Sales,69
4389,24,103527,2023-05-30,Engineering,65
4390,54,124620,2020-05-11,HR,61
4391,34,134239,2024-07-02,Marketing,69
4392,43,137631,2017-04-18,Sales,68
4393,64,46651,2024-04-26,HR,70
4394,59,109164,2016-09-26,Support,83
4395,24,149148,2023-09-11,HR,84
4396,32,79088,2017-06-10,Sales,75
4397,52,102216,2023-01-27,Sales,91
4398,32,58757,2016-04-22,Marketing,55
4399,32,86151,2018-10-30,Support,70
4400,24,79272,2022-05-31,Engineering,78
4401,49,104527,2017-08-06,HR,54
4402,21,113029,2022-08-05,HR,67
4403,52,54561,2017-08-17,Sales,99
4404,41,55921,2020-05-31,Finance,62
4405,32,68596,2016-07-18,Engineering,52
4406,54,118356,2019-02-09,Finance,86
4407,20,55378,2022-04-12,Marketing,72
4408,45,119595,2017-11-23,Engineering,79
4409,35,94377,2020-10-06,Sales,85
4410,50,139503,2023-10-20,Marketing,75
4411,57,79063,2020-08-24,HR,56
4412,25,113071,2015-06-25,Sales,80
4413,29,89567,2019-12-13,Finance,80
4414,61,136706,2015-12-22,Engineering,59
4415,56,48891,2024-09-21,Finance,69
4416,54,90719,2016-11-21,Marketing,90
4417,24,66723,2015-12-13,Sales,63
4418,28,50422,2019-02-01,Support,78
4419,27,119180,2017-03-08,Support,58
4420,53,88031,2019-12-26,Engineering,59
4421,36,113127,2020-03-24,Support,80
4422,34,98232,2015-11-28,Sales,94
4423,50,53457,2020-08-03,Sales,94
4424,41,59960,2016-07-21,Engineering,56
4425,33,37910,2021-08-03,Sales,55
4426,28,50092,2015-01-28,HR,61
4427,59,103228,2024-08-10,Sales,61
4428,38,107257,2017-05-10,Support,69
4429,53,132491,2018-10-31,Support,73
4430,22,30036,2015-03-21,Finance,61
4431,52,103596,2024-01-26,Marketing,89
4432,19,59873,2018-02-11,Support,90
4433,62,56470,2017-01-11,Marketing,91
4434,26,36333,2017-06-16,Engineering,71
4435,64,41268,2015-12-24,Engineering,61
4436,18,140379,2023-06-24,Marketing,71
4437,55,118306,2024-07-13,Engineering,68
4438,33,128718,2020-08-31,Engineering,52
4439,40,65497,2024-05-13,Marketing,67
4440,43,143292,2017-05-15,Marketing,67
4441,20,130473,2019-08-20,Finance,72
4442,20,108424,2019-12-30,Finance,76
4443,61,112494,2020-12-14,Support,76
4444,56,115464,2019-09-19,Sales,73
4445,25,122680,2021-12-15,Sales,95
4446,54,117412,2022-10-04,Engineering,68
4447,33,51143,2024-08-23,HR,93
4448,38,44179,2016-04-23,Finance,89
4449,56,40222,2020-07-20,Engineering,55
4450,22,53949,2024-07-24,Support,94
4451,59,78817,2023-05-23,Finance,53
4452,25,59655,2020-05-20,Marketing,60
4453,34,44193,2022-03-21,Sales,70
4454,43,90010,2024-03-04,Engineering,97
4455,61,78812,2016-06-21,Sales,76
4456,33,95782,2021-09-18,HR,75
4457,50,141646,2016-09-23,Finance,97
4458,64,115637,2016-04-09,Marketing,93
4459,25,137334,2015-09-20,HR,83
4460,61,125028,2016-12-25,Marketing,63
4461,33,108506,2023-10-23,Engineering,58
4462,27,30255,2022-10-04,Engineering,66
4463,29,45487,2024-06-24,Finance,55
4464,36,65050,2024-03-09,Finance,90
4465,46,113397,2023-08-23,HR,74
4466,41,51976,2021-08-07,HR,65
4467,33,36277,2018-09-23,Sales,86
4468,38,139443,2016-08-20,Support,83
4469,45,54741,2023-07-08,Sales,90
4470,45,139392,2024-03-05,Marketing,63
4471,24,36869,2022-03-24,Marketing,50
4472,46,124515,2023-07-18,Marketing,80
4473,47,87016,2016-05-29,Support,64
4474,35,107922,2015-03-08,Engineering,99
4475,47,91993,2023-04-04,Engineering,60
4476,44,106695,2015-02-13,Engineering,84
4477,56,61815,2023-05-02,Sales,67
4478,30,129372,2019-05-29,Marketing,73
4479,40,106464,2018-11-09,Sales,79
4480,48,115013,2018-11-08,Finance,93
4481,45,117231,2016-04-10,Engineering,62
4482,42,47771,2015-04-06,Finance,95
4483,24,82076,2021-05-15,Sales,55
4484,41,59714,2021-12-10,Engineering,68
4485,53,38562,2023-08-12,Marketing,58
4486,53,61589,2019-08-15,HR,89
4487,46,53447,2024-06-13,HR,97
4488,22,84708,2016-06-06,Sales,91
4489,62,48812,2023-10-24,Finance,75
4490,31,94230,2015-02-18,Support,78
4491,23,146102,2023-05-28,Engineering,86
4492,35,109830,2022-06-25,Marketing,93
4493,55,62442,2016-03-09,HR,50
4494,21,145442,2020-08-30,HR,93
4495,64,77650,2017-01-05,Engineering,72
4496,44,34923,2019-06-28,Marketing,75
4497,25,49199,2017-02-24,Sales,92
4498,33,82136,2023-02-25,Support,52
4499,49,119796,2018-04-17,Sales,69
4500,31,144427,2023-09-11,Support,81
4501,43,119710,2019-11-17,Marketing,55
4502,53,145762,2023-01-10,Finance,54
4503,30,65999,2016-08-28,Sales,65
4504,18,92668,2023-08-27,Support,60
4505,25,74440,2015-10-17,Finance,89
4506,49,85255,2024-12-07,Finance,77
4507,31,41244,2015-03-06,Marketing,52
4508,53,69551,2021-12-26,Marketing,76
4509,37,99358,2015-09-04,Support,64
4510,44,113700,2022-08-06,Sales,94
4511,58,110219,2021-08-13,Finance,74
4512,59,39916,2021-06-20,Finance,93
4513,63,57360,2022-03-21,Sales,95
4514,31,52703,2020-08-13,Sales,63
4515,18,124799,2023-09-07,HR,67
4516,24,111614,2023-01-25,Engineering,73
4517,30,64248,2020-01-02,Marketing,64
4518,52,116103,2017-10-18,Engineering,82
4519,33,110903,2017-01-25,Support,78
4520,40,140252,2015-05-01,Sales,80
4521,57,35813,2022-07-29,Engineering,63
4522,47,91748,2024-01-13,Finance,88
4523,44,69759,2019-06-20,Finance,55
4524,50,147035,2016-07-11,Support,67
4525,33,144699,2021-11-21,HR,69
4526,62,70639,2021-04-13,Sales,89
4527,46,85261,2015-02-14,Support,75
4528,39,60048,2015-10-14,Engineering,88
4529,64,46924,2024-03-12,Sales,71
4530,62,62844,2024-06-15,Engineering,58
4531,41,51518,2016-01-28,Marketing,85
4532,30,99803,2024-05-16,Support,86
4533,24,119572,2020-09-01,Support,90
4534,31,110249,2016-04-27,HR,61
4535,53,32419,2022-12-31,HR,89
4536,34,131799,2023-07-21,Sales,78
4537,44,87600,2015-05-21,HR,83
4538,21,36487,2015-04-19,Engineering,70
4539,50,61110,2019-07-04,Finance,50
4540,58,79410,2015-04-05,Support,93
4541,32,113038,2018-02-07,Support,65
4542,27,116261,2018-01-03,Finance,78
4543,23,88268,2018-02-14,Support,66
4544,39,61127,2024-05-08,Finance,66
4545,38,79714,2023-01-27,HR,99
4546,28,98535,2015-03-17,Support,56
4547,59,139606,2020-04-17,Engineering,54
4548,61,52063,2022-12-21,Engineering,70
4549,35,108946,2015-02-23,Marketing,69
4550,32,40564,2017-02-03,Sales,62
4551,29,79725,2022-03-07,Marketing,70
4552,54,92085,2020-03-17,HR,56
4553,43,39705,2019-01-26,HR,97
4554,25,121080,2015-02-17,Support,76
4555,21,85828,2020-12-23,Sales,80
4556,38,138007,2024-08-31,Support,74
4557,56,144420,2022-08-02,Engineering,84
4558,60,141016,2022-02-10,Engineering,86
4559,59,83678,2016-07-20,Marketing,77
4560,31,117363,2016-02-13,Finance,69
4561,51,40315,2018-10-09,HR,82
4562,41,39107,2015-10-15,HR,54
4563,55,33869,2015-09-06,HR,73
4564,60,92695,2015-07-01,Support,56
4565,53,126805,2020-08-10,Finance,65
4566,32,131293,2018-06-21,Marketing,72
4567,29,68108,2020-05-14,Finance,93
4568,32,33932,2024-03-22,Support,94
4569,60,97965,2017-05-27,Support,98
4570,38,40510,2023-06-27,Finance,63
4571,59,102683,2015-04-24,Sales,65
4572,32,132633,2021-01-22,Support,53
4573,44,43782,2024-04-13,Finance,78
4574,58,95587,2023-05-12,Support,58
4575,60,102746,2017-10-21,Support,56
4576,59,60916,2017-05-09,Sales,54
4577,28,142894,2023-01-02,Finance,90
4578,45,83583,2020-12-07,Marketing,90
4579,47,37043,2023-07-15,Marketing,51
4580,63,70642,2015-07-22,HR,99
4581,38,56309,2016-06-07,Engineering,92
4582,35,143259,2024-10-09,Marketing,54
4583,26,114179,2024-12-23,Support,77
4584,43,59265,2017-10-10,Finance,68
4585,20,53880,2023-10-29,Marketing,85
4586,48,100192,2018-01-28,Support,66
4587,40,57425,2024-08-07,Support,90
4588,58,97396,2018-02-26,Support,64
4589,64,116274,2017-01-02,Finance,68
4590,45,105010,2024-05-21,Marketing,87
4591,21,62599,2018-12-06,Engineering,80
4592,62,105706,2017-05-08,Engineering,94
4593,28,81364,2016-06-10,Marketing,50
4594,26,94912,2022-06-10,HR,50
4595,20,84766,2024-06-17,HR,75
4596,48,35913,2018-10-16,Support,72
4597,47,123449,2024-10-12,Support,57
4598,61,104968,2015-06-30,Sales,71
4599,32,122026,2016-12-16,HR,90
4600,27,104387,2015-12-25,Support,90
4601,64,118662,2016-06-01,Support,50
4602,19,85609,2015-09-07,Engineering,68
4603,31,35703,2020-05-22,Finance,87
4604,29,138953,2019-04-12,Support,76
4605,46,91710,2023-01-13,Sales,95
4606,18,66923,2019-08-16,Sales,92
4607,45,92904,2022-03-07,Finance,52
4608,35,98147,2021-12-14,Sales,83
4609,49,104716,2016-05-16,Finance,74
4610,43,89622,2020-02-10,HR,57
4611,36,103973,2020-03-11,Support,96
4612,59,148037,2021-10-28,Engineering,78
4613,50,57301,2021-06-13,Support,94
4614,63,116818,2022-02-09,Engineering,92
4615,20,110722,2022-11-30,Support,59
4616,44,55230,2016-12-28,Sales,60
4617,64,120201,2020-07-25,Support,73
4618,30,70159,2015-09-30,Finance,86
4619,21,117052,2015-07-25,Engineering,58
4620,51,35239,2015-12-23,Marketing,86
4621,24,133424,2021-05-31,Engineering,61
4622,38,131770,2024-08-21,HR,93
4623,61,59739,2024-10-24,Finance,63
4624,51,44497,2016-11-20,Finance,74
4625,21,122019,2015-08-24,Engineering,75
4626,33,99385,2024-02-25,Marketing,94
4627,19,63826,2023-03-16,Marketing,68
4628,23,114242,2015-07-27,Engineering,57
4629,31,42809,2017-01-19,Marketing,52
4630,55,68428,2019-06-29,Support,64
4631,40,141126,2021-02-27,Finance,67
4632,63,74498,2017-07-13,Support,77
4633,43,62009,2016-06-24,Support,96
4634,21,47718,2023-04-20,Sales,51
4635,20,92598,2023-07-11,Finance,65
4636,48,76665,2022-07-31,HR,68
4637,45,138368,2020-08-10,Sales,77
4638,36,51988,2024-08-11,HR,72
4639,37,120444,2024-01-22,Sales,92
4640,28,123103,2020-11-27,Support,64
4641,34,63717,2024-02-07,Sales,99
4642,45,147202,2015-06-09,Engineering,53
4643,39,139525,2018-01-30,HR,86
4644,56,69713,2016-06-12,Support,82
4645,61,52185,2017-05-11,Support,89
4646,50,82107,2016-12-30,Support,51
4647,45,100729,2024-03-11,Support,71
4648,34,78217,2024-12-10,Engineering,52
4649,24,132123,2017-04-28,Engineering,57
4650,37,59410,2023-08-31,Sales,66
4651,45,146968,2022-11-08,Sales,59
4652,39,78127,2022-11-09,Support,87
4653,50,62875,2021-10-01,Finance,86
4654,30,31626,2021-04-03,HR,64
4655,39,102413,2024-08-27,Marketing,92
4656,57,62356,2017-06-08,Engineering,83
4657,61,64875,2016-02-02,Engineering,83
4658,52,116889,2019-12-14,Finance,68
4659,25,131350,2015-05-30,Finance,82
4660,61,63276,2022-04-21,Sales,77
4661,54,33439,2019-06-17,Finance,74
4662,53,108672,2022-03-02,Sales,73
4663,38,90289,2021-08-17,Sales,80
4664,61,80912,2020-12-09,Engineering,79
4665,29,61403,2020-10-31,Sales,61
4666,41,78791,2016-07-11,Marketing,60
4667,30,63370,2015-01-28,HR,57
4668,27,138287,2016-12-26,Engineering,57
4669,37,140407,2023-12-03,Finance,58
4670,24,108413,2024-12-27,Engineering,77
4671,19,143528,2020-05-10,Sales,92
4672,25,137220,2019-02-04,HR,96
4673,45,79954,2023-03-02,Finance,72
4674,63,115757,2016-02-26,Support,64
4675,19,45932,2018-02-14,Marketing,61
4676,53,109810,2019-09-05,Support,54
4677,20,98344,2021-02-09,HR,96
4678,36,75028,2017-09-01,HR,66
4679,31,40523,2020-08-23,Finance,76
4680,27,93042,2016-06-10,Sales,85
4681,55,120743,2016-01-07,Marketing,74
4682,39,133727,2019-01-14,Marketing,88
4683,64,67085,2018-04-05,Support,70
4684,47,140939,2021-11-13,Sales,80
4685,43,109082,2017-04-17,Marketing,71
4686,38,124884,2015-07-31,Engineering,62
4687,38,82104,2022-11-15,HR,66
4688,64,119300,2019-05-11,HR,80
4689,56,128869,2023-05-25,HR,71
4690,29,51183,2018-04-15,Sales,55
4691,33,72244,2024-09-14,HR,58
4692,63,99863,2022-09-08,Marketing,63
4693,61,103150,2020-07-21,Engineering,91
4694,47,71011,2021-08-26,Marketing,75
4695,62,145228,2017-08-22,Finance,68
4696,64,96951,2021-10-21,Marketing,72
4697,59,115982,2022-09-19,Marketing,84
4698,49,46569,2021-04-14,Sales,54
4699,33,109120,2015-10-11,Engineering,81
4700,55,129065,2021-10-08,Support,81
4701,37,93087,2024-04-12,Finance,51
4702,37,140190,2016-02-07,Support,67
4703,18,134505,2022-10-25,Sales,78
4704,46,49154,2024-01-24,Support,93
4705,57,50229,2023-09-29,Finance,93
4706,56,79713,2016-05-08,Engineering,95
4707,25,105863,2018-10-25,HR,69
4708,31,64948,2018-10-05,HR,90
4709,57,67921,2017-09-02,Support,65
4710,62,147958,2023-03-12,Engineering,65
4711,24,78282,2018-06-28,Engineering,63
4712,31,111067,2022-05-30,Engineering,82
4713,50,136283,2018-05-05,Support,69
4714,64,43731,2019-09-12,HR,56
4715,49,50719,2024-04-15,Support,52
4716,56,79116,2015-03-22,Engineering,73
4717,39,52597,2020-04-15,Sales,97
4718,41,123287,2020-06-05,Sales,72
4719,55,97913,2017-09-16,Engineering,65
4720,28,92751,2017-10-18,Support,94
4721,23,80391,2015-07-12,HR,82
4722,29,116711,2019-12-28,Finance,76
4723,55,32365,2024-12-12,Support,67
4724,62,74134,2018-12-16,HR,62
4725,57,31949,2021-01-27,HR,98
4726,58,86947,2021-06-09,Marketing,62
4727,51,74387,2023-03-29,Finance,79
4728,42,139249,2020-08-14,HR,85
4729,35,105268,2023-04-07,HR,68
4730,59,36929,2022-04-30,Support,81
4731,38,113721,2024-10-15,Sales,86
4732,39,39228,2023-06-24,Support,66
4733,26,93575,2021-11-02,Sales,93
4734,31,101725,2017-07-31,Finance,57
4735,54,60226,2022-11-18,Engineering,77
4736,63,116760,2021-11-18,Engineering,79
4737,24,145450,2017-07-15,Marketing,75
4738,57,92509,2022-09-21,Engineering,95
4739,28,67389,2019-07-16,Engineering,70
4740,25,54578,2023-05-29,HR,77
4741,46,102534,2019-08-18,Finance,67
4742,52,96046,2023-01-09,Engineering,62
4743,29,42974,2024-07-20,Support,99
4744,22,123433,2022-08-10,Sales,60
4745,64,85598,2024-08-27,Engineering,80
4746,48,54204,2020-03-30,Support,63
4747,62,83609,2017-03-03,Engineering,74
4748,50,40336,2021-07-05,Support,64
4749,33,73563,2015-02-22,Engineering,87
4750,23,147355,2015-12-04,Sales,74
4751,32,45619,2020-03-21,Finance,53
4752,47,38798,2016-01-27,Finance,81
4753,61,142870,2017-03-22,Support,58
4754,58,39415,2015-11-22,Marketing,63
4755,50,117638,2018-06-29,Support,70
4756,29,38120,2017-11-20,HR,51
4757,30,140205,2024-06-24,Engineering,53
4758,37,39649,2020-09-13,HR,97
4759,31,41805,2020-12-04,Support,78
4760,25,73147,2019-10-08,Finance,90
4761,55,136777,2019-01-06,Support,99
4762,19,106215,2020-02-01,Support,63
4763,23,40985,2019-03-15,HR,89
4764,48,81928,2015-06-02,HR,81
4765,29,148000,2017-05-02,Finance,62
4766,36,72923,2017-04-22,Marketing,97
4767,42,138638,2024-06-17,Sales,86
4768,42,72255,2018-03-31,Marketing,87
4769,60,38176,2024-01-07,Finance,72
4770,31,31669,2023-11-18,Sales,74
4771,40,147373,2022-11-25,Engineering,92
4772,29,70076,2018-06-23,Support,85
4773,56,36021,2022-06-28,Marketing,87
4774,57,143415,2016-09-06,Sales,57
4775,57,37904,2017-03-28,Support,83
4776,61,116478,2022-01-02,Sales,85
4777,52,130781,2019-06-28,Finance,71
4778,40,102743,2021-12-06,Marketing,94
4779,39,122510,2017-12-02,Marketing,62
4780,45,143145,2015-10-19,Engineering,69
4781,50,66303,2018-06-02,Support,78
4782,40,90695,2018-08-30,Finance,83
4783,24,55765,2017-08-16,Marketing,86
4784,21,123409,2024-05-21,Marketing,91
4785,39,87988,2021-06-15,HR,99
4786,59,131206,2020-08-20,Support,64
4787,48,53930,2024-04-24,Sales,58
4788,60,106025,2020-09-16,Support,74
4789,42,138668,2016-04-10,Sales,98
4790,38,94648,2023-04-09,Sales,97
4791,55,142789,2018-03-31,Marketing,92
4792,40,120032,2015-09-12,Support,53
4793,46,84030,2017-07-21,Engineering,50
4794,47,132236,2018-02-28,Engineering,69
4795,50,35608,2017-11-27,Sales,93
4796,53,85547,2020-10-18,Support,71
4797,30,39862,2019-04-02,HR,57
4798,45,105948,2017-03-17,HR,92
4799,26,87560,2023-10-02,Support,65
4800,27,124218,2018-07-10,Finance,80
4801,29,49323,2020-07-20,Finance,80
4802,31,87003,2023-11-20,Engineering,81
4803,34,69842,2020-01-29,HR,50
4804,46,83938,2024-12-31,Sales,53
4805,40,44235,2018-06-25,Marketing,65
4806,29,89316,2022-07-14,Marketing,70
4807,62,120896,2022-03-07,Sales,89
4808,30,61923,2019-12-08,Finance,81
4809,54,31614,2023-05-10,Marketing,61
4810,32,82805,2015-01-29,Support,66
4811,37,61688,2021-01-09,Sales,54
4812,40,68501,2023-03-27,Marketing,63
4813,34,52072,2016-02-13,Marketing,68
4814,50,67132,2020-09-21,Support,95
4815,44,47861,2015-11-30,Engineering,55
4816,50,48781,2020-12-08,HR,95
4817,52,61126,2015-11-02,Marketing,59
4818,36,136034,2022-08-08,Marketing,77
4819,40,86387,2018-03-29,Sales,69
4820,36,96266,2017-08-08,Marketing,83
4821,21,85031,2023-08-29,HR,87
4822,24,103839,2015-03-21,Engineering,56
4823,43,36553,2016-06-10,Finance,68
4824,26,74348,2016-12-03,HR,69
4825,59,94236,2021-10-26,HR,99
4826,33,48677,2018-09-16,HR,66
4827,39,30908,2023-01-28,Sales,61
4828,27,138352,2020-01-21,HR,81
4829,47,65079,2024-12-15,Marketing,70
4830,39,141889,2017-01-27,HR,51
4831,61,75320,2018-01-10,Sales,52
4832,43,60164,2016-04-25,HR,79
4833,45,31049,2017-04-30,Support,83
4834,25,96697,2022-03-26,Engineering,97
4835,60,88097,2021-06-14,Support,63
4836,57,109478,2019-02-09,HR,64
4837,34,147492,2021-06-28,HR,67
4838,49,129173,2018-09-09,Sales,72
4839,63,34694,2023-04-27,Sales,84
4840,56,97470,2019-07-10,HR,73
4841,45,147327,2020-12-11,Support,65
4842,57,59158,2020-10-24,Sales,55
4843,19,142117,2018-12-01,Support,62
4844,61,70750,2018-08-28,Support,58
4845,51,35594,2024-05-15,Engineering,78
4846,54,84698,2015-09-14,Support,71
4847,41,144630,2016-08-23,Sales,83
4848,29,73158,2022-10-16,HR,64
4849,50,55976,2024-10-21,Finance,62
4850,40,92821,2016-08-13,Marketing,81
4851,62,85665,2024-04-17,Support,84
4852,18,94814,2023-12-24,Finance,94
4853,22,145064,2019-12-03,HR,62
4854,22,30443,2024-05-16,Finance,81
4855,38,78791,2017-07-09,HR,67
4856,38,127077,2021-03-03,Engineering,59
4857,41,81559,2015-12-31,Marketing,96
4858,38,52488,2017-04-24,Engineering,72
4859,39,126707,2017-12-13,Engineering,83
4860,23,77003,2019-02-01,Sales,80
4861,52,76246,2020-04-03,HR,91
4862,40,83061,2016-12-26,Sales,65
4863,19,106439,2023-03-06,Sales,66
4864,62,82800,2022-09-15,Sales,55
4865,22,48040,2019-02-28,Engineering,94
4866,46,33339,2019-04-14,Sales,88
4867,64,49394,2021-06-06,Engineering,97
4868,18,107722,2018-10-21,Marketing,97
4869,41,134509,2020-05-20,Support,93
4870,36,45290,2016-11-17,Finance,57
4871,61,37470,2020-06-20,Finance,51
4872,47,85773,2018-09-25,Support,98
4873,56,101596,2022-12-31,Support,81
4874,18,143829,2019-06-22,Sales,62
4875,28,92601,2022-02-10,Marketing,97
4876,43,145447,2020-09-06,Finance,69
4877,34,106816,2021-05-13,Finance,53
4878,22,39915,2017-04-15,Sales,72
4879,63,40547,2015-08-20,Finance,59
4880,63,32459,2020-07-10,Finance,82
4881,60,133577,2017-03-03,Support,99
4882,46,112970,2020-04-29,HR,67
4883,57,45419,2016-09-10,Finance,59
4884,59,34676,2017-08-24,Marketing,59
4885,38,43463,2017-11-23,Finance,87
4886,20,70935,2024-06-18,Sales,80
4887,58,88596,2016-12-30,Support,51
4888,19,119062,2015-02-24,Engineering,98
4889,59,126491,2020-10-15,HR,83
4890,59,102467,2018-04-05,HR,82
4891,21,55772,2015-01-16,Sales,93
4892,28,89004,2016-04-12,Finance,91
4893,64,30260,2018-12-16,Marketing,74
4894,54,72145,2020-05-23,Engineering,58
4895,23,122561,2022-10-02,HR,63
4896,36,99837,2021-12-22,Engineering,89
4897,34,117739,2019-12-09,Engineering,84
4898,46,117081,2016-01-16,Engineering,66
4899,60,104092,2016-12-30,Finance,85
4900,24,134429,2022-05-18,Sales,54
4901,41,134987,2021-08-28,Engineering,92
4902,34,114196,2021-05-25,Engineering,69
4903,20,105481,2024-02-13,Engineering,64
4904,25,134332,2022-02-19,Engineering,97
4905,20,36336,2018-02-14,Marketing,58
4906,48,47256,2015-01-08,Support,75
4907,34,63719,2024-01-03,Sales,83
4908,26,60013,2019-10-22,Sales,62
4909,22,66776,2019-04-18,HR,62
4910,18,36655,2024-01-19,Support,96
4911,21,108563,2020-04-23,Support,59
4912,45,129704,2020-11-10,Marketing,55
4913,44,91687,2019-03-15,Engineering,61
4914,20,34781,2019-06-17,Finance,82
4915,27,81550,2019-12-28,Sales,64
4916,24,106579,2020-01-12,HR,63
4917,31,96178,2022-12-01,Engineering,98
4918,63,120481,2022-07-21,HR,52
4919,39,55362,2015-10-27,HR,84
4920,29,63717,2023-11-10,HR,54
4921,27,53016,2015-07-17,Sales,82
4922,30,90287,2020-05-09,HR,84
4923,49,113402,2021-07-14,HR,97
4924,55,42823,2020-05-11,Finance,84
4925,36,94325,2023-06-19,Finance,89
4926,62,87771,2020-09-04,Finance,91
4927,52,69107,2023-02-09,Finance,82
4928,30,116839,2015-10-08,Engineering,85
4929,60,86234,2015-05-27,Marketing,61
4930,28,86901,2024-07-05,Marketing,61
4931,44,31832,2023-01-18,Marketing,74
4932,59,143922,2020-03-11,Support,52
4933,37,101835,2023-07-24,Engineering,72
4934,20,117977,2020-01-06,Sales,73
4935,60,68311,2020-12-02,Engineering,55
4936,37,53434,2024-04-10,Engineering,81
4937,44,128580,2024-04-10,Sales,93
4938,30,77445,2021-08-30,HR,84
4939,64,104965,2019-07-03,Engineering,77
4940,38,78621,2019-04-29,Engineering,67
4941,48,144300,2018-03-13,HR,95
4942,54,70724,2017-05-07,Sales,63
4943,42,58391,2019-12-22,Finance,72
4944,48,54686,2016-10-04,Marketing,78
4945,64,38733,2021-09-20,Marketing,75
4946,37,45909,2023-01-04,HR,68
4947,44,103432,2023-03-11,Sales,89
4948,55,81571,2020-02-03,Finance,72
4949,46,41278,2024-04-27,Support,52
4950,27,86782,2017-11-23,Marketing,65
4951,34,84399,2015-05-18,Engineering,68
4952,28,52191,2016-11-24,Sales,54
4953,22,119407,2015-08-07,HR,63
4954,43,60279,2016-03-20,Marketing,54
4955,24,65198,2024-03-26,Finance,65
4956,31,108692,2020-09-12,Engineering,90
4957,21,32019,2024-06-18,Marketing,97
4958,34,48030,2021-11-05,Sales,85
4959,23,103551,2023-07-02,Sales,78
4960,53,77653,2022-05-25,Support,86
4961,27,81432,2021-03-15,Support,85
4962,46,94973,2023-09-29,Finance,53
4963,61,77671,2023-09-17,Finance,91
4964,53,116129,2020-10-28,Marketing,94
4965,30,88541,2019-08-15,Marketing,67
4966,50,74308,2017-08-18,Support,65
4967,32,34597,2022-10-15,Support,54
4968,23,138261,2023-08-31,Sales,52
4969,29,91923,2024-01-14,Marketing,82
4970,53,87492,2023-09-28,Marketing,76
4971,44,65399,2022-04-08,Support,86
4972,49,74415,2023-02-17,Sales,75
4973,19,139963,2018-04-11,Support,71
4974,34,138806,2023-11-01,Marketing,92
4975,21,48047,2019-09-27,Marketing,86
4976,55,43919,2024-01-01,Sales,60
4977,18,110792,2019-09-08,Support,91
4978,41,104420,2024-03-15,Marketing,92
4979,34,133431,2016-04-17,Support,94
4980,44,52161,2020-04-24,Engineering,76
4981,39,38463,2021-10-28,Finance,51
4982,22,91009,2024-07-14,Finance,52
4983,44,121253,2018-05-19,Support,66
4984,33,39797,2024-01-16,Engineering,56
4985,31,43733,2017-04-30,Engineering,89
4986,32,56926,2024-03-07,Finance,97
4987,50,66394,2022-05-01,HR,76
4988,46,58287,2023-09-21,HR,86
4989,22,120332,2022-04-06,Finance,81
4990,23,131249,2015-09-16,HR,55
4991,63,81626,2019-07-23,Finance,53
4992,46,122602,2019-08-07,HR,74
4993,26,132903,2020-09-08,Sales,52
4994,43,64986,2022-03-08,Sales,76
4995,53,80304,2020-10-04,Marketing,65
4996,28,118281,2024-04-26,Engineering,89
4997,18,68745,2022-08-02,HR,77
4998,26,57579,2018-01-24,Support,93
4999,39,57399,2022-01-04,Finance,98
5000,59,39114,2021-09-19,Support,88
5001,36,107848,2022-04-28,Finance,87
5002,38,134087,2018-10-18,Support,73
5003,36,55009,2015-11-20,Engineering,96
5004,19,65725,2022-06-06,HR,81
5005,59,58767,2015-10-31,Marketing,77
5006,56,34263,2019-05-26,Sales,91
5007,64,126359,2022-06-18,Sales,62
5008,29,130871,2024-03-23,Finance,64
5009,43,70843,2021-05-19,Finance,92
5010,63,97546,2017-01-27,Marketing,67
5011,62,56467,2021-04-29,Support,98
5012,44,77606,2017-07-02,Sales,88
5013,18,103414,2023-07-20,Sales,75
5014,24,78115,2023-10-24,Engineering,56
5015,25,84607,2019-03-25,Engineering,52
5016,62,84921,2015-08-26,HR,99
5017,24,70148,2022-12-08,HR,86
5018,48,138118,2021-08-05,Finance,76
5019,39,114326,2016-12-30,Support,76
5020,21,129415,2024-08-29,Support,72
5021,36,61145,2015-10-09,Support,52
5022,44,133170,2016-04-26,Engineering,77
5023,34,137422,2021-09-16,Finance,59
5024,39,47533,2019-07-05,Marketing,98
5025,38,76947,2019-09-10,Finance,72
5026,55,72443,2017-11-16,Marketing,74
5027,37,33952,2023-12-12,Marketing,98
5028,59,142175,2018-10-05,Engineering,78
5029,30,61746,2017-09-11,Support,51
5030,33,79757,2024-11-11,HR,87
5031,23,51292,2015-11-08,HR,56
5032,22,90727,2016-06-27,Engineering,56
5033,51,121006,2023-02-08,Engineering,81
5034,30,87757,2024-02-04,Support,74
5035,38,38507,2017-11-15,Finance,70
5036,45,123167,2024-07-14,Finance,69
5037,51,87732,2023-12-27,Marketing,67
5038,56,36840,2022-01-04,Support,60
5039,34,65183,2024-10-02,Engineering,94
5040,39,85076,2024-09-27,HR,69
5041,63,69941,2023-04-22,HR,83
5042,31,116959,2015-10-28,HR,72
5043,37,138556,2019-09-23,Finance,96
5044,61,127896,2022-12-18,HR,81
5045,43,77857,2023-04-08,Finance,63
5046,53,114743,2022-05-30,Finance,89
5047,39,76229,2024-11-28,Support,65
5048,44,92583,2023-04-30,Sales,59
5049,42,139588,2018-03-18,Finance,76
5050,34,40528,2022-06-30,Finance,80
5051,59,103177,2022-06-14,Finance,70
5052,53,100592,2015-10-28,Engineering,53
5053,21,47241,2021-06-19,Finance,53
5054,26,103757,2017-09-01,Sales,94
5055,21,107124,2019-07-15,HR,94
5056,40,79167,2021-04-16,Support,71
5057,54,97143,2022-03-04,Sales,97
5058,50,99110,2021-12-02,Support,87
5059,60,138239,2021-12-14,Support,54
5060,33,134710,2015-10-11,Marketing,50
5061,26,64129,2019-08-23,Sales,94
5062,64,53490,2016-01-21,Engineering,73
5063,45,105017,2024-07-14,Support,58
5064,30,121951,2020-10-25,Marketing,84
5065,40,84638,2024-11-07,HR,66
5066,63,59894,2018-11-16,Support,65
5067,57,65326,2017-04-06,Sales,69
5068,41,55838,2024-11-09,Support,54
5069,62,77109,2022-05-19,Marketing,77
5070,22,148192,2021-10-07,Engineering,88
5071,55,109233,2021-05-16,Finance,92
5072,56,43429,2019-11-12,HR,70
5073,57,37140,2017-06-10,Finance,67
5074,63,50491,2023-11-21,Engineering,66
5075,54,143517,2015-03-08,Engineering,87
5076,32,121654,2021-05-09,Sales,63
5077,18,46997,2018-09-25,Engineering,52
5078,54,145499,2019-06-13,Finance,80
5079,60,127356,2023-07-14,HR,97
5080,35,46254,2023-11-28,Marketing,66
5081,34,119532,2016-01-24,Support,60
5082,37,87865,2022-08-09,Support,78
5083,51,102144,2015-03-10,HR,91
5084,30,80603,2018-08-10,Support,96
5085,56,131311,2017-01-21,Engineering,76
5086,43,125067,2020-06-11,HR,62
5087,29,104283,2022-12-08,Finance,77
5088,19,92820,2015-11-03,Finance,83
5089,40,96617,2024-03-26,HR,94
5090,46,86354,2021-02-28,Marketing,60
5091,50,116602,2017-04-13,HR,58
5092,31,39982,2022-08-11,Finance,58
5093,56,44639,2023-04-11,Support,52
5094,46,143618,2019-12-02,Sales,85
5095,49,78582,2021-07-17,Finance,77
5096,61,148013,2021-03-18,Sales,67
5097,22,74406,2021-02-28,Engineering,71
5098,43,45977,2015-08-13,Engineering,61
5099,57,87874,2022-02-23,HR,96
5100,18,55538,2017-10-08,Engineering,76
5101,35,86241,2021-02-28,Finance,79
5102,19,137012,2019-09-16,Engineering,78
5103,50,102105,2022-02-02,Marketing,69
5104,47,41881,2019-08-25,Finance,54
5105,38,67177,2016-11-28,Engineering,64
5106,37,56119,2022-08-30,Support,98
5107,48,57915,2015-06-22,Finance,70
5108,47,74989,2019-10-03,Finance,76
5109,61,76553,2017-04-29,Marketing,82
5110,43,47881,2024-04-05,Engineering,85
5111,57,135664,2021-07-10,Sales,64
5112,18,64314,2024-10-29,Support,51
5113,18,46350,2017-03-07,Sales,93
5114,33,111397,2022-11-23,Finance,71
5115,59,77249,2015-02-10,HR,96
5116,34,76365,2020-11-30,Sales,59
5117,52,130537,2024-04-02,Support,70
5118,33,49589,2015-04-13,Marketing,52
5119,58,79322,2016-07-21,HR,70
5120,30,39745,2017-07-02,Support,73
5121,44,84261,2022-06-07,HR,53
5122,39,104135,2022-12-20,Support,89
5123,62,116089,2022-08-13,HR,51
5124,57,119349,2024-05-04,Support,97
5125,35,59520,2019-09-22,Support,87
5126,62,57350,2019-08-12,Finance,95
5127,47,93865,2023-11-15,Sales,70
5128,27,130727,2020-05-21,Finance,92
5129,30,57723,2018-02-02,Support,58
5130,21,57430,2018-06-06,Sales,73
5131,51,107798,2024-06-01,Marketing,90
5132,22,67710,2019-02-17,Engineering,99
5133,21,70498,2021-01-27,HR,88
5134,25,55968,2016-06-25,Engineering,94
5135,41,93220,2020-04-16,Engineering,77
5136,60,33098,2022-11-24,HR,50
5137,51,108672,2024-10-29,Support,86
5138,55,80969,2020-02-25,HR,73
5139,56,74411,2023-05-16,Support,70
5140,47,31454,2020-01-28,Finance,97
5141,30,85268,2016-09-30,Sales,52
5142,49,40402,2021-09-21,Sales,68
5143,31,66527,2017-03-02,Marketing,71
5144,34,57002,2023-07-19,Engineering,53
5145,62,149783,2015-09-07,Sales,68
5146,54,113265,2024-03-26,Engineering,64
5147,19,85114,2018-03-26,HR,94
5148,40,87801,2019-11-01,HR,52
5149,22,82482,2022-07-03,HR,87
5150,30,60121,2018-08-04,Marketing,68
5151,57,118241,2024-02-22,Engineering,84
5152,41,81543,2016-02-02,Engineering,66
5153,57,60921,2019-03-22,Engineering,51
5154,61,60614,2017-01-08,Engineering,55
5155,19,123332,2021-03-17,Finance,84
5156,46,120886,2022-08-31,Marketing,78
5157,54,61510,2021-02-08,Engineering,82
5158,25,138619,2022-02-26,Marketing,95
5159,27,70910,2021-06-18,Sales,73
5160,43,143838,2017-03-28,Support,91
5161,56,86313,2022-01-24,Sales,52
5162,19,141688,2017-10-26,Marketing,59
5163,53,62250,2018-11-19,Finance,52
5164,58,41991,2017-09-05,Support,71
5165,31,32473,2018-01-12,Marketing,94
5166,61,143754,2020-07-07,Support,82
5167,39,62210,2021-04-04,Marketing,68
5168,23,95516,2024-09-26,Finance,68
5169,30,145194,2019-12-22,Engineering,75
5170,39,103748,2023-09-19,Finance,85
5171,19,136158,2018-05-03,Finance,93
5172,47,119882,2024-05-11,Marketing,56
5173,37,35681,2019-10-27,Engineering,80
5174,40,112256,2017-09-06,Engineering,53
5175,31,87619,2023-02-27,Finance,62
5176,20,120073,2022-02-01,Engineering,75
5177,35,78351,2015-05-20,Sales,63
5178,64,91314,2021-10-21,Marketing,50
5179,43,72903,2022-04-28,Finance,98
5180,52,142653,2016-08-19,Support,52
5181,30,88798,2017-08-22,Engineering,99
5182,31,139268,2024-09-20,Support,75
5183,20,147426,2024-07-27,Engineering,89
5184,21,41939,2024-08-16,Marketing,92
5185,18,88215,2019-01-09,Engineering,96
5186,50,68278,2017-03-31,Marketing,60
5187,44,61740,2016-03-18,Marketing,63
5188,39,109311,2017-02-20,HR,95
5189,29,57632,2020-11-10,HR,95
5190,27,63431,2024-03-16,Finance,95
5191,35,68485,2024-08-15,HR,58
5192,34,46101,2018-03-22,Support,89
5193,30,118241,2022-05-23,Engineering,86
5194,23,149636,2018-04-09,HR,85
5195,24,148115,2018-11-17,HR,74
5196,28,77403,2018-12-01,HR,63
5197,62,106060,2023-11-08,Sales,59
5198,22,87287,2023-12-15,Engineering,95
5199,22,124585,2023-04-26,Support,73
5200,57,97384,2015-08-24,Engineering,75
5201,23,102847,2018-01-07,Sales,85
5202,29,39290,2016-07-26,Finance,52
5203,61,60143,2024-06-22,Sales,86
5204,23,56898,2023-04-01,Marketing,67
5205,33,142854,2020-02-25,Finance,92
5206,54,91768,2018-11-18,Support,52
5207,25,109397,2015-11-30,HR,53
5208,29,117211,2021-10-01,Marketing,80
5209,42,57892,2023-11-14,Finance,65
5210,59,67695,2017-12-16,Marketing,63
5211,30,113816,2018-03-26,HR,56
5212,29,141780,2024-09-06,Engineering,99
5213,21,96177,2022-03-11,Support,84
5214,61,85746,2024-06-09,Finance,53
5215,55,115195,2018-10-22,Finance,68
5216,27,51309,2017-06-16,Finance,50
5217,34,98879,2023-12-10,Sales,58
5218,26,69994,2024-10-08,Engineering,58
5219,29,123302,2022-03-17,Support,90
5220,32,115825,2015-04-25,Support,60
5221,28,33591,2015-09-07,Support,81
5222,23,51395,2023-09-07,Support,88
5223,52,32631,2021-01-26,Engineering,99
5224,60,147025,2016-01-28,Finance,68
5225,24,56014,2018-09-29,Engineering,67
5226,57,137917,2021-09-11,HR,88
5227,53,72192,2024-03-29,Marketing,86
5228,61,120504,2023-04-04,Marketing,69
5229,62,32395,2023-01-29,Support,99
5230,37,127384,2015-03-31,HR,85
5231,44,37111,2018-12-10,Sales,81
5232,18,127552,2021-01-05,Support,58
5233,37,56924,2021-08-12,Sales,81
5234,19,37711,2015-06-15,Marketing,94
5235,26,129869,2024-12-23,Support,69
5236,55,134763,2020-03-26,Finance,50
5237,22,38254,2017-05-31,Support,84
5238,53,107120,2022-06-07,Engineering,63
5239,26,146957,2019-09-18,Support,73
5240,21,133025,2024-10-03,Finance,63
5241,42,62963,2016-06-18,HR,74
5242,27,45330,2019-01-16,Support,56
5243,59,33212,2019-12-21,Marketing,53
5244,60,31080,2019-08-17,Support,85
5245,31,112641,2018-09-21,Finance,57
5246,49,113482,2020-12-31,Marketing,91
5247,54,108038,2015-08-02,Sales,56
5248,29,33736,2018-01-20,Support,52
5249,43,64019,2023-08-26,Finance,64
5250,49,145036,2016-02-07,Finance,59
5251,38,114861,2024-10-10,Engineering,65
5252,64,54220,2022-06-25,Finance,67
5253,61,144680,2015-02-18,HR,65
5254,18,74783,2022-03-30,Support,51
5255,32,145814,2016-08-16,Support,77
5256,18,137012,2023-05-19,Sales,91
5257,39,103588,2020-07-24,Finance,85
5258,63,43580,2016-03-10,HR,50
5259,33,113446,2015-12-29,Sales,90
5260,39,76111,2019-07-29,Finance,65
5261,32,103401,2016-02-17,Sales,95
5262,59,63268,2020-06-18,HR,61
5263,18,119460,2019-01-07,HR,66
5264,58,84911,2017-04-14,Sales,99
5265,45,100726,2021-11-07,Marketing,58
5266,39,57289,2019-11-25,Support,61
5267,24,30045,2017-10-26,Engineering,96
5268,32,53437,2024-11-02,Finance,51
5269,25,39854,2020-11-29,Support,94
5270,23,126228,2015-10-28,Support,86
5271,50,49455,2023-10-28,Marketing,90
5272,23,101923,2020-12-25,Marketing,75
5273,56,118552,2022-05-24,Engineering,86
5274,31,70484,2022-09-04,Engineering,57
5275,56,33404,2018-11-14,Sales,62
5276,57,95642,2019-02-06,Engineering,77
5277,35,147842,2015-12-23,Sales,87
5278,49,83205,2024-12-11,Marketing,51
5279,30,144902,2023-12-02,Marketing,74
5280,45,126185,2019-09-22,Sales,60
5281,50,148977,2019-10-13,Finance,79
5282,34,69015,2021-10-24,Sales,83
5283,55,44974,2016-07-26,HR,71
5284,22,46167,2021-11-15,Sales,65
5285,30,102153,2024-10-06,Marketing,80
5286,56,116078,2017-03-21,Marketing,97
5287,40,95839,2024-02-27,Marketing,61
5288,31,128231,2015-01-11,Marketing,67
5289,44,48715,2020-04-06,Finance,67
5290,33,132067,2019-11-18,Engineering,65
5291,30,105705,2019-04-07,Marketing,78
5292,26,117579,2020-07-08,Marketing,90
5293,30,134956,2024-07-30,Engineering,85
5294,26,121310,2024-06-03,Sales,63
5295,29,48676,2022-02-13,Marketing,81
5296,55,89330,2017-01-01,Engineering,65
5297,37,41231,2018-06-15,Support,72
5298,34,115447,2024-08-05,Support,68
5299,47,111144,2024-02-20,Sales,83
5300,31,122693,2016-09-04,Marketing,93
5301,34,57387,2015-07-02,Support,64
5302,49,60924,2020-06-04,Marketing,70
5303,57,135312,2023-06-07,Finance,76
5304,52,110399,2020-09-24,Marketing,77
5305,51,133022,2016-03-20,Support,50
5306,58,54111,2017-08-13,Support,80
5307,53,93083,2021-05-27,Sales,82
5308,50,80022,2015-05-22,Finance,67
5309,40,85038,2018-01-08,HR,72
5310,32,37897,2017-09-09,Sales,79
5311,42,44892,2017-06-06,Sales,65
5312,56,54815,2022-12-08,Marketing,94
5313,31,105088,2019-10-10,Sales,61
5314,46,144463,2022-08-18,Sales,73
5315,30,95527,2016-11-24,HR,69
5316,32,71271,2021-01-21,HR,53
5317,51,128075,2021-03-04,Engineering,99
5318,19,63902,2022-01-14,Support,79
5319,43,117218,2021-02-17,HR,96
5320,43,141443,2020-12-10,Engineering,91
5321,45,71335,2016-09-04,HR,69
5322,28,97449,2023-09-03,Engineering,59
5323,40,50388,2022-01-10,HR,90
5324,36,83740,2023-10-24,Support,67
5325,44,86965,2019-02-27,Marketing,59
5326,19,38983,2022-11-24,HR,87
5327,45,144587,2023-05-15,Support,94
5328,56,119025,2021-09-11,Marketing,95
5329,22,32673,2021-01-21,Support,60
5330,27,53466,2019-06-08,HR,51
5331,32,80406,2017-12-28,Marketing,90
5332,54,134646,2015-12-31,Engineering,69
5333,51,132434,2018-10-26,HR,83
5334,39,114766,2022-09-12,Sales,72
5335,36,132339,2016-07-20,HR,73
5336,37,39638,2023-09-14,Finance,77
5337,56,80064,2018-06-18,Engineering,68
5338,52,31439,2020-06-15,Marketing,96
5339,63,115550,2017-12-26,Marketing,95
5340,56,50600,2019-12-10,Engineering,84
5341,47,136128,2016-12-10,Engineering,91
5342,64,83276,2022-09-14,Engineering,55
5343,34,118016,2015-05-11,Marketing,63
5344,41,70888,2021-06-16,Marketing,99
5345,54,39404,2015-11-04,Marketing,89
5346,56,90598,2015-11-16,Support,81
5347,53,140449,2024-05-03,Sales,86
5348,31,107722,2016-12-25,HR,68
5349,48,142109,2019-12-16,HR,58
5350,55,64640,2016-04-27,Support,68
5351,61,93043,2020-01-16,Sales,97
5352,28,102725,2024-07-07,Sales,53
5353,34,92919,2024-09-20,Sales,95
5354,51,51770,2024-02-26,Finance,80
5355,28,139687,2024-02-05,Engineering,87
5356,38,125341,2018-01-07,Support,79
5357,27,76489,2017-04-14,Sales,76
5358,25,58390,2023-01-30,HR,57
5359,25,64678,2016-09-10,Support,83
5360,33,38076,2024-02-28,Marketing,72
5361,29,34314,2024-11-22,Marketing,71
5362,49,40236,2021-04-05,Support,98
5363,44,137327,2015-10-19,Engineering,51
5364,62,121903,2022-09-24,Support,82
5365,43,75650,2021-05-14,Finance,92
5366,22,85904,2021-02-05,Sales,69
5367,47,46108,2021-05-14,Marketing,57
5368,55,114156,2017-06-05,HR,66
5369,61,55920,2022-08-23,Finance,52
5370,63,130190,2020-11-02,Support,57
5371,60,148458,2021-09-06,Support,95
5372,25,114860,2021-12-03,Engineering,84
5373,56,70667,2021-05-10,Finance,53
5374,33,102780,2018-11-23,Finance,69
5375,22,76902,2017-09-14,Support,86
5376,37,35271,2017-10-02,Engineering,85
5377,51,88745,2017-08-30,Sales,94
5378,51,115970,2024-11-11,Sales,66
5379,22,72840,2023-07-17,HR,67
5380,25,37386,2017-12-22,Sales,64
5381,62,121788,2019-12-04,Marketing,65
5382,39,135939,2023-02-11,Sales,62
5383,37,57201,2024-08-05,Sales,84
5384,64,84774,2021-07-27,Support,68
5385,62,45225,2018-01-01,HR,55
5386,31,148915,2021-12-03,HR,71
5387,56,116755,2023-10-06,HR,83
5388,44,77366,2020-10-28,Marketing,52
5389,64,70160,2023-07-15,HR,51
5390,59,131711,2022-09-11,Sales,74
5391,32,91710,2024-03-06,Marketing,80
5392,31,78821,2023-05-15,HR,63
5393,23,106749,2017-11-12,Finance,66
5394,35,93763,2022-11-13,HR,66
5395,33,133719,2024-07-21,Engineering,88
5396,49,98731,2017-09-28,HR,93
5397,26,37450,2022-08-03,Sales,95
5398,50,35310,2017-02-04,Sales,59
5399,34,74528,2018-08-05,Marketing,98
5400,53,114816,2020-12-24,Marketing,67
5401,40,45457,2024-02-25,Sales,57
5402,30,50886,2019-05-13,Engineering,69
5403,39,63262,2023-05-11,Engineering,72
5404,58,109522,2024-09-07,Finance,52
5405,51,111696,2022-09-10,Engineering,95
5406,34,125148,2015-05-31,Support,68
5407,47,102534,2015-09-16,Sales,64
5408,31,51825,2023-11-28,Marketing,88
5409,35,87797,2016-10-16,Marketing,81
5410,38,72407,2018-12-30,Support,77
5411,44,106289,2020-04-09,HR,82
5412,33,77910,2020-10-16,Sales,71
5413,60,33454,2020-12-07,Sales,96
5414,30,90797,2023-01-23,Finance,51
5415,31,35349,2018-03-11,Sales,90
5416,45,105583,2023-10-31,HR,56
5417,35,52463,2023-10-20,HR,90
5418,53,93528,2018-04-13,Engineering,85
5419,61,52787,2015-11-26,Support,79
5420,41,87427,2019-06-05,Sales,95
5421,48,132231,2024-01-25,Marketing,56
5422,43,93308,2022-12-19,Engineering,57
5423,22,68059,2024-09-11,Support,62
5424,46,110659,2019-08-16,HR,63
5425,49,116971,2022-07-13,Finance,99
5426,44,72103,2019-09-03,Finance,74
5427,21,121665,2020-03-27,HR,88
5428,32,73060,2018-01-14,Sales,87
5429,41,111991,2017-07-20,Engineering,77
5430,38,148671,2017-07-11,HR,65
5431,52,39616,2016-06-24,HR,58
5432,52,43107,2018-11-10,Finance,78
5433,56,142081,2024-05-27,HR,61
5434,36,46943,2022-10-11,HR,71
5435,32,109232,2022-09-02,Finance,51
5436,25,119301,2024-02-01,Sales,74
5437,19,86063,2017-07-02,Engineering,58
5438,26,47868,2015-11-02,HR,55
5439,47,52222,2023-10-18,Sales,64
5440,24,84649,2017-04-29,Marketing,60
5441,57,113749,2018-03-09,Engineering,89
5442,19,141218,2016-12-27,Engineering,97
5443,56,69369,2015-11-30,HR,93
5444,34,89526,2023-11-13,Sales,89
5445,56,85235,2015-03-31,HR,84
5446,64,60755,2023-12-19,Support,80
5447,42,43672,2018-04-02,Finance,62
5448,35,76996,2021-11-05,Sales,97
5449,18,98835,2023-09-20,Engineering,99
5450,25,146723,2023-03-19,Engineering,97
5451,38,117594,2018-10-27,Finance,70
5452,44,94274,2020-02-14,Engineering,72
5453,60,78226,2024-05-26,Engineering,89
5454,59,54687,2024-12-12,Marketing,54
5455,58,32631,2016-09-30,HR,60
5456,33,118294,2016-10-12,Support,96
5457,41,67116,2021-12-27,Finance,70
5458,40,77664,2020-07-07,Marketing,87
5459,64,44407,2024-08-27,Sales,56
5460,19,110093,2016-11-19,Finance,62
5461,40,113100,2023-10-10,Support,87
5462,54,121987,2023-11-10,Engineering,82
5463,46,149409,2018-11-11,Marketing,64
5464,40,112025,2015-07-18,Sales,52
5465,54,50471,2022-07-30,Marketing,78
5466,62,90167,2016-10-24,Finance,71
5467,46,113969,2024-12-19,Finance,90
5468,62,132208,2022-10-07,HR,93
5469,37,105955,2018-09-07,HR,70
5470,54,124791,2024-01-20,Sales,76
5471,64,52650,2023-12-10,Support,84
5472,23,40683,2020-08-04,Engineering,94
5473,61,110978,2016-05-14,Finance,67
5474,18,92744,2019-06-30,HR,76
5475,24,104155,2019-04-29,Finance,91
5476,46,134414,2020-03-31,Sales,93
5477,60,100290,2021-02-11,HR,55
5478,42,51662,2023-10-05,Support,58
5479,37,31225,2018-02-07,Marketing,86
5480,44,45372,2021-09-12,Finance,90
5481,19,125729,2023-03-12,Engineering,70
5482,50,140359,2023-08-13,Engineering,93
5483,59,78481,2021-05-12,Finance,58
5484,19,106534,2021-08-17,Engineering,79
5485,39,36858,2021-07-18,Marketing,92
5486,34,62099,2015-12-06,Marketing,62
5487,24,91455,2023-09-09,Marketing,82
5488,62,84592,2023-08-12,Sales,60
5489,23,77458,2015-02-14,Engineering,93
5490,54,46488,2016-12-06,Sales,75
5491,29,82669,2024-03-08,Engineering,79
5492,45,48394,2017-08-22,Finance,91
5493,36,89332,2017-02-07,HR,54
5494,58,116682,2018-06-02,HR,77
5495,43,69386,2018-09-08,Marketing,98
5496,59,115504,2015-09-21,HR,77
5497,32,139238,2018-11-23,Marketing,66
5498,43,79107,2022-07-12,Sales,74
5499,30,60624,2019-10-15,Finance,74
5500,25,86132,2022-03-04,Sales,55
5501,40,82979,2019-08-14,HR,79
5502,31,93797,2021-12-28,Sales,72
5503,28,56014,2022-10-17,Sales,55
5504,28,60028,2024-09-22,Support,61
5505,19,104292,2020-08-15,Engineering,84
5506,53,129728,2016-05-13,Support,77
5507,45,95941,2022-05-26,Marketing,87
5508,24,114238,2022-06-02,Engineering,81
5509,28,71751,2024-07-12,Finance,52
5510,47,119541,2019-04-01,HR,51
5511,31,59992,2018-09-19,Sales,67
5512,61,75406,2016-12-08,Marketing,62
5513,43,44219,2017-01-06,Sales,67
5514,26,80672,2024-05-09,Finance,70
5515,57,58522,2021-08-05,Finance,73
5516,51,56567,2022-12-26,Marketing,93
5517,50,88390,2019-06-28,Finance,62
5518,31,135037,2022-03-02,Sales,65
5519,55,121257,2019-12-14,Marketing,88
5520,43,52873,2020-12-12,Engineering,50
5521,49,99070,2024-03-25,Sales,70
5522,35,147213,2015-08-21,Engineering,62
5523,41,147021,2015-03-31,HR,51
5524,36,38302,2022-02-14,Engineering,93
5525,64,137288,2017-12-21,HR,99
5526,31,141749,2021-08-11,Support,61
5527,37,66182,2020-02-11,Support,79
5528,47,109781,2018-07-28,Support,79
5529,58,39821,2022-08-28,HR,85
5530,51,135815,2018-10-12,HR,63
5531,43,54647,2015-01-12,HR,63
5532,48,111985,2022-07-04,Sales,97
5533,21,104944,2018-05-08,Marketing,69
5534,31,49623,2019-04-18,Support,74
5535,42,123826,2022-08-14,HR,54
5536,55,112805,2015-05-01,HR,75
5537,57,140373,2017-11-08,Marketing,87
5538,21,34870,2022-03-31,Support,79
5539,47,148903,2019-10-09,Engineering,68
5540,56,74322,2018-09-28,Marketing,89
5541,50,50128,2024-05-22,Engineering,63
5542,55,99001,2020-08-14,Sales,77
5543,31,100949,2019-01-23,Support,65
5544,38,49547,2019-07-23,HR,82
5545,23,133080,2023-02-04,Engineering,64
5546,61,99506,2022-10-04,Sales,92
5547,64,46482,2017-02-17,Sales,63
5548,19,63948,2022-09-04,Finance,53
5549,43,121250,2017-11-06,Finance,61
5550,19,62400,2016-02-09,Finance,84
5551,27,57503,2015-04-12,Support,71
5552,58,149466,2024-10-26,Finance,70
5553,32,114335,2020-11-08,Finance,70
5554,38,39428,2017-08-14,HR,93
5555,49,119846,2024-06-06,Engineering,54
5556,56,101540,2016-02-21,Engineering,67
5557,38,88951,2022-12-22,Sales,93
5558,51,114553,2015-10-19,Finance,90
5559,41,104727,2023-01-31,HR,73
5560,49,124711,2015-05-05,Engineering,82
5561,55,146779,2015-01-09,Finance,98
5562,51,112762,2022-03-06,Finance,80
5563,35,89414,2018-03-30,Marketing,71
5564,60,73473,2023-03-19,Marketing,89
5565,64,46040,2016-12-12,Marketing,96
5566,56,99139,2024-11-13,Finance,62
5567,62,47600,2018-06-10,HR,53
5568,41,33811,2021-06-21,HR,85
5569,62,84145,2015-11-18,Sales,77
5570,43,100678,2022-01-27,Sales,64
5571,53,56714,2015-04-21,Sales,55
5572,52,103062,2019-08-26,Support,87
5573,52,84499,2017-02-07,Marketing,59
5574,47,74852,2020-10-09,Sales,90
5575,55,77836,2024-06-01,Support,92
5576,56,95283,2015-02-06,Sales,54
5577,21,72723,2024-06-07,HR,94
5578,33,121288,2015-09-27,Finance,63
5579,28,119756,2018-03-19,Marketing,83
5580,39,33447,2021-03-26,Engineering,73
5581,56,93001,2019-04-12,HR,92
5582,53,58582,2023-07-15,Engineering,65
5583,55,137578,2015-05-10,Finance,81
5584,23,104081,2021-10-18,HR,57
5585,47,67830,2021-10-30,Engineering,76
5586,42,111527,2019-07-07,Finance,95
5587,58,131326,2020-07-05,Engineering,74
5588,39,117185,2021-11-16,HR,61
5589,40,42210,2023-09-14,Finance,94
5590,56,64136,2017-12-26,Finance,59
5591,47,45945,2024-12-13,HR,83
5592,63,109180,2015-11-10,Finance,78
5593,55,43224,2015-09-23,Engineering,94
5594,26,71150,2016-08-25,Sales,62
5595,54,83389,2022-05-08,Sales,86
5596,26,127095,2021-06-04,Finance,88
5597,57,30565,2018-10-01,Marketing,52
5598,64,79895,2017-02-26,Marketing,82
5599,49,45174,2019-05-12,HR,68
5600,51,57597,2019-09-01,Engineering,99
5601,64,63069,2022-10-12,Sales,68
5602,43,37248,2020-08-19,Marketing,77
5603,36,55370,2016-03-18,Marketing,97
5604,36,30434,2015-09-15,Finance,56
5605,46,138534,2015-03-12,HR,92
5606,22,68493,2021-07-10,HR,98
5607,60,33959,2020-07-04,Finance,57
5608,59,69115,2020-09-04,Finance,91
5609,30,65481,2015-12-02,Support,67
5610,59,52578,2020-04-22,Support,98
5611,37,82879,2020-08-31,Sales,86
5612,20,90669,2022-05-07,Sales,76
5613,32,125737,2018-12-22,Finance,83
5614,62,65989,2024-06-15,HR,89
5615,40,31082,2024-04-26,Finance,98
5616,21,75810,2016-07-15,Marketing,90
5617,40,126622,2018-12-11,Finance,58
5618,41,45828,2017-10-08,Finance,90
5619,63,47974,2021-08-31,Marketing,65
5620,42,146249,2018-01-28,Finance,98
5621,62,102776,2019-07-30,Finance,64
5622,56,43536,2016-06-15,Engineering,50
5623,22,68839,2021-11-29,Support,58
5624,61,112629,2022-05-30,Support,77
5625,62,47177,2018-09-04,HR,77
5626,57,68533,2017-05-13,Support,76
5627,55,90611,2022-04-08,Sales,60
5628,38,85103,2017-09-29,Marketing,79
5629,35,72082,2020-07-11,Sales,52
5630,29,119690,2017-10-26,Finance,79
5631,38,57685,2019-07-16,Marketing,70
5632,55,141975,2022-05-25,Finance,64
5633,35,144867,2022-08-31,Engineering,78
5634,55,92907,2024-02-01,Marketing,70
5635,34,32024,2020-09-03,Sales,67
5636,54,35285,2018-02-01,Support,61
5637,28,47903,2021-11-18,HR,98
5638,37,135160,2019-11-08,HR,50
5639,20,43566,2024-07-20,Marketing,70
5640,40,124088,2016-03-18,Marketing,68
5641,62,139366,2017-02-03,Finance,95
5642,36,52333,2023-10-17,Finance,72
5643,44,50954,2022-08-03,HR,88
5644,53,39675,2023-12-07,Marketing,76
5645,63,94289,2020-03-16,HR,82
5646,45,55822,2016-06-14,HR,81
5647,37,82647,2020-12-11,Sales,84
5648,48,66025,2021-08-28,Marketing,80
5649,55,30981,2023-05-25,Marketing,94
5650,58,49336,2023-08-24,HR,58
5651,32,149500,2018-03-28,Finance,71
5652,33,114511,2015-06-06,Finance,51
5653,43,121277,2024-06-13,Support,87
5654,51,105911,2024-01-01,Support,85
5655,38,131165,2015-04-08,Engineering,92
5656,45,87389,2024-06-22,Finance,93
5657,23,134531,2016-08-22,Sales,80
5658,50,39643,2024-01-22,Marketing,56
5659,25,122104,2020-12-20,Sales,51
5660,34,82275,2021-12-22,Sales,94
5661,54,119001,2016-05-26,Engineering,93
5662,34,60580,2017-03-26,HR,87
5663,52,40619,2022-10-21,Sales,96
5664,56,33549,2017-02-18,Engineering,55
5665,21,127458,2019-09-27,Finance,86
5666,52,130280,2021-10-01,HR,58
5667,23,119100,2023-03-01,Finance,71
5668,45,50765,2016-03-27,Engineering,85
5669,19,42857,2018-05-20,Finance,85
5670,25,52444,2024-11-05,Marketing,91
5671,26,109741,2017-01-14,Engineering,50
5672,30,141153,2024-04-08,Finance,64
5673,49,99217,2021-05-09,HR,92
5674,48,37501,2024-12-24,Marketing,96
5675,31,87263,2018-03-12,Sales,78
5676,64,93038,2021-10-23,HR,68
5677,44,146616,2020-04-28,Marketing,86
5678,54,127898,2022-02-05,HR,77
5679,41,125259,2021-02-06,Finance,85
5680,35,101074,2020-07-26,Marketing,53
5681,31,42454,2019-03-25,HR,75
5682,25,51711,2021-08-20,Finance,69
5683,32,31286,2018-07-11,HR,66
5684,39,138245,2023-12-19,Support,61
5685,35,84583,2020-09-12,HR,95
5686,64,141359,2015-10-23,Support,64
5687,54,98623,2019-06-24,HR,54
5688,19,89263,2022-11-09,Engineering,77
5689,58,47077,2017-02-01,Engineering,76
5690,48,106968,2020-04-04,HR,85
5691,64,141658,2024-11-30,Sales,50
5692,46,68400,2017-05-04,HR,57
5693,33,55465,2020-07-03,Finance,77
5694,39,35969,2018-12-28,Sales,71
5695,58,84091,2018-06-08,Sales,68
5696,42,54241,2024-10-07,Sales,54
5697,51,121302,2015-06-19,Marketing,59
5698,64,48680,2016-04-11,Finance,56
5699,54,65950,2024-03-12,Finance,64
5700,59,118087,2016-11-30,Engineering,75
5701,43,67869,2022-04-04,HR,75
5702,27,113984,2016-04-30,Finance,63
5703,19,119711,2015-03-01,Sales,62
5704,44,148728,2024-03-25,Engineering,56
5705,27,117287,2015-06-26,Engineering,58
5706,39,83270,2022-10-30,Engineering,56
5707,26,142666,2022-10-17,Marketing,73
5708,46,43392,2021-06-18,Marketing,69
5709,24,50010,2022-04-19,Marketing,89
5710,24,120203,2019-01-06,Finance,68
5711,37,79451,2020-02-18,Sales,88
5712,57,105205,2017-10-07,Engineering,74
5713,58,31082,2021-04-16,Finance,62
5714,56,136471,2021-04-14,Support,71
5715,34,66719,2018-07-24,HR,71
5716,51,89453,2023-06-19,HR,57
5717,62,80833,2023-07-07,Engineering,73
5718,59,78897,2015-11-15,HR,51
5719,44,123709,2021-04-09,Engineering,97
5720,56,63012,2015-05-14,Engineering,61
5721,49,98315,2024-03-16,Finance,77
5722,63,88584,2019-10-17,Engineering,53
5723,43,148819,2015-01-24,HR,99
5724,20,64560,2023-03-05,Finance,66
5725,24,43117,2016-09-28,Sales,97
5726,22,78786,2021-04-16,Marketing,88
5727,63,133585,2024-07-15,Marketing,84
5728,33,31511,2018-05-08,Finance,99
5729,64,52502,2024-02-17,Finance,76
5730,58,120341,2024-06-24,HR,99
5731,42,76489,2015-09-21,HR,63
5732,31,61949,2015-01-11,Finance,74
5733,53,123059,2019-11-11,Sales,96
5734,32,99407,2015-04-21,Marketing,67
5735,31,57385,2018-11-04,HR,50
5736,59,33260,2024-06-23,Finance,69
5737,27,127289,2024-04-07,Marketing,73
5738,51,87788,2023-02-23,HR,77
5739,44,102231,2024-03-19,Engineering,50
5740,50,49014,2017-06-29,Sales,58
5741,33,70324,2021-09-08,Sales,83
5742,40,68698,2021-10-30,Engineering,99
5743,42,33512,2019-04-26,Engineering,62
5744,41,115642,2023-07-22,Finance,66
5745,54,130364,2017-10-01,Engineering,76
5746,37,86160,2016-07-30,Support,91
5747,49,31799,2020-11-15,Marketing,78
5748,57,120450,2023-11-24,Engineering,55
5749,61,70379,2023-04-29,Marketing,88
5750,58,137668,2017-10-29,Finance,71
5751,59,128303,2022-05-19,HR,59
5752,27,116479,2018-06-26,Marketing,50
5753,34,116813,2019-04-01,HR,75
5754,63,59202,2017-05-09,Support,70
5755,34,90263,2020-01-02,Support,70
5756,58,104855,2019-01-26,Finance,94
5757,36,113323,2019-01-18,HR,56
5758,34,59376,2016-08-30,Finance,86
5759,23,117681,2021-05-19,Support,81
5760,22,79956,2022-06-27,Finance,80
5761,29,87954,2022-08-29,Finance,79
5762,23,132542,2020-02-11,Marketing,65
5763,37,46204,2021-01-05,Engineering,93
5764,59,32093,2016-10-14,HR,80
5765,51,126319,2018-12-22,HR,78
5766,20,74040,2017-08-09,Sales,60
5767,28,121544,2020-10-21,Engineering,71
5768,59,137001,2018-11-03,HR,95
5769,26,140675,2018-03-26,HR,70
5770,27,102597,2016-06-08,Marketing,78
5771,26,64364,2015-07-29,Support,54
5772,57,124410,2015-01-11,Support,50
5773,59,140400,2018-06-26,Marketing,88
5774,63,117812,2024-06-18,Engineering,98
5775,39,119049,2015-03-13,Sales,55
5776,49,135711,2016-08-05,Finance,60
5777,27,98078,2019-11-29,HR,88
5778,51,62286,2020-05-13,HR,61
5779,61,109183,2018-09-03,Finance,87
5780,20,73201,2021-08-01,Support,54
5781,28,40745,2017-02-03,Support,74
5782,52,102354,2019-03-29,Engineering,71
5783,54,128261,2016-10-22,Support,60
5784,49,141074,2017-11-10,HR,80
5785,62,114084,2024-06-16,HR,57
5786,37,147353,2016-10-06,Sales,83
5787,21,78657,2020-07-14,Marketing,53
5788,37,58793,2024-02-06,Engineering,58
5789,33,119241,2020-04-26,HR,87
5790,42,46442,2024-05-01,HR,94
5791,58,39765,2018-11-12,Engineering,68
5792,31,41390,2021-04-24,Marketing,70
5793,32,114482,2016-08-09,Marketing,86
5794,63,141119,2015-04-23,Marketing,63
5795,26,39966,2020-05-30,Support,56
5796,31,101301,2018-08-14,Marketing,70
5797,32,145123,2023-05-02,HR,57
5798,51,108183,2018-08-13,Engineering,50
5799,49,57257,2019-05-30,Engineering,98
5800,22,146949,2019-02-25,Marketing,69
5801,33,85046,2024-09-18,Marketing,56
5802,19,64094,2019-10-18,Sales,63
5803,48,129889,2019-10-12,Engineering,90
5804,31,46772,2018-06-26,Sales,60
5805,57,98868,2021-04-11,HR,78
5806,28,131124,2021-12-15,Marketing,98
5807,49,112979,2022-03-26,Engineering,64
5808,36,31301,2017-01-11,Engineering,83
5809,34,116219,2015-03-19,HR,74
5810,34,87033,2022-03-06,Engineering,77
5811,35,112418,2015-01-12,Sales,67
5812,62,62735,2018-07-03,Engineering,63
5813,33,97641,2019-03-13,HR,67
5814,33,35630,2018-11-08,Marketing,66
5815,24,86289,2019-06-03,Support,59
5816,22,40068,2017-12-16,Engineering,52
5817,36,85916,2021-03-07,Marketing,93
5818,52,82165,2022-03-14,Sales,63
5819,21,59164,2018-05-10,Sales,67
5820,46,132370,2021-09-22,Engineering,87
5821,33,63939,2021-07-20,Finance,73
5822,52,128475,2021-02-06,Engineering,68
5823,21,85008,2018-09-17,HR,51
5824,30,33577,2015-10-08,Finance,94
5825,47,136081,2016-10-17,HR,79
5826,41,143583,2020-05-22,Marketing,93
5827,50,86680,2019-08-20,Finance,98
5828,27,143151,2017-12-27,Engineering,67
5829,36,117110,2020-05-23,Marketing,68
5830,41,48510,2016-12-04,Support,90
5831,59,82182,2021-08-24,Engineering,53
5832,55,101427,2016-04-03,Engineering,54
5833,58,128923,2018-07-13,Marketing,72
5834,57,85412,2018-09-08,Marketing,86
5835,28,138982,2021-10-13,Sales,60
5836,30,89021,2016-04-02,Support,57
5837,42,68398,2016-02-23,Engineering,67
5838,61,33307,2023-08-23,Marketing,67
5839,27,132598,2020-09-30,Sales,99
5840,61,55741,2021-09-30,Engineering,64
5841,33,57293,2015-04-10,Finance,79
5842,35,42318,2016-10-25,Marketing,93
5843,30,112579,2024-07-29,Support,98
5844,52,122694,2023-07-19,Engineering,91
5845,50,118293,2021-08-07,Marketing,84
5846,53,56044,2024-03-09,Finance,69
5847,20,144183,2023-11-10,HR,89
5848,49,103820,2019-10-06,Support,56
5849,19,57476,2020-05-24,Finance,55
5850,45,40991,2018-01-25,Marketing,91
5851,53,100047,2019-02-11,Engineering,94
5852,59,45668,2023-01-15,Support,95
5853,26,58106,2022-07-31,Marketing,72
5854,28,100320,2018-11-27,Finance,51
5855,20,89402,2022-01-31,HR,99
5856,52,129449,2021-10-31,Support,64
5857,60,68218,2022-12-16,Support,80
5858,45,147693,2021-01-22,Support,77
5859,49,132552,2015-03-12,Support,69
5860,45,33992,2021-06-21,Support,60
5861,36,103563,2018-02-11,HR,50
5862,22,45305,2020-08-03,HR,91
5863,63,82129,2015-04-10,Sales,85
5864,19,128833,2022-09-30,Sales,62
5865,22,119363,2022-06-09,HR,51
5866,28,56173,2018-08-26,Finance,79
5867,49,61007,2021-06-07,Finance,99
5868,55,131046,2024-04-13,Finance,77
5869,27,136965,2021-11-29,Marketing,66
5870,39,142554,2020-07-31,HR,68
5871,34,140551,2020-07-30,HR,85
5872,49,86441,2021-11-21,HR,95
5873,53,65739,2021-11-25,Sales,63
5874,53,103029,2015-11-28,Sales,58
5875,38,51311,2023-04-23,HR,61
5876,47,65934,2020-05-04,Sales,89
5877,21,114766,2018-05-20,Finance,76
5878,42,106868,2022-07-07,Sales,55
5879,22,100258,2017-10-22,Marketing,76
5880,25,57912,2018-05-23,Sales,64
5881,53,76840,2017-12-27,Engineering,90
5882,24,68623,2022-09-20,Marketing,57
5883,64,86690,2021-09-24,Support,64
5884,54,53634,2017-03-22,Finance,88
5885,23,34090,2023-01-04,Support,68
5886,45,88704,2015-05-12,Marketing,91
5887,36,147374,2023-03-10,Sales,80
5888,28,104062,2020-06-21,Sales,59
5889,60,31110,2020-06-25,Support,52
5890,20,88513,2018-07-23,Sales,74
5891,60,129987,2017-11-28,Sales,78
5892,39,101857,2017-11-09,Sales,64
5893,56,62521,2023-03-25,Finance,70
5894,46,127631,2022-10-25,Marketing,59
5895,30,86878,2016-01-22,Finance,72
5896,40,88334,2023-10-07,Marketing,53
5897,20,52580,2015-12-24,Engineering,51
5898,21,34288,2016-06-17,Finance,64
5899,50,79349,2024-03-06,Engineering,56
5900,36,37851,2022-04-30,Engineering,50
5901,56,102402,2022-10-30,Finance,94
5902,43,88027,2020-12-13,Finance,61
5903,39,128636,2020-02-11,HR,77
5904,31,92805,2020-05-17,HR,79
5905,61,92931,2020-04-16,Finance,93
5906,44,102869,2016-10-30,Engineering,91
5907,58,147409,2016-06-30,Engineering,88
5908,58,71848,2022-08-28,Marketing,93
5909,54,38512,2024-05-14,HR,64
5910,49,69776,2020-12-14,Sales,67
5911,62,113420,2019-05-24,Support,81
5912,50,82433,2024-08-26,Marketing,97
5913,27,39597,2017-05-30,Finance,85
5914,50,78022,2021-03-27,Engineering,89
5915,22,142673,2018-08-16,Sales,73
5916,34,48782,2022-08-23,Engineering,56
5917,34,128651,2022-09-27,Sales,87
5918,39,148030,2023-05-25,Finance,86
5919,32,115745,2021-05-27,Support,99
5920,42,87396,2018-11-16,Support,70
5921,55,99057,2017-09-18,Finance,76
5922,49,96836,2015-08-07,Finance,53
5923,61,60802,2024-07-08,Marketing,51
5924,43,116753,2017-02-28,Finance,63
5925,32,81603,2020-04-27,Engineering,83
5926,53,120450,2018-04-02,HR,58
5927,24,56269,2018-12-11,Marketing,62
5928,44,92398,2015-09-23,Finance,93
5929,52,87228,2017-07-29,Marketing,64
5930,63,132071,2021-02-23,Engineering,58
5931,62,146694,2024-08-07,Marketing,85
5932,57,148018,2020-05-25,Sales,83
5933,36,80075,2018-12-03,Engineering,72
5934,57,92444,2017-05-15,Support,56
5935,58,37883,2015-01-19,Engineering,63
5936,63,51134,2021-10-24,Sales,52
5937,32,44642,2016-10-23,Finance,73
5938,63,54583,2016-07-17,HR,54
5939,21,140285,2024-07-13,HR,65
5940,37,135879,2020-10-04,Sales,55
5941,48,133941,2023-06-13,Marketing,84
5942,32,40908,2024-04-20,HR,52
5943,28,83634,2022-12-07,Sales,77
5944,27,96912,2022-01-02,Support,97
5945,33,90282,2022-04-18,Engineering,59
5946,50,38163,2020-01-10,Marketing,52
5947,22,134587,2017-08-01,Marketing,93
5948,30,51143,2023-07-04,Engineering,93
5949,49,112911,2016-12-27,Sales,94
5950,54,124071,2018-06-27,Marketing,85
5951,38,93179,2024-01-05,HR,70
5952,38,110253,2015-01-13,HR,55
5953,26,39664,2023-07-24,Engineering,61
5954,31,136885,2019-08-26,HR,50
5955,39,70225,2024-05-08,Sales,60
5956,20,34521,2021-11-28,HR,55
5957,23,38382,2023-04-14,Marketing,69
5958,38,132657,2022-01-26,Sales,75
5959,48,44425,2021-02-03,HR,81
5960,27,91177,2023-06-26,HR,55
5961,40,67851,2021-10-02,Engineering,98
5962,47,32175,2020-06-08,Sales,63
5963,54,55654,2018-10-10,Support,81
5964,51,117144,2017-07-01,Support,93
5965,39,98894,2024-05-25,Marketing,56
5966,58,132548,2016-04-12,Finance,65
5967,37,126554,2017-04-23,Finance,93
5968,64,79777,2016-07-19,HR,68
5969,49,138750,2016-07-21,Marketing,54
5970,28,103678,2018-02-27,Marketing,78
5971,62,135155,2024-09-05,Engineering,98
5972,53,77958,2022-01-12,Marketing,64
5973,63,118747,2023-09-14,Sales,52
5974,49,72185,2015-07-16,Finance,89
5975,55,120197,2018-07-15,Sales,63
5976,34,54276,2017-10-14,Finance,97
5977,32,54575,2015-11-29,Engineering,64
5978,18,112263,2018-09-20,Marketing,61
5979,27,53021,2020-03-07,Marketing,91
5980,59,65059,2019-02-17,Sales,80
5981,28,80805,2022-08-02,Sales,65
5982,26,136734,2017-10-18,HR,63
5983,36,64206,2016-06-21,Support,58
5984,53,105188,2024-02-15,Finance,88
5985,43,65847,2019-12-26,Finance,73
5986,25,48642,2018-07-28,Sales,96
5987,47,109417,2022-11-22,Sales,71
5988,26,109865,2022-02-18,Marketing,93
5989,21,103124,2016-07-16,Engineering,57
5990,18,84235,2024-11-21,Engineering,55
5991,64,72723,2021-03-25,Finance,60
5992,22,128993,2015-07-29,HR,73
5993,64,84033,2024-01-11,Finance,69
5994,45,64764,2017-06-04,Marketing,54
5995,47,54064,2015-03-14,Marketing,71
5996,35,79581,2020-03-15,HR,54
5997,48,115701,2015-03-13,Engineering,76
5998,42,117388,2021-06-26,Sales,77
5999,33,58981,2024-03-07,Sales,61
6000,37,80513,2016-03-22,Finance,83
6001,40,54940,2022-09-02,Engineering,76
6002,34,38367,2023-04-09,HR,70
6003,57,38573,2018-09-30,Engineering,80
6004,20,95296,2022-07-25,Marketing,99
6005,43,81542,2020-05-25,Finance,55
6006,45,92151,2021-08-31,Finance,94
6007,25,128706,2019-08-05,Sales,87
6008,46,144326,2015-04-03,HR,96
6009,49,89145,2019-12-05,Sales,76
6010,18,120854,2018-09-20,Finance,78
6011,62,69618,2016-09-13,Sales,96
6012,54,115982,2024-05-12,Finance,60
6013,39,31617,2021-09-04,Sales,84
6014,23,70002,2022-08-01,Marketing,54
6015,26,119627,2021-05-14,HR,68
6016,45,67850,2021-08-09,Engineering,62
6017,55,61786,2018-07-12,Sales,70
6018,44,97261,2020-03-28,Support,95
6019,23,64469,2015-02-17,HR,98
6020,28,42270,2022-01-29,Engineering,90
6021,34,65575,2019-10-22,Support,88
6022,24,123566,2018-02-14,Marketing,79
6023,38,47408,2022-03-01,Support,74
6024,49,38698,2017-06-30,Engineering,57
6025,22,104781,2015-05-19,Sales,57
6026,36,67355,2016-06-18,Marketing,79
6027,32,102739,2022-05-05,Marketing,93
6028,44,138132,2021-07-16,Support,97
6029,47,128342,2021-04-22,Engineering,96
6030,30,36265,2017-08-04,Marketing,65
6031,61,102134,2022-01-14,Engineering,97
6032,44,82268,2024-10-02,Sales,84
6033,32,91339,2017-02-17,Sales,84
6034,24,148717,2015-09-21,Engineering,99
6035,63,139681,2023-05-13,Finance,95
6036,37,127375,2017-09-09,Sales,87
6037,57,34383,2016-01-23,Finance,75
6038,56,91331,2017-03-17,Finance,67
6039,32,118627,2021-08-05,Marketing,71
6040,39,130916,2024-12-11,Sales,70
6041,19,31908,2015-07-28,Marketing,92
6042,35,60358,2024-01-21,Marketing,62
6043,58,111032,2017-07-07,Engineering,98
6044,24,60632,2020-07-05,Sales,50
6045,19,117171,2023-12-06,HR,63
6046,49,100499,2024-06-02,Support,51
6047,57,140065,2019-07-07,Sales,63
6048,37,55176,2020-04-06,Finance,91
6049,25,30987,2021-12-05,HR,95
6050,38,126854,2016-03-30,Finance,81
6051,25,142350,2019-05-12,Support,86
6052,33,80281,2024-11-10,Support,76
6053,57,59032,2020-10-15,Marketing,67
6054,52,118176,2023-08-07,Finance,64
6055,44,51584,2020-07-09,Support,89
6056,19,55968,2021-07-26,Marketing,99
6057,48,145391,2015-03-12,Support,86
6058,58,136081,2015-02-27,Finance,83
6059,20,66368,2020-01-09,Finance,63
6060,31,87645,2015-02-12,Sales,87
6061,52,147632,2023-02-20,Sales,97
6062,46,89267,2018-08-22,Marketing,82
6063,34,139211,2022-07-21,Marketing,99
6064,43,46007,2020-03-22,Marketing,83
6065,35,119438,2019-04-30,Sales,76
6066,33,92969,2019-11-16,Sales,59
6067,57,71291,2019-10-11,Sales,71
6068,33,48443,2018-03-14,Engineering,60
6069,37,113634,2024-11-07,Marketing,50
6070,44,115186,2017-02-10,Support,61
6071,47,71992,2015-03-29,Marketing,86
6072,18,143065,2021-07-12,Engineering,98
6073,21,60399,2017-03-11,Support,64
6074,44,75511,2023-07-25,Sales,72
6075,32,121610,2024-06-10,Marketing,80
6076,56,112542,2018-08-26,Sales,57
6077,47,74345,2015-08-27,Support,91
6078,35,81843,2018-05-21,HR,96
6079,60,61509,2019-10-03,Marketing,52
6080,32,97170,2017-02-16,Support,96
6081,55,137680,2023-12-12,Engineering,63
6082,18,120352,2022-04-18,Engineering,75
6083,25,71521,2023-02-05,HR,65
6084,55,72889,2024-10-27,Sales,91
6085,54,49163,2024-05-11,Marketing,61
6086,37,118112,2024-04-04,Support,63
6087,63,74706,2021-04-24,Engineering,78
6088,29,105379,2015-03-06,Support,67
6089,61,70641,2023-11-26,HR,51
6090,34,40633,2022-10-23,HR,67
6091,39,30594,2015-08-03,Finance,50
6092,41,127507,2015-11-16,Support,74
6093,53,34861,2022-10-24,Marketing,80
6094,48,110382,2023-03-02,Engineering,51
6095,36,48228,2016-05-07,Finance,61
6096,27,30094,2019-04-16,HR,94
6097,39,47430,2022-11-23,Sales,72
6098,32,126665,2020-07-03,Support,52
6099,40,50860,2022-06-23,HR,94
6100,57,143784,2021-11-08,HR,88
6101,25,39745,2020-09-25,Marketing,90
6102,23,48330,2023-04-03,Marketing,85
6103,32,85332,2017-08-15,Support,54
6104,56,120365,2024-02-12,Engineering,58
6105,24,31320,2024-12-26,HR,69
6106,27,36589,2020-12-30,Engineering,75
6107,21,45589,2016-04-20,Engineering,73
6108,31,90840,2021-05-14,Support,50
6109,34,56732,2019-07-28,Support,73
6110,44,60982,2022-10-24,Marketing,58
6111,60,58514,2024-12-02,HR,61
6112,38,106034,2023-05-13,Finance,64
6113,38,92985,2021-11-05,Engineering,82
6114,63,45930,2015-01-01,Support,55
6115,19,143436,2016-03-18,Support,89
6116,50,119788,2019-09-13,Engineering,53
6117,21,135372,2016-07-23,Marketing,86
6118,37,37464,2018-07-29,HR,72
6119,62,102657,2022-12-11,Marketing,98
6120,42,70768,2019-08-15,Sales,64
6121,51,45791,2020-04-22,Engineering,69
6122,54,144239,2015-01-23,Support,76
6123,39,139554,2023-03-06,Finance,54
6124,51,148822,2023-09-29,HR,52
6125,34,120941,2015-12-19,Engineering,73
6126,41,45234,2020-09-04,Marketing,94
6127,24,65416,2016-08-17,Finance,52
6128,32,109324,2018-01-23,HR,99
6129,46,125049,2016-03-28,Engineering,81
6130,40,62294,2018-07-07,Finance,58
6131,54,53795,2021-04-13,Marketing,89
6132,31,99187,2020-03-20,Marketing,69
6133,45,120381,2019-01-11,HR,93
6134,51,85372,2023-11-18,Finance,80
6135,50,149667,2018-02-12,Support,88
6136,45,82927,2021-04-23,Support,74
6137,49,47032,2016-01-05,Sales,77
6138,48,95552,2017-08-30,HR,72
6139,30,35942,2022-03-15,Finance,59
6140,33,32693,2021-08-13,Finance,97
6141,28,148777,2019-04-14,HR,52
6142,45,137772,2017-09-13,HR,90
6143,32,77419,2019-03-02,Sales,62
6144,59,95907,2021-11-24,Finance,94
6145,34,35702,2024-06-12,Marketing,77
6146,55,86332,2016-08-21,Engineering,66
6147,32,141395,2019-05-16,Marketing,77
6148,32,138269,2016-10-30,Marketing,60
6149,48,139699,2020-11-04,Finance,84
6150,51,99939,2016-07-09,Marketing,76
6151,27,58893,2015-03-14,Marketing,94
6152,37,137292,2015-09-14,Finance,78
6153,40,109544,2019-06-10,Support,99
6154,38,30111,2016-06-21,Sales,92
6155,27,70168,2022-07-05,Marketing,61
6156,47,141484,2018-06-13,Engineering,82
6157,35,82813,2016-04-24,HR,71
6158,38,53424,2023-06-18,Support,98
6159,60,125603,2022-05-29,Marketing,64
6160,53,79454,2021-04-02,Marketing,71
6161,49,67049,2016-08-08,Marketing,95
6162,50,59945,2017-04-11,Finance,90
6163,56,93766,2017-04-28,Marketing,92
6164,19,70129,2018-07-27,Marketing,87
6165,46,95267,2022-05-20,Finance,95
6166,20,63766,2018-10-01,Marketing,56
6167,53,46668,2019-04-28,Marketing,86
6168,53,80646,2017-09-28,Finance,94
6169,33,98079,2022-06-20,Support,80
6170,51,105569,2016-09-09,HR,50
6171,35,64169,2024-04-18,Finance,89
6172,60,115687,2021-05-15,Finance,64
6173,34,147419,2016-05-16,Marketing,59
6174,37,98165,2018-09-03,Support,57
6175,62,47441,2020-05-01,Finance,81
6176,59,48179,2019-09-28,Sales,93
6177,56,111363,2016-04-09,Support,73
6178,41,132454,2017-05-11,Engineering,75
6179,42,118867,2023-06-03,Support,56
6180,27,89886,2021-12-21,Marketing,61
6181,18,124067,2016-11-26,Engineering,99
6182,42,140799,2020-09-14,HR,54
6183,36,35315,2024-09-23,Sales,55
6184,43,124576,2021-11-09,Engineering,88
6185,56,127288,2022-11-05,HR,94
6186,31,85919,2019-11-27,Finance,58
6187,32,34132,2024-06-30,Support,99
6188,37,50551,2016-03-25,Engineering,81
6189,64,104900,2017-08-30,HR,90
6190,36,58892,2021-04-16,Sales,80
6191,23,94771,2017-03-02,Sales,92
6192,46,107865,2015-02-09,Support,52
6193,18,57115,2018-10-14,Marketing,64
6194,64,81284,2022-10-08,Finance,95
6195,48,79862,2021-03-01,Support,66
6196,36,62806,2019-09-05,Marketing,52
6197,47,60498,2019-01-12,Marketing,78
6198,31,75986,2016-05-09,Support,77
6199,47,39305,2024-12-27,Support,56
6200,56,106126,2017-08-03,Marketing,54
6201,52,70430,2016-12-01,HR,63
6202,53,57738,2023-11-10,Sales,73
6203,57,142284,2023-08-08,Finance,94
6204,39,66679,2021-12-12,Sales,64
6205,22,133539,2015-05-30,Finance,53
6206,28,142529,2015-01-14,Sales,91
6207,47,90558,2019-08-15,Engineering,55
6208,33,54686,2016-01-08,Sales,89
6209,26,46490,2022-08-18,Support,83
6210,44,83516,2017-01-27,Support,85
6211,44,74104,2018-01-27,Sales,54
6212,39,137294,2020-11-06,Sales,52
6213,47,51652,2023-12-03,Marketing,84
6214,23,81163,2021-05-06,Support,81
6215,59,33044,2016-06-25,Support,74
6216,49,73874,2024-11-05,Finance,71
6217,41,36566,2019-04-14,Sales,79
6218,49,134862,2023-12-19,Marketing,72
6219,57,63952,2022-03-01,Engineering,74
6220,53,92103,2024-12-09,Sales,80
6221,56,142173,2019-10-02,Engineering,62
6222,27,60161,2024-08-09,HR,81
6223,50,146387,2017-04-14,Support,77
6224,33,89919,2018-02-24,Engineering,67
6225,25,97561,2021-05-03,Finance,65
6226,28,114677,2017-11-06,Sales,50
6227,29,31528,2024-02-09,Finance,87
6228,45,74588,2024-01-31,Finance,66
6229,18,50511,2023-07-22,Marketing,57
6230,57,86503,2015-09-03,Support,92
6231,63,64889,2015-10-04,Marketing,96
6232,56,90262,2016-05-20,Support,59
6233,53,96008,2019-07-06,Finance,99
6234,27,71298,2018-08-01,Engineering,95
6235,62,111998,2018-11-03,Marketing,65
6236,19,130956,2021-03-27,Finance,53
6237,46,149006,2020-11-04,Support,66
6238,27,125898,2019-08-14,Marketing,90
6239,32,112747,2021-08-09,HR,93
6240,48,95428,2024-09-13,Marketing,90
6241,63,62556,2024-09-20,Marketing,75
6242,55,120674,2023-12-16,HR,85
6243,34,45154,2022-03-27,Engineering,52
6244,31,52448,2019-08-20,Finance,62
6245,58,59402,2021-11-01,Finance,50
6246,34,44319,2016-11-23,Marketing,99
6247,51,86333,2019-12-03,Sales,66
6248,20,88209,2020-11-18,Marketing,89
6249,42,136108,2016-11-24,Sales,51
6250,51,82185,2024-02-15,Engineering,80
6251,26,110221,2024-09-06,Marketing,69
6252,38,35084,2018-07-19,Support,74
6253,55,112297,2023-11-29,Engineering,93
6254,42,50872,2024-08-30,Support,88
6255,61,142025,2019-10-15,Support,86
6256,33,117844,2015-04-20,HR,61
6257,41,107331,2021-12-12,Marketing,58
6258,40,107670,2018-05-14,Sales,78
6259,48,72002,2019-05-20,Finance,69
6260,40,114458,2017-06-20,Sales,76
6261,47,113796,2016-02-19,Finance,93
6262,52,140704,2019-10-03,Engineering,56
6263,39,74361,2019-09-03,Finance,72
6264,32,59533,2017-07-20,Support,83
6265,30,38699,2022-01-15,Engineering,53
6266,35,127079,2018-04-03,Marketing,72
6267,50,88465,2021-12-11,HR,83
6268,53,134162,2022-11-07,HR,66
6269,45,114749,2015-07-17,Finance,83
6270,28,116732,2021-06-11,Marketing,82
6271,19,43281,2024-03-31,Marketing,78
6272,54,48371,2023-05-24,Engineering,61
6273,43,135977,2015-05-07,Support,77
6274,20,118659,2019-12-01,Marketing,59
6275,35,149988,2016-05-03,Finance,76
6276,48,124682,2017-04-01,Engineering,91
6277,18,126517,2024-04-12,HR,60
6278,51,45846,2019-03-13,Sales,69
6279,38,63236,2024-04-11,HR,67
6280,38,78402,2017-06-08,Marketing,53
6281,30,110337,2017-05-02,HR,78
6282,42,47335,2015-04-18,Support,62
6283,44,117995,2018-01-04,HR,68
6284,18,102613,2016-12-07,Marketing,68
6285,18,63959,2016-11-27,Marketing,66
6286,38,70533,2016-06-19,Support,64
6287,56,91743,2020-03-28,Marketing,88
6288,49,79456,2020-12-24,HR,53
6289,61,133212,2020-01-16,Engineering,81
6290,21,98340,2024-08-18,Finance,50
6291,50,61174,2024-02-19,Engineering,58
6292,18,138177,2023-07-04,HR,96
6293,23,84337,2022-03-20,Engineering,58
6294,21,142918,2024-08-29,Marketing,92
6295,62,58842,2016-09-06,HR,57
6296,56,104319,2016-02-01,Engineering,84
6297,34,110145,2018-08-26,HR,76
6298,32,118571,2017-01-12,HR,66
6299,60,109172,2018-11-28,Support,65
6300,32,36441,2016-04-08,Marketing,95
6301,51,109314,2018-04-11,Finance,57
6302,64,57273,2016-04-28,Finance,54
6303,43,118789,2021-06-18,Engineering,93
6304,40,32365,2023-07-03,Engineering,62
6305,26,87072,2017-03-19,Support,69
6306,45,42907,2024-11-13,HR,86
6307,41,82331,2015-11-25,Marketing,82
6308,37,107755,2020-03-01,Engineering,97
6309,47,36472,2016-10-04,Engineering,94
6310,34,51859,2021-03-01,Engineering,63
6311,36,38262,2024-12-20,Support,52
6312,50,117851,2022-02-17,Finance,81
6313,64,133946,2018-12-10,Marketing,91
6314,19,89353,2022-09-29,Engineering,53
6315,34,79104,2022-12-19,Finance,77
6316,47,107223,2023-01-13,Support,72
6317,63,58887,2023-06-25,Support,78
6318,21,63701,2017-05-14,Sales,78
6319,36,91274,2024-01-22,HR,78
6320,53,106147,2020-11-16,HR,55
6321,40,58390,2023-06-22,Support,95
6322,61,119007,2022-07-08,Engineering,57
6323,19,73724,2020-03-23,Support,89
6324,38,132046,2017-04-17,Sales,97
6325,53,97388,2015-08-07,Marketing,97
6326,55,134922,2024-11-22,HR,85
6327,40,79334,2024-01-18,HR,70
6328,30,95700,2024-04-11,HR,96
6329,43,105751,2018-05-31,Support,56
6330,63,60694,2022-12-13,HR,71
6331,56,83974,2020-05-04,Sales,79
6332,35,92461,2023-10-15,Support,91
6333,35,53533,2018-04-06,Engineering,59
6334,56,107661,2022-02-28,Sales,75
6335,24,50998,2023-07-05,Marketing,54
6336,18,134493,2015-04-04,Finance,67
6337,30,113608,2020-11-21,Sales,89
6338,25,142713,2017-01-10,HR,81
6339,34,97173,2018-09-08,Marketing,64
6340,32,92072,2016-01-11,Finance,97
6341,57,124194,2015-10-13,Finance,69
6342,32,81042,2020-04-29,HR,55
6343,47,143272,2015-02-08,Finance,57
6344,48,86959,2019-10-07,Engineering,97
6345,64,78415,2015-03-01,Finance,94
6346,32,125825,2019-01-11,HR,62
6347,41,115159,2017-08-21,Sales,63
6348,45,50426,2015-08-07,HR,55
6349,42,128560,2016-04-22,Marketing,74
6350,19,121005,2022-05-04,HR,81
6351,30,88528,2015-06-13,HR,81
6352,41,76339,2017-10-11,HR,73
6353,40,80460,2020-12-05,HR,83
6354,38,44877,2019-08-09,Sales,75
6355,37,42943,2024-07-29,Engineering,52
6356,54,50455,2023-11-28,Finance,93
6357,42,59974,2022-03-06,Support,93
6358,18,33936,2024-01-02,Finance,64
6359,34,93969,2022-08-02,Sales,66
6360,58,80859,2019-12-01,Support,53
6361,30,122099,2022-11-15,Finance,56
6362,63,59178,2023-03-25,HR,58
6363,40,95696,2024-07-30,Marketing,82
6364,37,136371,2024-01-29,Finance,50
6365,59,64593,2024-01-11,Finance,76
6366,38,39815,2018-08-08,Support,64
6367,52,61423,2015-07-29,Engineering,74
6368,26,116800,2017-03-10,Support,70
6369,30,79282,2016-12-29,Engineering,53
6370,21,82714,2016-09-26,HR,77
6371,24,54089,2018-12-02,HR,60
6372,41,62746,2017-09-19,Support,59
6373,54,116796,2017-12-12,Support,93
6374,59,72278,2015-09-26,Sales,68
6375,36,135035,2021-09-23,Support,71
6376,64,82196,2016-05-23,Sales,79
6377,63,85499,2023-02-18,Engineering,78
6378,38,36218,2024-02-26,Finance,86
6379,35,106907,2021-05-13,Engineering,76
6380,54,82271,2020-06-25,HR,61
6381,40,139345,2017-05-09,Marketing,87
6382,40,141796,2022-07-02,HR,74
6383,21,89613,2018-05-09,Marketing,79
6384,30,80089,2015-03-26,Support,98
6385,31,135646,2018-07-21,Marketing,57
6386,41,148033,2015-03-31,HR,84
6387,42,83968,2020-10-12,Support,81
6388,41,30518,2020-01-28,HR,62
6389,44,144543,2016-10-30,Finance,54
6390,53,132489,2023-10-28,Support,91
6391,62,105422,2019-11-04,HR,59
6392,63,148553,2021-06-20,Support,71
6393,29,32335,2024-06-09,Engineering,76
6394,50,143276,2023-03-08,Engineering,69
6395,56,111256,2016-10-29,Marketing,89
6396,30,82237,2018-12-28,Marketing,93
6397,57,119716,2023-12-13,HR,71
6398,35,96863,2017-06-30,Engineering,78
6399,60,56255,2017-07-20,Sales,95
6400,52,52068,2022-01-18,Sales,83
6401,20,50547,2017-01-17,Support,54
6402,27,54883,2015-03-16,Support,78
6403,49,134222,2022-12-03,Engineering,51
6404,29,65162,2022-07-31,Engineering,54
6405,54,63434,2020-06-05,Sales,72
6406,50,107891,2019-12-30,Engineering,70
6407,41,61147,2017-01-08,Sales,80
6408,61,139807,2016-01-03,Marketing,73
6409,27,53088,2021-08-23,Sales,98
6410,19,89998,2021-08-07,Support,74
6411,21,99810,2019-01-29,Finance,60
6412,34,67739,2016-05-18,HR,51
6413,23,47352,2015-08-03,Engineering,54
6414,37,51148,2024-01-12,Support,70
6415,26,86795,2016-04-06,Finance,57
6416,48,126531,2023-11-11,Engineering,76
6417,25,145957,2021-01-25,Engineering,70
6418,45,145158,2021-11-28,Marketing,55
6419,20,128244,2016-03-19,Finance,58
6420,24,140779,2024-04-01,Finance,53
6421,56,60340,2019-11-20,Sales,60
6422,32,121071,2020-12-21,HR,83
6423,30,47013,2019-09-20,Finance,97
6424,24,54935,2024-12-18,Support,55
6425,56,105697,2016-10-07,Finance,79
6426,39,116936,2015-02-02,HR,77
6427,37,96470,2023-12-26,Support,52
6428,22,109552,2019-11-01,Marketing,64
6429,43,52695,2022-10-23,HR,90
6430,64,111257,2018-06-07,Finance,83
6431,22,73614,2024-09-01,Engineering,62
6432,60,49861,2017-09-01,Finance,64
6433,43,99393,2023-04-02,Sales,97
6434,26,94512,2023-07-10,Marketing,92
6435,26,115759,2017-03-24,HR,72
6436,60,83420,2024-05-19,Sales,51
6437,31,99925,2021-12-21,Sales,89
6438,35,137535,2024-02-18,HR,78
6439,61,68090,2018-08-06,Engineering,55
6440,20,74557,2021-02-02,Support,51
6441,49,95994,2016-07-16,Finance,71
6442,20,34721,2016-10-02,Support,80
6443,50,141869,2021-09-09,Marketing,73
6444,18,108763,2018-02-16,Engineering,64
6445,54,101834,2023-01-28,Engineering,87
6446,44,80155,2017-12-14,HR,61
6447,20,32589,2018-07-15,Sales,81
6448,40,130545,2019-07-31,Support,56
6449,51,37711,2022-02-17,HR,88
6450,49,129242,2019-06-10,Finance,92
6451,31,33970,2023-07-06,Finance,95
6452,49,116570,2020-08-04,Marketing,85
6453,34,142111,2023-08-23,Finance,52
6454,27,35950,2021-04-23,HR,96
6455,57,83009,2022-08-16,Finance,52
6456,56,55277,2019-03-06,Sales,59
6457,26,61533,2020-08-02,Support,95
6458,28,102123,2018-02-03,Finance,82
6459,53,71753,2020-12-19,Marketing,76
6460,55,117829,2016-11-10,Finance,75
6461,39,136948,2018-12-02,Finance,84
6462,19,94482,2017-10-21,Support,58
6463,35,58330,2015-02-21,Finance,61
6464,20,62977,2020-11-23,HR,87
6465,24,94480,2016-03-10,Engineering,55
6466,35,66734,2021-08-24,Marketing,71
6467,56,137954,2024-01-22,Sales,58
6468,52,34758,2021-11-10,Sales,61
6469,41,130157,2018-10-20,HR,99
6470,57,51832,2021-04-11,Support,62
6471,57,144869,2022-05-12,HR,91
6472,34,71862,2024-12-27,HR,66
6473,41,118321,2017-07-24,Support,84
6474,45,35280,2016-09-06,Finance,70
6475,27,122724,2021-04-22,Support,95
6476,62,109624,2021-04-26,HR,87
6477,23,85090,2020-04-12,Sales,91
6478,52,134273,2022-11-07,Sales,68
6479,22,134472,2015-07-03,Sales,60
6480,27,109632,2016-08-26,Engineering,85
6481,43,54798,2018-09-08,HR,81
6482,38,116545,2019-12-29,Finance,67
6483,18,96189,2016-02-22,Support,57
6484,19,121954,2024-02-21,Engineering,64
6485,51,119379,2024-01-09,Marketing,50
6486,38,147545,2020-08-11,Support,50
6487,49,123749,2016-02-29,Marketing,96
6488,53,138582,2023-12-30,Sales,79
6489,24,91589,2024-04-08,Sales,99
6490,62,125561,2015-01-11,HR,57
6491,44,32953,2017-11-01,Sales,63
6492,63,106922,2022-02-05,Sales,60
6493,23,139588,2020-07-10,Sales,82
6494,36,39047,2019-11-18,Support,67
6495,52,44323,2015-06-01,HR,92
6496,54,119170,2016-07-30,Support,73
6497,51,125253,2024-11-24,Support,53
6498,27,60273,2015-01-13,HR,57
6499,50,56234,2024-06-13,Finance,87
6500,60,134570,2017-06-04,Sales,77
6501,27,94320,2020-02-11,Finance,83
6502,20,122040,2022-12-23,Sales,54
6503,59,71353,2023-02-16,Sales,61
6504,35,90985,2022-11-28,Finance,70
6505,38,35250,2017-02-04,Finance,54
6506,42,53289,2020-01-19,Engineering,98
6507,25,66368,2015-10-04,Marketing,58
6508,49,120693,2022-06-18,Finance,98
6509,57,88900,2021-07-09,Engineering,56
6510,24,75166,2024-07-21,Support,88
6511,44,127799,2018-10-19,HR,58
6512,45,109566,2022-01-17,Engineering,51
6513,24,35166,2019-05-18,Finance,67
6514,39,86561,2015-03-27,Engineering,59
6515,50,144818,2018-06-08,Support,63
6516,61,135261,2024-01-09,Sales,85
6517,30,42559,2021-01-15,Engineering,65
6518,22,51747,2016-01-13,Finance,74
6519,55,110869,2023-02-01,Sales,99
6520,55,134294,2020-08-20,Sales,97
6521,58,63241,2022-02-08,Finance,62
6522,61,44834,2020-06-25,Support,75
6523,18,51383,2019-01-22,Support,53
6524,38,138029,2023-10-29,Marketing,71
6525,54,115040,2018-09-07,Finance,52
6526,36,32076,2017-01-29,Sales,72
6527,50,82342,2022-07-15,Engineering,90
6528,40,91572,2021-12-21,Finance,56
6529,23,53216,2020-07-29,Sales,71
6530,30,50171,2022-05-17,Support,53
6531,25,119023,2023-04-05,Support,86
6532,48,63700,2019-08-15,Finance,94
6533,43,119834,2024-09-20,Finance,57
6534,57,121104,2024-03-24,Sales,94
6535,46,127284,2017-10-03,Marketing,77
6536,57,96640,2024-04-26,HR,72
6537,62,75704,2024-07-13,Finance,51
6538,49,55906,2021-06-01,Finance,98
6539,48,146742,2022-05-28,Support,79
6540,20,48226,2022-05-23,Marketing,58
6541,27,144669,2020-04-23,Sales,99
6542,64,101641,2024-01-21,Engineering,50
6543,47,87784,2015-03-17,Sales,87
6544,32,146056,2015-01-06,Marketing,55
6545,35,54512,2020-10-14,HR,52
6546,34,125614,2019-09-01,Engineering,97
6547,25,60011,2023-04-14,Sales,98
6548,57,40960,2017-05-23,Engineering,74
6549,58,51387,2019-11-13,Marketing,78
6550,42,101779,2022-06-20,Finance,74
6551,46,71098,2016-09-30,Finance,53
6552,31,57949,2018-07-03,Finance,87
6553,34,103537,2018-03-07,HR,57
6554,53,111993,2015-11-25,Finance,56
6555,53,42303,2016-12-26,Marketing,63
6556,33,110664,2015-02-14,Sales,90
6557,21,127180,2022-08-19,Sales,55
6558,18,96046,2017-11-27,Support,88
6559,18,97442,2015-07-23,Engineering,89
6560,20,111984,2019-02-20,Support,50
6561,56,139844,2019-08-24,Marketing,94
6562,47,45583,2020-03-27,Finance,82
6563,39,36109,2016-07-17,Finance,95
6564,21,31238,2021-10-12,Finance,93
6565,42,61115,2021-08-15,Engineering,66
6566,32,132985,2016-10-09,Support,84
6567,46,107259,2020-02-28,Marketing,50
6568,18,135481,2018-09-29,Marketing,67
6569,64,100977,2021-04-04,Finance,98
6570,25,35397,2016-06-28,Engineering,71
6571,43,52233,2017-12-13,Sales,58
6572,38,99726,2018-04-18,HR,92
6573,23,44071,2018-04-22,Support,63
6574,50,32118,2021-10-15,Support,73
6575,26,81786,2024-08-21,Marketing,72
6576,19,49874,2019-01-05,HR,85
6577,45,90582,2016-04-20,Engineering,93
6578,21,94703,2020-02-21,Finance,59
6579,23,141800,2016-11-11,Sales,79
6580,63,112018,2020-08-30,Sales,98
6581,60,116217,2017-01-07,Sales,81
6582,59,108313,2018-09-23,HR,52
6583,43,110398,2018-01-22,Marketing,66
6584,44,133185,2016-09-13,Engineering,68
6585,29,83079,2023-10-05,Sales,54
6586,41,61066,2021-07-10,HR,97
6587,47,113470,2016-02-23,HR,96
6588,55,75950,2016-01-28,Finance,93
6589,51,130250,2017-10-08,Support,69
6590,58,109711,2019-09-08,Engineering,53
6591,22,33449,2015-07-11,HR,57
6592,39,107929,2017-04-10,Finance,56
6593,39,127069,2018-04-10,Finance,79
6594,54,134847,2023-05-15,Marketing,64
6595,22,62322,2017-10-08,Marketing,72
6596,27,47412,2017-08-06,Marketing,72
6597,32,54657,2023-03-05,HR,74
6598,25,114958,2021-05-22,Finance,70
6599,19,124485,2021-06-21,Marketing,57
6600,40,97807,2019-03-20,Sales,57
6601,21,78447,2017-12-18,Support,79
6602,36,149423,2017-08-14,HR,72
6603,35,111844,2024-07-31,Engineering,78
6604,40,146832,2017-01-11,Engineering,96
6605,35,91109,2020-11-02,Finance,93
6606,50,66230,2018-10-20,Support,77
6607,18,128366,2015-11-24,Sales,88
6608,51,102102,2021-12-19,HR,68
6609,48,88188,2023-10-06,Engineering,73
6610,22,78086,2015-05-02,Finance,68
6611,18,124368,2024-12-01,Support,99
6612,50,48079,2021-03-04,Engineering,77
6613,54,142808,2017-01-06,Sales,61
6614,26,79393,2019-08-25,Sales,60
6615,50,136642,2021-09-18,Marketing,91
6616,51,78838,2023-01-24,Sales,80
6617,19,42197,2023-03-19,Finance,81
6618,27,86831,2016-12-10,Support,57
6619,43,102925,2021-01-10,HR,60
6620,58,124611,2022-03-16,Finance,69
6621,26,97271,2015-01-09,Finance,64
6622,51,102663,2015-08-03,Engineering,82
6623,58,149528,2023-09-24,Support,94
6624,57,129546,2020-07-05,Sales,70
6625,22,40108,2015-07-05,Engineering,84
6626,38,48883,2015-02-04,Sales,98
6627,33,37160,2017-06-04,Support,80
6628,43,113133,2017-04-29,Marketing,84
6629,23,100496,2019-01-16,Marketing,70
6630,33,91934,2019-01-23,Engineering,88
6631,51,48409,2024-08-30,Sales,64
6632,23,60657,2019-03-29,Support,73
6633,45,43440,2016-05-15,Engineering,50
6634,45,102035,2018-01-09,Sales,69
6635,25,123248,2022-08-30,Marketing,75
6636,60,125024,2016-01-08,Finance,74
6637,27,144123,2019-02-25,Engineering,90
6638,24,68079,2020-01-24,Marketing,61
6639,64,146583,2018-12-22,HR,66
6640,22,44718,2021-03-29,Sales,63
6641,51,128351,2015-11-06,Engineering,66
6642,52,127398,2020-07-16,Sales,50
6643,53,136235,2022-02-17,Support,68
6644,59,41844,2018-11-20,HR,68
6645,60,64854,2015-11-22,Support,54
6646,29,139906,2020-10-21,Sales,96
6647,29,42835,2015-06-17,HR,61
6648,35,137504,2021-06-05,Sales,97
6649,60,40273,2019-10-18,Support,97
6650,50,104385,2023-12-08,Marketing,78
6651,62,113460,2024-04-18,Engineering,74
6652,41,134668,2024-05-21,HR,87
6653,50,41273,2018-04-03,Engineering,86
6654,50,37894,2023-04-10,Finance,60
6655,41,73095,2016-11-24,Marketing,56
6656,38,139715,2019-08-05,Engineering,59
6657,42,130782,2019-05-05,Finance,85
6658,64,102590,2018-06-04,Marketing,93
6659,57,74775,2018-07-31,HR,99
6660,23,134513,2022-10-26,Sales,61
6661,21,60486,2022-01-11,Engineering,62
6662,34,127694,2015-01-22,Sales,65
6663,58,92425,2020-04-17,Engineering,77
6664,18,54942,2021-03-22,Marketing,61
6665,54,111526,2017-01-20,Finance,99
6666,37,148209,2015-01-11,Engineering,85
6667,32,116437,2022-12-30,Sales,71
6668,61,145900,2018-07-03,Finance,99
6669,49,51818,2023-01-21,Marketing,69
6670,53,83629,2016-01-31,Sales,82
6671,32,144749,2023-10-20,Engineering,99
6672,63,63922,2017-03-08,Finance,78
6673,64,138122,2022-01-20,Finance,54
6674,48,118405,2016-08-16,Marketing,84
6675,24,147957,2022-11-01,Marketing,75
6676,18,59394,2018-10-14,Engineering,56
6677,53,66171,2021-09-28,Marketing,69
6678,40,149448,2017-03-30,HR,79
6679,46,77198,2020-03-17,Support,67
6680,58,143810,2023-07-04,HR,53
6681,18,61016,2019-03-04,Sales,64
6682,25,138942,2015-04-22,Support,64
6683,56,128837,2022-10-29,Sales,67
6684,33,30129,2019-09-28,Finance,85
6685,37,147647,2017-07-09,HR,52
6686,47,42342,2020-04-23,HR,51
6687,52,82249,2015-09-23,Support,54
6688,19,90658,2018-12-21,HR,69
6689,51,30737,2017-05-04,Support,69
6690,42,95875,2015-03-11,Sales,74
6691,31,142059,2017-04-20,Marketing,96
6692,61,128730,2024-04-07,Finance,92
6693,56,72095,2017-05-27,Marketing,54
6694,19,145637,2016-03-22,Support,65
6695,47,102618,2024-04-22,Support,87
6696,62,90285,2017-01-17,Finance,91
6697,41,145058,2024-03-26,Sales,79
6698,54,48680,2020-06-01,Finance,88
6699,28,138621,2017-06-09,Finance,72
6700,33,148833,2022-06-11,Sales,70
6701,21,50405,2018-09-14,HR,96
6702,31,52354,2023-05-01,Finance,54
6703,53,140558,2021-07-02,Marketing,94
6704,35,66523,2022-12-25,Marketing,80
6705,47,65732,2019-10-01,Finance,96
6706,47,123238,2016-11-30,Finance,90
6707,21,82776,2020-03-31,Finance,94
6708,27,142858,2023-05-30,HR,65
6709,47,106620,2019-06-21,Sales,85
6710,38,112604,2017-02-22,Finance,89
6711,62,84606,2021-02-16,Sales,69
6712,37,53212,2023-11-11,Marketing,54
6713,49,52277,2017-06-20,Support,79
6714,43,47676,2018-01-20,HR,78
6715,22,39752,2018-03-14,HR,62
6716,41,70670,2016-08-15,Sales,69
6717,25,64747,2023-05-22,Marketing,58
6718,38,59810,2024-01-12,Finance,69
6719,32,64841,2017-06-17,Engineering,91
6720,28,33048,2015-09-30,Finance,60
6721,44,106637,2020-11-24,Marketing,68
6722,51,137045,2016-04-18,Marketing,72
6723,18,42674,2024-07-31,HR,52
6724,45,146109,2018-07-02,Marketing,79
6725,22,83616,2016-04-14,HR,64
6726,55,35837,2016-03-31,Marketing,63
6727,25,86319,2017-04-16,Support,57
6728,36,71247,2017-10-26,Support,80
6729,46,73048,2017-01-04,Support,60
6730,62,105532,2024-04-12,Sales,76
6731,36,46025,2022-05-01,Sales,86
6732,26,133166,2023-10-12,Marketing,77
6733,49,47587,2017-09-26,Support,52
6734,49,33975,2023-04-10,Sales,63
6735,20,75463,2020-10-19,Finance,62
6736,60,105676,2020-11-08,Finance,57
6737,59,58830,2017-11-02,Finance,75
6738,35,47401,2022-09-17,Support,67
6739,24,75167,2022-01-07,Marketing,87
6740,33,124583,2017-08-05,Support,82
6741,20,144149,2016-12-09,Support,53
6742,53,146777,2021-01-20,Marketing,58
6743,57,59328,2022-08-31,Engineering,66
6744,50,72771,2020-09-22,Marketing,63
6745,39,76515,2021-11-06,Engineering,76
6746,60,108978,2022-10-23,Engineering,73
6747,47,113463,2021-09-02,Sales,71
6748,42,58155,2016-01-03,Sales,59
6749,46,116951,2023-09-08,Marketing,50
6750,38,55574,2022-07-07,Finance,73
6751,26,84715,2016-12-22,Finance,93
6752,43,132035,2015-04-02,Finance,84
6753,53,111897,2015-06-03,HR,85
6754,26,115141,2020-05-21,Sales,50
6755,22,67832,2020-05-27,Engineering,86
6756,55,63490,2022-03-07,HR,57
6757,59,110746,2020-01-19,Support,81
6758,30,71043,2020-02-23,Engineering,85
6759,60,66587,2020-11-14,Support,86
6760,47,99854,2019-08-16,Sales,74
6761,46,107015,2019-08-18,Support,88
6762,38,117208,2023-07-22,Sales,58
6763,59,109401,2023-09-20,Sales,51
6764,21,115895,2017-12-22,Finance,81
6765,31,130428,2017-08-04,Support,70
6766,41,127201,2018-04-04,Marketing,67
6767,62,51951,2016-06-06,Engineering,89
6768,43,84431,2022-03-19,Support,93
6769,50,77411,2021-05-19,Finance,80
6770,35,126946,2016-11-20,Sales,74
6771,62,57358,2024-07-20,Marketing,59
6772,64,49763,2020-01-30,Support,83
6773,20,115997,2016-02-24,HR,88
6774,25,37804,2021-05-21,Support,81
6775,60,108748,2018-08-24,HR,71
6776,37,97525,2016-11-28,Engineering,92
6777,46,146585,2021-05-01,Marketing,66
6778,48,80849,2022-06-01,Engineering,87
6779,54,125619,2019-03-04,Engineering,51
6780,29,88914,2021-07-02,Support,55
6781,63,105079,2017-03-26,Marketing,70
6782,63,35948,2018-06-06,Engineering,84
6783,32,130934,2024-01-29,Marketing,64
6784,62,56245,2020-05-10,Marketing,96
6785,34,76659,2020-08-09,Support,71
6786,49,104874,2020-05-14,Engineering,71
6787,44,105885,2023-07-14,Sales,64
6788,61,58274,2018-01-19,HR,71
6789,45,69913,2015-07-13,Marketing,87
6790,26,107857,2021-09-23,Marketing,85
6791,26,94910,2017-10-06,Support,94
6792,37,44919,2021-08-20,Finance,77
6793,36,119848,2021-11-03,Sales,65
6794,28,93081,2020-11-12,Marketing,57
6795,50,77177,2019-04-24,Marketing,67
6796,52,86317,2020-07-04,Sales,92
6797,20,106519,2015-11-02,Sales,76
6798,45,138333,2018-09-18,Engineering,55
6799,64,80317,2021-08-10,Engineering,56
6800,27,95950,2020-04-02,Sales,78
6801,59,143397,2023-09-30,HR,66
6802,46,130720,2020-12-05,Sales,93
6803,32,45231,2019-02-25,Engineering,75
6804,29,61676,2021-08-26,HR,90
6805,22,115483,2023-04-02,Support,97
6806,58,121576,2024-02-15,HR,80
6807,20,120818,2019-04-02,Support,75
6808,34,54507,2024-06-29,Engineering,59
6809,19,140282,2023-03-28,Finance,73
6810,52,90886,2018-01-24,Support,81
6811,40,109841,2024-06-22,Engineering,90
6812,36,146033,2016-07-31,Support,51
6813,32,118567,2015-06-18,Finance,70
6814,52,57332,2015-03-19,Support,92
6815,44,91271,2023-05-09,Sales,56
6816,23,139037,2018-02-14,Engineering,82
6817,34,82077,2024-07-24,HR,91
6818,47,31223,2016-01-19,Marketing,89
6819,63,135414,2016-09-07,HR,55
6820,21,67760,2017-08-12,Engineering,64
6821,48,87966,2024-05-22,Marketing,82
6822,52,149414,2020-06-10,Support,54
6823,22,66067,2015-05-10,HR,66
6824,31,45993,2020-09-22,Finance,78
6825,25,50193,2021-06-12,Sales,89
6826,18,75852,2024-02-12,Finance,85
6827,54,67596,2023-06-05,Marketing,54
6828,49,103851,2016-06-15,HR,73
6829,36,55099,2017-12-11,Engineering,50
6830,24,126912,2022-01-03,Marketing,83
6831,60,122230,2017-03-14,Finance,66
6832,20,51788,2021-02-28,Marketing,71
6833,55,133733,2021-01-26,HR,92
6834,46,104225,2017-06-06,Sales,99
6835,59,125044,2020-01-30,Sales,79
6836,40,70950,2018-06-04,Support,70
6837,43,119333,2024-04-30,Engineering,96
6838,38,50243,2018-12-12,Sales,72
6839,21,67780,2016-09-17,Marketing,70
6840,18,49984,2015-04-10,HR,63
6841,36,43105,2015-09-17,Engineering,83
6842,23,41628,2016-08-15,Marketing,98
6843,23,68516,2018-03-12,Sales,54
6844,24,70800,2018-02-17,Sales,62
6845,18,140988,2024-09-16,Sales,92
6846,44,94198,2015-04-20,Engineering,52
6847,42,76176,2015-10-09,Sales,89
6848,34,51164,2018-05-14,Marketing,63
6849,54,130537,2022-08-13,Sales,72
6850,41,109900,2016-12-30,Engineering,87
6851,44,88981,2018-02-22,Support,89
6852,62,107937,2024-04-14,Sales,72
6853,48,71936,2024-06-21,Marketing,86
6854,20,97875,2016-04-15,Marketing,54
6855,63,53758,2020-05-29,HR,98
6856,23,112298,2022-01-09,HR,59
6857,49,55622,2023-12-06,Finance,97
6858,34,144797,2015-11-09,Marketing,69
6859,61,32600,2020-04-09,Support,64
6860,61,145693,2017-08-25,HR,71
6861,23,125939,2017-06-29,Finance,72
6862,61,90012,2022-02-04,HR,68
6863,62,80782,2024-05-30,Finance,93
6864,20,109003,2020-03-22,Finance,52
6865,31,122945,2017-04-27,Support,76
6866,27,49504,2016-05-08,Sales,64
6867,36,135032,2015-05-11,Engineering,53
6868,32,79330,2020-06-13,Marketing,97
6869,25,112032,2020-03-15,Sales,50
6870,24,57444,2021-01-10,Finance,80
6871,35,64571,2021-06-10,Engineering,97
6872,47,123280,2022-07-21,Marketing,96
6873,24,102795,2018-01-31,Sales,98
6874,20,97690,2020-01-16,HR,55
6875,48,113301,2024-11-27,Marketing,64
6876,24,57050,2019-11-10,Engineering,79
6877,44,144512,2018-08-14,Support,67
6878,39,49575,2024-11-01,Engineering,75
6879,44,130695,2016-11-22,Support,57
6880,38,126220,2021-12-11,Finance,92
6881,38,54450,2023-09-09,Engineering,80
6882,44,75037,2020-04-28,Support,76
6883,26,113040,2015-12-21,Sales,82
6884,43,40715,2015-10-23,Finance,93
6885,60,91726,2021-04-02,Marketing,50
6886,37,94587,2018-01-24,Finance,66
6887,32,139601,2023-11-10,Finance,99
6888,33,99123,2019-08-03,HR,57
6889,51,32413,2019-08-03,Marketing,74
6890,32,52555,2015-01-17,Sales,58
6891,19,104000,2018-04-16,HR,59
6892,26,135758,2022-04-12,Finance,51
6893,41,139885,2015-01-30,Finance,68
6894,34,82330,2016-08-22,Support,98
6895,27,99617,2016-02-12,Finance,77
6896,55,98207,2022-08-30,Marketing,77
6897,18,51883,2022-08-12,Sales,52
6898,32,129251,2024-11-20,Marketing,59
6899,38,48212,2016-12-12,HR,64
6900,40,36861,2018-06-29,Sales,64
6901,27,81319,2015-02-28,Marketing,58
6902,61,117846,2017-07-08,Sales,54
6903,42,35943,2021-11-13,HR,91
6904,43,133743,2021-10-14,Marketing,57
6905,39,63971,2021-06-11,Engineering,74
6906,29,90040,2020-12-03,Support,59
6907,27,90616,2023-05-21,Finance,75
6908,52,70154,2020-06-29,Support,80
6909,36,49050,2024-11-15,Sales,87
6910,23,124094,2021-01-13,Marketing,78
6911,64,50396,2019-06-11,HR,54
6912,31,118116,2024-03-24,Finance,51
6913,40,120155,2019-07-28,Marketing,95
6914,36,92167,2024-02-27,Engineering,69
6915,64,42122,2021-01-22,Marketing,73
6916,34,93576,2021-12-29,HR,95
6917,48,113611,2023-02-11,Marketing,99
6918,45,72325,2024-09-30,Finance,54
6919,61,124633,2021-12-10,Sales,57
6920,55,39947,2018-07-17,Finance,96
6921,29,62632,2015-08-07,HR,74
6922,55,97115,2016-12-03,Support,64
6923,61,134296,2019-06-11,HR,83
6924,62,76668,2023-02-24,HR,57
6925,30,98323,2022-06-02,Engineering,55
6926,55,45839,2021-10-24,Finance,70
6927,61,37019,2019-09-27,Sales,98
6928,24,56190,2020-01-12,Sales,98
6929,59,104134,2017-05-02,Finance,87
6930,58,78974,2021-11-26,Support,97
6931,57,142143,2022-10-20,Support,81
6932,54,100035,2023-08-23,Engineering,95
6933,19,143782,2023-11-14,Finance,72
6934,47,82414,2020-01-14,Marketing,52
6935,63,59692,2022-05-06,Engineering,88
6936,64,146912,2015-07-01,HR,50
6937,58,54085,2022-02-11,Marketing,78
6938,31,35615,2016-01-09,Support,77
6939,38,140764,2017-01-07,Marketing,81
6940,23,141093,2022-02-28,HR,50
6941,38,49192,2017-03-07,Support,53
6942,20,127392,2022-06-08,Sales,79
6943,48,129233,2022-03-14,Sales,68
6944,37,130566,2018-08-06,Finance,89
6945,42,82494,2024-02-09,Engineering,87
6946,40,119779,2018-12-22,Support,51
6947,32,67538,2023-06-27,Support,59
6948,31,53386,2024-07-18,Engineering,63
6949,52,124240,2017-03-27,Finance,50
6950,51,68930,2021-02-13,Support,73
6951,59,47667,2015-04-12,Support,85
6952,30,85097,2018-12-05,Support,81
6953,26,87702,2016-01-31,Finance,65
6954,20,115107,2017-11-03,Support,69
6955,27,101031,2022-08-20,HR,71
6956,20,111738,2017-05-08,Marketing,74
6957,59,69599,2024-07-26,Marketing,57
6958,26,105918,2022-02-02,Sales,81
6959,20,62259,2018-09-11,Sales,79
6960,30,115227,2016-03-09,Sales,70
6961,58,57256,2016-08-16,Sales,95
6962,36,34838,2023-03-11,Marketing,97
6963,39,33134,2021-06-19,Engineering,69
6964,54,63822,2023-08-11,Sales,59
6965,35,93594,2024-05-15,Finance,88
6966,63,79427,2015-04-11,Sales,67
6967,28,35717,2019-01-09,Support,93
6968,35,94575,2018-01-21,HR,83
6969,40,126822,2018-07-02,Sales,59
6970,18,124463,2018-08-15,Sales,87
6971,56,115488,2023-11-26,Engineering,58
6972,48,103158,2016-10-26,Engineering,66
6973,52,80799,2019-11-27,Finance,86
6974,35,73007,2019-11-24,Engineering,82
6975,21,114054,2024-10-06,Engineering,60
6976,26,115823,2023-02-07,Sales,79
6977,25,81431,2020-09-26,Sales,54
6978,29,40686,2022-10-01,Support,50
6979,32,78216,2023-06-02,Marketing,67
6980,55,51673,2021-09-18,Marketing,95
6981,43,118636,2024-01-03,Marketing,89
6982,20,145637,2019-07-08,HR,71
6983,43,59778,2024-06-14,Finance,93
6984,61,55966,2019-10-20,HR,88
6985,53,102468,2020-07-02,Support,90
6986,43,71150,2023-11-07,HR,62
6987,53,44999,2017-04-23,Support,90
6988,43,33476,2016-10-31,Finance,67
6989,32,144510,2018-12-12,Support,55
6990,60,92878,2019-02-05,HR,77
6991,25,41164,2024-12-27,Marketing,70
6992,34,59559,2020-01-15,Marketing,98
6993,41,74985,2019-06-03,Marketing,99
6994,53,141100,2015-04-15,HR,80
6995,64,85329,2016-01-15,Sales,51
6996,59,113138,2021-04-22,Marketing,79
6997,25,80822,2016-03-23,Finance,61
6998,36,62089,2015-05-13,Support,77
6999,32,60029,2017-11-25,Support,97
7000,31,69042,2019-09-12,Support,99
7001,46,114859,2015-09-28,Marketing,55
7002,40,73739,2019-01-11,Support,63
7003,31,59715,2019-10-20,HR,62
7004,44,86251,2019-04-04,Engineering,84
7005,62,145900,2020-09-25,HR,51
7006,58,37084,2024-11-14,Sales,89
7007,41,142540,2015-05-27,Sales,52
7008,62,106355,2016-08-30,HR,99
7009,19,93059,2020-11-17,Finance,64
7010,49,66668,2024-01-05,Sales,91
7011,18,76526,2021-02-07,HR,87
7012,52,131170,2015-06-20,Engineering,56
7013,62,136572,2018-08-03,Marketing,98
7014,18,108349,2020-07-05,Marketing,78
7015,20,34333,2022-08-26,HR,73
7016,18,47839,2023-09-04,HR,59
7017,30,50195,2016-12-12,Sales,58
7018,31,143251,2015-11-22,Finance,59
7019,57,70854,2019-04-18,Marketing,84
7020,24,32985,2021-02-10,Finance,84
7021,19,114814,2021-02-05,Finance,58
7022,64,114816,2018-06-28,Sales,88
7023,35,144382,2019-01-17,Marketing,67
7024,41,40006,2023-12-02,Support,61
7025,40,75076,2016-07-12,Marketing,75
7026,25,131341,2021-10-24,HR,83
7027,19,61300,2017-12-01,Engineering,80
7028,50,146469,2023-03-24,HR,53
7029,23,57606,2016-07-07,Engineering,94
7030,36,37551,2017-08-18,Engineering,92
7031,62,149623,2019-03-08,Sales,88
7032,30,143216,2015-04-07,Sales,55
7033,24,95391,2022-06-08,Support,76
7034,32,93411,2019-02-17,Marketing,83
7035,40,87135,2024-12-18,Finance,98
7036,41,147710,2023-04-05,Support,84
7037,21,52699,2021-05-16,Sales,86
7038,34,39950,2023-06-29,HR,87
7039,27,33569,2023-07-17,Support,76
7040,59,60085,2023-05-06,Sales,55
7041,32,66163,2020-08-16,Sales,97
7042,57,38198,2023-09-01,Marketing,98
7043,62,123550,2021-02-09,Finance,75
7044,48,105355,2021-08-26,HR,91
7045,30,108993,2021-06-26,Engineering,79
7046,28,39868,2022-08-31,Finance,73
7047,46,143591,2019-10-14,Finance,54
7048,52,75330,2022-11-09,Marketing,62
7049,22,122203,2016-05-30,Sales,63
7050,55,120429,2022-09-08,HR,71
7051,26,31776,2019-10-20,Marketing,89
7052,43,146972,2020-10-27,Support,54
7053,46,31333,2024-03-23,Finance,71
7054,20,143883,2020-03-30,Sales,87
7055,31,80606,2016-04-25,HR,63
7056,60,137336,2018-10-26,Engineering,87
7057,64,36827,2015-07-25,Marketing,55
7058,18,30792,2016-08-21,Support,65
7059,32,69137,2024-03-21,Engineering,66
7060,20,103410,2024-12-01,Sales,86
7061,34,66790,2023-01-25,Engineering,98
7062,55,95214,2018-11-01,HR,50
7063,24,78110,2024-09-27,HR,88
7064,36,35171,2019-06-03,Finance,79
7065,60,102246,2021-10-26,Support,63
7066,30,68227,2024-06-14,HR,75
7067,44,55688,2017-05-30,Finance,58
7068,58,127583,2018-03-07,Sales,61
7069,27,112949,2020-08-25,Finance,99
7070,51,78122,2024-09-24,Support,90
7071,36,38709,2024-11-30,Sales,51
7072,32,144064,2023-11-19,Finance,65
7073,45,58756,2021-10-27,Sales,57
7074,27,79289,2021-11-15,Sales,99
7075,27,116728,2016-12-25,Finance,77
7076,41,57410,2016-06-19,Engineering,82
7077,21,41447,2018-05-17,Engineering,52
7078,59,136891,2019-07-09,Finance,67
7079,40,43907,2024-10-31,Marketing,55
7080,51,125017,2020-12-08,Marketing,51
7081,47,53560,2019-09-03,Support,76
7082,59,122449,2023-04-08,HR,89
7083,41,115488,2016-09-14,Engineering,66
7084,46,83987,2020-08-11,Finance,99
7085,29,91104,2018-08-10,Engineering,58
7086,36,125533,2023-07-23,Marketing,95
7087,34,88945,2017-11-12,Engineering,89
7088,22,80298,2023-02-19,Finance,88
7089,33,79744,2019-11-08,Support,76
7090,24,87331,2022-07-27,Support,57
7091,25,145926,2018-06-03,HR,81
7092,60,122526,2018-10-15,Support,67
7093,55,139365,2021-10-31,HR,61
7094,32,82955,2023-07-27,Sales,87
7095,48,83619,2019-11-15,Support,58
7096,25,38301,2022-02-02,Sales,68
7097,25,128529,2020-12-18,HR,53
7098,48,128917,2022-09-06,HR,52
7099,52,100994,2018-04-29,Engineering,92
7100,46,148025,2017-02-21,HR,61
7101,63,70285,2022-08-15,Sales,67
7102,41,78671,2021-06-28,Sales,58
7103,64,118151,2020-08-06,Engineering,75
7104,20,144454,2021-01-29,Support,60
7105,27,69729,2020-11-21,Finance,85
7106,30,85165,2016-10-07,HR,78
7107,55,49450,2021-12-01,Engineering,62
7108,43,141315,2020-06-26,Engineering,54
7109,37,129405,2017-01-09,Marketing,94
7110,31,116151,2020-07-17,Marketing,97
7111,30,55367,2023-08-15,Sales,64
7112,18,30981,2020-01-28,Marketing,83
7113,57,111666,2023-10-19,Support,75
7114,31,148585,2019-07-11,Finance,90
7115,25,147616,2024-07-20,Marketing,65
7116,59,75588,2017-10-03,HR,59
7117,42,64103,2015-01-02,Marketing,87
7118,39,79264,2020-06-21,Engineering,97
7119,64,72805,2024-03-25,HR,95
7120,21,92979,2022-12-09,Finance,79
7121,19,57868,2017-07-05,Finance,92
7122,53,110084,2021-05-15,Marketing,70
7123,38,125747,2022-04-18,Engineering,50
7124,43,39458,2016-09-01,Finance,51
7125,26,106022,2017-06-18,Finance,94
7126,35,94367,2022-04-16,Marketing,97
7127,59,67672,2022-01-05,Finance,60
7128,42,65545,2022-07-04,Support,85
7129,59,64082,2018-03-13,Finance,87
7130,20,109098,2016-03-05,Marketing,90
7131,52,86625,2017-06-04,Sales,89
7132,39,101246,2015-05-27,Engineering,94
7133,24,50967,2024-03-02,Finance,91
7134,34,54256,2019-11-15,Marketing,94
7135,46,110972,2021-08-29,Finance,97
7136,46,90200,2024-11-03,HR,91
7137,23,113140,2020-07-14,Finance,83
7138,28,128120,2021-05-08,Marketing,87
7139,57,74840,2018-08-01,HR,58
7140,25,90587,2021-04-21,Support,89
7141,20,86588,2016-10-05,HR,68
7142,51,89231,2022-11-16,Engineering,98
7143,33,110227,2017-01-05,Finance,67
7144,31,51661,2024-10-24,Finance,51
7145,30,65674,2015-11-04,Finance,66
7146,48,137278,2017-10-21,Finance,69
7147,22,54198,2023-08-10,Support,67
7148,28,77199,2018-11-20,Support,99
7149,44,109833,2018-11-05,Finance,86
7150,62,145227,2017-02-06,Sales,99
7151,19,147971,2024-09-11,Support,53
7152,30,88391,2019-08-09,Engineering,97
7153,55,87849,2019-10-08,Engineering,89
7154,62,97446,2017-11-18,Finance,78
7155,53,67377,2015-06-12,Marketing,90
7156,35,77280,2015-01-02,Finance,57
7157,32,87320,2023-06-17,HR,66
7158,40,98289,2020-08-10,HR,55
7159,46,44234,2016-07-01,HR,86
7160,51,73025,2023-05-05,Sales,91
7161,27,34858,2017-09-14,HR,93
7162,34,89834,2022-10-17,Engineering,62
7163,59,133898,2022-06-02,Engineering,51
7164,51,116366,2017-03-12,HR,72
7165,24,30869,2015-05-11,Support,82
7166,29,123676,2017-11-24,Marketing,61
7167,36,136888,2017-12-10,HR,59
7168,34,109921,2018-05-09,Sales,89
7169,56,114873,2024-03-14,Engineering,61
7170,32,121150,2019-07-01,Engineering,77
7171,21,109139,2021-11-21,Engineering,50
7172,61,138024,2019-01-25,HR,83
7173,64,72320,2015-06-28,Marketing,88
7174,55,105051,2022-01-12,Sales,82
7175,38,80457,2017-03-15,Support,95
7176,53,50932,2023-02-25,Sales,82
7177,18,52836,2016-04-26,HR,55
7178,54,146481,2017-10-08,Sales,54
7179,43,54232,2024-11-18,Marketing,96
7180,30,56315,2019-05-08,Engineering,54
7181,19,99434,2018-02-22,Marketing,53
7182,44,109345,2024-06-22,Sales,59
7183,30,108059,2015-07-08,Marketing,51
7184,43,52030,2022-10-08,HR,95
7185,27,142021,2017-09-20,Finance,89
7186,42,139518,2021-10-06,Sales,62
7187,25,129220,2023-07-25,Sales,70
7188,39,104861,2023-11-25,Support,82
7189,62,146826,2022-08-24,Engineering,89
7190,39,66253,2023-08-26,Finance,58
7191,62,106497,2021-07-12,Finance,91
7192,22,131658,2023-11-12,Engineering,55
7193,49,34743,2021-12-01,HR,88
7194,38,86977,2019-05-07,Finance,63
7195,32,93209,2020-08-02,HR,75
7196,61,138575,2022-08-14,Support,88
7197,45,37163,2020-07-16,Finance,88
7198,60,46543,2017-10-09,Sales,62
7199,32,66881,2015-01-24,Finance,88
7200,23,54182,2017-01-21,Support,60
7201,49,126487,2022-07-06,Support,69
7202,50,51383,2019-03-30,Support,84
7203,22,43181,2016-03-17,Support,84
7204,64,33405,2015-10-30,Marketing,70
7205,64,84679,2024-12-02,Sales,66
7206,35,126481,2022-10-24,HR,61
7207,33,124467,2024-04-15,Finance,74
7208,51,146315,2018-10-21,HR,95
7209,28,136700,2024-10-21,HR,80
7210,42,74134,2021-02-04,Finance,59
7211,41,78192,2019-09-29,Engineering,74
7212,45,99283,2024-02-06,Sales,67
7213,23,88434,2016-10-12,Finance,95
7214,25,89183,2023-10-09,HR,68
7215,23,53117,2023-10-15,Support,52
7216,18,124891,2019-09-27,Support,79
7217,63,46786,2015-07-14,Sales,68
7218,26,99702,2017-09-20,Support,95
7219,54,49377,2015-06-27,Sales,90
7220,24,63539,2021-06-25,Support,74
7221,29,56245,2024-07-10,Finance,67
7222,57,97092,2020-05-31,HR,64
7223,20,47601,2021-02-13,Marketing,90
7224,57,146730,2018-11-17,HR,53
7225,49,88049,2018-02-10,HR,95
7226,46,146801,2018-04-25,Support,83
7227,44,119147,2022-07-25,Sales,88
7228,61,56597,2022-02-10,Support,67
7229,53,144778,2020-06-19,Support,94
7230,37,85188,2018-01-03,Engineering,72
7231,47,121352,2019-07-08,Sales,80
7232,44,79249,2017-06-10,Engineering,57
7233,36,56408,2018-09-04,Support,75
7234,45,148335,2015-07-02,Sales,53
7235,48,30079,2022-12-14,Finance,59
7236,55,97759,2017-01-14,Support,59
7237,62,109304,2015-05-04,Engineering,88
7238,53,111785,2024-12-27,HR,85
7239,36,65391,2016-05-27,Marketing,68
7240,29,37485,2015-04-03,Marketing,62
7241,42,145427,2022-10-20,Engineering,74
7242,45,141102,2023-03-20,Marketing,91
7243,56,31949,2022-09-28,Finance,54
7244,34,50881,2023-02-27,Support,92
7245,64,119364,2017-11-14,HR,71
7246,56,89185,2024-08-09,Sales,55
7247,33,137890,2017-09-15,Support,50
7248,47,141545,2024-03-18,Sales,92
7249,54,31071,2021-07-01,Marketing,72
7250,18,97602,2015-03-21,Finance,95
7251,20,129201,2017-02-26,Sales,86
7252,34,127371,2016-10-10,Engineering,67
7253,50,83326,2022-07-15,Marketing,71
7254,58,85578,2022-06-01,HR,86
7255,49,84587,2016-05-18,Engineering,94
7256,36,105419,2019-02-11,Sales,77
7257,27,40707,2022-04-19,Finance,74
7258,38,145149,2016-02-24,Engineering,71
7259,43,102043,2015-05-01,Marketing,60
7260,24,60608,2018-12-09,Sales,67
7261,24,77287,2015-03-27,Sales,69
7262,55,114042,2020-01-27,Marketing,93
7263,33,142306,2018-05-10,Marketing,76
7264,28,144006,2017-03-11,Marketing,61
7265,57,49266,2017-02-09,HR,51
7266,55,57315,2020-01-25,Support,73
7267,46,105246,2022-06-01,HR,95
7268,51,109697,2017-09-04,HR,63
7269,35,105265,2019-11-05,Support,50
7270,37,122449,2020-05-18,Support,90
7271,58,53279,2024-06-08,Marketing,60
7272,44,73030,2017-04-27,HR,87
7273,61,149618,2015-04-11,HR,61
7274,47,73998,2019-03-20,Support,72
7275,18,98264,2017-02-25,Engineering,69
7276,23,100474,2016-03-20,Sales,84
7277,21,121228,2018-12-09,Sales,59
7278,46,128597,2018-12-09,Engineering,50
7279,57,110263,2021-01-15,Sales,87
7280,34,54146,2024-08-01,Sales,82
7281,32,51740,2023-10-17,Engineering,80
7282,38,93874,2018-06-01,Support,51
7283,52,74200,2016-07-18,Engineering,65
7284,62,52258,2019-10-24,Support,99
7285,38,91915,2022-01-22,Marketing,61
7286,50,145923,2017-11-15,Sales,89
7287,38,132715,2020-12-01,Sales,88
7288,58,73130,2019-12-15,Support,91
7289,53,81413,2015-12-16,Sales,75
7290,24,143286,2019-04-12,Support,57
7291,43,43079,2021-01-31,Support,89
7292,29,82142,2015-01-02,Marketing,57
7293,26,122930,2019-10-03,Sales,70
7294,48,100063,2015-07-09,HR,96
7295,41,47603,2022-02-18,HR,69
7296,33,86521,2021-07-23,HR,92
7297,43,125836,2022-12-16,Engineering,54
7298,28,75724,2017-10-11,Finance,94
7299,32,122229,2018-05-22,Marketing,97
7300,32,72730,2016-07-20,Engineering,69
7301,51,143723,2018-02-04,HR,51
7302,61,80511,2020-08-02,Sales,68
7303,51,45437,2023-09-18,Engineering,73
7304,45,40847,2018-08-26,Marketing,86
7305,27,148636,2018-05-15,Marketing,97
7306,26,92423,2022-06-10,Support,85
7307,46,31979,2023-12-31,Finance,78
7308,40,65098,2016-05-04,Engineering,80
7309,60,39734,2020-01-18,HR,98
7310,62,85619,2017-12-29,Support,63
7311,59,93401,2022-09-23,Marketing,59
7312,61,65297,2020-02-16,Marketing,75
7313,40,66680,2019-12-24,Finance,86
7314,25,74084,2024-03-06,Engineering,63
7315,24,120502,2023-07-08,HR,58
7316,20,56445,2020-02-01,HR,66
7317,61,134533,2023-10-05,Finance,95
7318,43,35305,2024-12-02,HR,77
7319,62,103613,2021-06-14,HR,58
7320,43,72113,2020-07-18,HR,60
7321,34,72642,2020-08-20,Marketing,88
7322,35,134716,2020-05-15,Finance,54
7323,40,62121,2021-12-05,Support,73
7324,46,101279,2021-03-02,Engineering,96
7325,25,74185,2019-12-04,Engineering,64
7326,18,76235,2023-09-09,Sales,98
7327,64,118301,2024-10-05,Support,63
7328,59,107281,2019-05-25,Marketing,80
7329,23,63149,2022-04-02,Finance,98
7330,22,134222,2016-03-06,Finance,86
7331,32,90046,2024-09-13,HR,92
7332,22,143115,2020-02-11,Sales,82
7333,28,94042,2024-10-03,Support,55
7334,40,53102,2016-03-29,Sales,51
7335,32,61957,2015-03-03,Engineering,58
7336,64,77719,2021-10-08,Engineering,79
7337,33,49693,2018-10-08,Support,96
7338,47,90012,2021-02-21,Engineering,58
7339,18,32106,2017-10-20,Sales,87
7340,25,90666,2017-03-13,Sales,67
7341,44,90369,2016-08-13,Marketing,81
7342,49,112164,2016-12-19,Support,97
7343,62,93925,2024-06-23,Marketing,85
7344,53,110596,2020-11-22,Sales,95
7345,49,106190,2019-03-23,HR,86
7346,33,109789,2018-06-30,Sales,95
7347,31,123304,2015-03-26,HR,73
7348,42,104300,2024-09-11,Support,95
7349,52,130944,2020-04-13,Sales,95
7350,59,114268,2016-01-18,HR,53
7351,28,116062,2020-03-09,Support,64
7352,47,149191,2016-09-20,Finance,51
7353,60,30929,2019-12-18,Engineering,72
7354,48,128724,2018-02-09,HR,62
7355,50,134134,2023-01-12,Support,81
7356,24,47833,2022-05-19,Support,87
7357,61,119791,2023-01-19,Engineering,62
7358,41,88139,2022-11-25,Marketing,81
7359,60,99585,2016-08-03,Marketing,83
7360,51,148258,2019-07-25,HR,87
7361,18,30042,2016-04-30,Marketing,99
7362,59,107918,2017-09-04,Marketing,99
7363,18,75874,2015-05-26,Engineering,65
7364,56,144446,2022-06-24,Engineering,82
7365,40,99428,2023-07-11,Marketing,90
7366,51,35776,2023-09-29,Support,74
7367,59,68596,2020-11-10,HR,89
7368,57,128717,2018-09-21,Engineering,54
7369,29,85430,2015-06-28,Engineering,94
7370,30,110880,2020-08-21,Marketing,53
7371,59,132658,2021-12-18,Finance,61
7372,18,117834,2015-04-27,HR,92
7373,30,45376,2018-12-20,Sales,57
7374,49,94723,2017-12-28,Engineering,66
7375,51,57106,2015-08-08,Marketing,87
7376,59,145095,2018-11-10,Engineering,67
7377,63,104159,2022-01-20,Finance,88
7378,50,104710,2016-01-07,Sales,74
7379,54,101066,2024-04-28,Marketing,50
7380,38,53354,2015-02-21,Support,98
7381,27,34318,2015-11-27,Sales,93
7382,42,96003,2021-05-16,HR,51
7383,32,149195,2020-11-14,Engineering,62
7384,31,58273,2023-10-03,HR,51
7385,51,91410,2017-01-04,Sales,86
7386,42,43679,2022-03-26,Engineering,64
7387,29,142765,2015-01-11,Finance,58
7388,48,55933,2020-04-02,Marketing,78
7389,60,99285,2019-08-20,Engineering,91
7390,25,103391,2022-06-21,Support,52
7391,19,53439,2020-05-10,Marketing,68
7392,47,122776,2020-10-28,Support,65
7393,48,74917,2019-01-02,HR,77
7394,21,143289,2024-08-01,Marketing,94
7395,35,149598,2015-05-09,HR,81
7396,47,117971,2023-02-08,Engineering,58
7397,53,132428,2019-04-20,Marketing,65
7398,45,55236,2018-04-29,Finance,96
7399,19,79531,2021-02-18,Marketing,95
7400,52,86437,2024-04-28,Engineering,77
7401,53,65069,2024-04-21,Engineering,80
7402,50,88070,2021-12-08,Support,90
7403,34,94557,2022-09-20,Engineering,98
7404,18,100441,2017-11-23,Sales,72
7405,44,126728,2018-05-26,Support,81
7406,36,145287,2022-11-12,Marketing,52
7407,29,111122,2023-06-06,Sales,64
7408,34,31567,2019-12-15,Finance,56
7409,36,31094,2023-10-08,Sales,54
7410,57,39684,2018-04-21,Sales,97
7411,64,34934,2015-08-20,Finance,86
7412,40,31354,2023-11-26,Finance,59
7413,38,83046,2024-06-13,Finance,90
7414,50,32963,2016-12-12,Sales,82
7415,57,33042,2017-03-02,Finance,83
7416,53,41226,2021-03-02,Marketing,68
7417,60,113652,2022-09-29,Engineering,78
7418,27,59815,2022-03-28,Engineering,89
7419,30,143884,2021-11-12,HR,54
7420,29,39343,2015-09-05,Support,62
7421,39,124311,2018-10-10,Sales,64
7422,30,118704,2024-10-27,HR,87
7423,60,39524,2018-02-18,Finance,50
7424,28,138345,2023-10-12,Marketing,92
7425,57,88581,2024-03-29,Sales,84
7426,61,71477,2015-10-01,Finance,77
7427,48,83238,2022-08-15,Finance,57
7428,22,45029,2022-01-01,Finance,97
7429,61,83520,2019-06-03,Support,87
7430,26,51961,2024-11-14,Engineering,69
7431,31,55357,2017-02-22,Finance,75
7432,46,97952,2022-07-08,Support,76
7433,42,107219,2022-09-06,Support,83
7434,33,54992,2023-09-22,Engineering,52
7435,40,74938,2023-08-11,HR,97
7436,35,80734,2023-04-22,Engineering,90
7437,61,104460,2022-07-28,Marketing,99
7438,22,89607,2015-07-31,Support,78
7439,46,114347,2021-08-10,Marketing,75
7440,57,34930,2022-04-17,HR,51
7441,42,79554,2015-03-24,Sales,89
7442,19,87298,2024-09-09,Marketing,50
7443,44,55525,2019-12-08,HR,94
7444,52,41240,2015-04-21,Support,54
7445,55,92851,2017-02-28,Engineering,66
7446,38,44388,2022-10-02,Finance,97
7447,48,116677,2015-03-15,Marketing,60
7448,51,79294,2023-07-28,Finance,99
7449,27,132885,2021-02-14,Engineering,81
7450,48,71252,2024-12-04,Engineering,93
7451,45,40910,2015-08-31,HR,55
7452,31,126889,2020-02-03,Sales,72
7453,33,43336,2016-06-03,Support,88
7454,19,55381,2024-04-03,Engineering,90
7455,56,117905,2017-01-13,Support,89
7456,60,55407,2024-09-24,Finance,74
7457,53,122303,2019-10-31,Sales,67
7458,30,56170,2018-01-06,Engineering,86
7459,44,52369,2015-07-14,Engineering,60
7460,18,35900,2024-10-01,Support,79
7461,22,136769,2017-01-07,Sales,63
7462,30,95311,2018-12-02,Marketing,56
7463,25,115553,2021-02-10,Marketing,56
7464,33,96794,2022-12-20,Finance,80
7465,44,145259,2022-05-31,Marketing,82
7466,46,95223,2021-09-22,HR,82
7467,58,133186,2021-08-12,Engineering,70
7468,58,121732,2017-01-07,Support,74
7469,59,143271,2022-05-03,Support,72
7470,28,58704,2023-07-05,Finance,69
7471,42,53641,2022-06-17,HR,89
7472,29,128463,2022-08-20,Sales,82
7473,27,138227,2017-03-13,Engineering,64
7474,23,139658,2016-04-24,HR,54
7475,22,62209,2019-04-17,Support,77
7476,52,67242,2018-09-30,Sales,71
7477,51,137966,2018-08-07,Support,53
7478,35,67096,2016-08-22,Engineering,75
7479,59,98309,2017-10-18,Finance,96
7480,50,60268,2019-08-24,Finance,92
7481,31,140078,2017-07-16,Sales,80
7482,27,126242,2019-05-10,Marketing,73
7483,38,126047,2020-07-01,Support,57
7484,49,70478,2021-01-09,HR,83
7485,40,149768,2017-01-05,Sales,56
7486,36,128694,2022-06-03,Support,96
7487,25,57341,2023-10-13,Finance,50
7488,30,43570,2020-07-27,Engineering,77
7489,55,101602,2022-02-24,Support,64
7490,53,99108,2021-07-20,Finance,52
7491,21,79028,2024-10-02,Finance,99
7492,43,90760,2019-03-22,Sales,59
7493,25,127547,2020-05-23,Sales,52
7494,44,81761,2019-07-20,Support,72
7495,57,72873,2017-07-05,Finance,82
7496,31,37806,2015-01-06,HR,72
7497,48,36220,2020-06-14,Marketing,61
7498,52,123329,2023-11-01,HR,70
7499,62,137630,2021-01-14,Engineering,91
7500,18,104492,2018-01-16,Support,87
7501,58,33497,2016-06-18,Engineering,96
7502,26,127046,2023-04-29,Support,63
7503,28,104310,2019-07-14,HR,80
7504,41,51017,2018-06-25,Support,79
7505,51,75485,2018-11-25,HR,87
7506,22,40372,2016-06-15,Engineering,68
7507,55,46283,2017-10-09,Sales,75
7508,59,89670,2019-03-09,Support,95
7509,47,87154,2020-11-01,Marketing,77
7510,50,65561,2018-04-27,Support,52
7511,22,61608,2020-04-25,Finance,68
7512,59,67693,2022-01-13,Engineering,97
7513,18,132757,2023-08-03,Support,58
7514,22,77930,2022-10-01,HR,95
7515,59,83025,2021-10-03,Marketing,86
7516,50,80840,2018-02-12,Finance,91
7517,46,121641,2018-01-16,Support,74
7518,26,58610,2022-09-25,HR,64
7519,21,114716,2018-06-18,Support,87
7520,37,109472,2019-05-26,Marketing,72
7521,54,81645,2015-05-17,Marketing,96
7522,25,33576,2021-06-17,Marketing,86
7523,62,35728,2015-05-10,Finance,82
7524,24,109614,2016-09-22,HR,71
7525,22,75805,2016-08-27,Finance,64
7526,38,142765,2020-04-25,Sales,74
7527,34,41063,2015-11-06,Support,99
7528,24,81829,2020-10-23,Finance,99
7529,36,149411,2024-03-11,Engineering,56
7530,57,53212,2017-09-09,HR,99
7531,41,44026,2021-02-09,Support,90
7532,18,87013,2019-05-31,Marketing,81
7533,57,115172,2018-06-20,Support,93
7534,19,136446,2016-04-28,Finance,70
7535,41,43105,2015-07-13,Finance,66
7536,64,82147,2022-01-26,HR,58
7537,52,56515,2019-06-28,HR,68
7538,35,131971,2018-06-16,Engineering,79
7539,57,46960,2023-07-22,Marketing,73
7540,41,111838,2024-05-29,Sales,68
7541,47,126857,2016-12-26,Marketing,91
7542,61,70955,2017-10-06,HR,87
7543,46,86908,2017-03-05,Support,53
7544,62,85696,2024-07-17,Finance,82
7545,22,146315,2022-06-21,Support,73
7546,34,58774,2022-06-27,Engineering,97
7547,57,148251,2016-04-27,Finance,95
7548,28,111163,2018-09-05,Marketing,62
7549,25,131824,2016-04-27,Support,58
7550,45,62333,2020-12-07,HR,62
7551,19,54259,2018-11-27,Sales,61
7552,27,140210,2019-08-01,Engineering,53
7553,23,68230,2023-04-28,HR,54
7554,20,149466,2019-01-06,Support,68
7555,31,58820,2020-12-22,HR,92
7556,45,143812,2022-10-31,Support,85
7557,41,84453,2019-12-03,Support,87
7558,34,80325,2016-09-28,Engineering,68
7559,62,144165,2015-12-22,HR,59
7560,28,144981,2024-02-18,HR,51
7561,50,121434,2020-02-13,Finance,80
7562,52,90964,2018-02-26,Marketing,96
7563,64,127379,2020-12-19,Finance,72
7564,53,107223,2017-07-06,Sales,88
7565,43,71048,2017-09-08,HR,66
7566,32,40148,2020-11-28,Finance,94
7567,21,49861,2023-09-29,Finance,66
7568,39,52480,2021-05-02,Finance,63
7569,31,90304,2018-05-15,Sales,57
7570,51,118921,2017-03-04,Support,94
7571,47,38149,2015-11-23,Engineering,65
7572,47,53119,2019-02-10,Support,87
7573,41,98835,2018-08-09,Marketing,84
7574,23,34803,2016-11-21,Finance,67
7575,23,48201,2019-11-03,Engineering,86
7576,44,44760,2024-10-18,Engineering,60
7577,55,142125,2024-08-02,Finance,65
7578,36,144090,2015-05-06,Engineering,64
7579,43,96103,2019-03-28,Finance,90
7580,48,81410,2015-02-25,HR,73
7581,26,132614,2016-02-19,Engineering,53
7582,27,31982,2018-10-05,Marketing,58
7583,36,109118,2020-10-16,Marketing,83
7584,59,74350,2018-04-26,HR,68
7585,38,112593,2019-10-17,Sales,66
7586,35,143744,2019-04-25,Sales,51
7587,18,47450,2018-06-02,Sales,59
7588,54,128991,2017-09-02,HR,54
7589,29,145107,2024-12-10,Engineering,80
7590,55,124450,2019-02-07,Engineering,58
7591,61,117513,2015-05-31,Sales,64
7592,33,105852,2023-02-06,HR,74
7593,47,148580,2023-12-10,Finance,56
7594,21,37466,2021-01-30,Sales,89
7595,55,98745,2022-03-06,Marketing,79
7596,56,33078,2018-06-19,Finance,85
7597,52,33543,2022-02-03,HR,88
7598,53,81052,2023-03-06,Sales,69
7599,49,110442,2024-11-21,Sales,88
7600,43,81481,2015-06-22,Finance,85
7601,60,102317,2015-08-05,Sales,84
7602,60,80530,2020-02-27,Sales,61
7603,50,57491,2020-10-21,Marketing,63
7604,50,145437,2019-05-12,Marketing,94
7605,62,67463,2024-11-25,Support,64
7606,48,116544,2018-11-20,Engineering,61
7607,39,124870,2020-11-23,Engineering,75
7608,31,102843,2015-05-27,HR,99
7609,21,76586,2022-12-03,Finance,95
7610,30,40040,2019-03-04,Sales,67
7611,60,95435,2020-08-14,Finance,87
7612,58,104667,2017-02-12,HR,68
7613,63,90526,2021-01-11,HR,92
7614,55,122162,2024-10-20,HR,68
7615,37,95560,2023-03-23,Finance,60
7616,34,46444,2022-01-24,Marketing,98
7617,52,127229,2024-02-25,Sales,88
7618,36,72690,2020-09-22,HR,83
7619,58,90309,2018-01-22,Support,87
7620,44,65732,2021-08-15,Finance,90
7621,48,120266,2020-08-11,Sales,86
7622,19,104990,2019-11-17,Engineering,58
7623,36,121049,2020-10-23,HR,85
7624,27,120298,2017-07-30,Engineering,89
7625,62,97238,2022-06-19,HR,56
7626,21,47038,2019-10-05,Sales,61
7627,23,104491,2019-12-05,Marketing,58
7628,52,84471,2017-03-18,Support,56
7629,21,127081,2019-05-20,Support,62
7630,36,47469,2023-01-07,Sales,56
7631,27,50760,2015-07-22,HR,93
7632,52,57262,2023-06-24,Support,74
7633,46,37543,2015-01-05,Sales,61
7634,64,59607,2018-12-18,Support,61
7635,23,33323,2022-04-28,HR,59
7636,19,106151,2021-04-05,Finance,94
7637,42,53238,2019-08-09,Sales,89
7638,40,103967,2022-09-29,Marketing,60
7639,53,43872,2019-05-12,Marketing,97
7640,40,92714,2016-02-19,HR,92
7641,24,118794,2019-09-17,Finance,62
7642,34,30415,2021-12-24,Engineering,75
7643,39,122556,2023-05-09,Engineering,61
7644,24,134448,2016-03-17,Finance,82
7645,31,92714,2024-04-04,HR,96
7646,60,110631,2021-12-04,Sales,90
7647,34,107763,2024-06-30,HR,88
7648,18,30552,2019-08-23,Support,94
7649,41,145169,2015-02-19,Support,83
7650,41,110634,2016-01-18,Marketing,64
7651,34,72124,2018-02-13,Support,56
7652,26,121115,2022-07-07,Sales,84
7653,40,65765,2016-07-27,Finance,96
7654,56,139910,2018-03-22,Engineering,75
7655,18,92349,2021-05-26,HR,81
7656,27,52592,2021-10-02,Engineering,54
7657,20,81632,2016-01-04,Finance,99
7658,44,62882,2024-10-02,Finance,71
7659,35,119871,2015-09-16,Engineering,51
7660,64,82492,2018-04-07,Engineering,94
7661,33,140023,2017-06-30,Support,92
7662,25,39013,2023-04-01,Engineering,59
7663,50,37838,2017-12-23,Support,61
7664,26,62228,2020-01-07,Engineering,58
7665,35,85773,2022-01-29,HR,81
7666,57,53510,2018-07-06,Finance,60
7667,37,68418,2023-07-08,Sales,85
7668,43,116089,2019-08-09,Support,73
7669,30,132012,2021-08-29,Finance,95
7670,51,97228,2023-09-30,Marketing,85
7671,24,142626,2019-03-16,Support,79
7672,34,96735,2016-04-14,Marketing,62
7673,41,62437,2023-06-01,Engineering,80
7674,44,118148,2016-03-27,Marketing,93
7675,18,114418,2022-11-13,Engineering,55
7676,31,83942,2019-07-24,Sales,87
7677,50,54691,2017-12-15,Engineering,87
7678,25,96777,2023-03-15,Engineering,64
7679,31,117919,2023-11-01,HR,69
7680,36,122087,2021-10-18,Support,82
7681,53,107911,2019-08-20,HR,59
7682,51,30163,2023-03-21,Sales,96
7683,53,143295,2023-06-14,Finance,64
7684,35,59870,2018-06-01,Finance,71
7685,49,59482,2022-06-13,HR,68
7686,57,122407,2017-06-27,Finance,50
7687,52,80500,2018-06-14,Marketing,99
7688,29,97787,2016-04-19,Sales,70
7689,36,36590,2020-02-27,Support,58
7690,60,79584,2024-01-13,HR,97
7691,53,99353,2015-12-09,Support,96
7692,49,138286,2018-02-06,Sales,84
7693,48,67499,2018-08-12,Engineering,81
7694,54,103823,2016-11-12,Finance,92
7695,54,95126,2021-10-26,Engineering,87
7696,47,79849,2016-03-22,Engineering,81
7697,62,85361,2015-01-25,Finance,60
7698,37,71508,2016-03-15,Support,58
7699,55,101728,2022-12-21,Support,68
7700,57,101942,2021-11-22,Engineering,54
7701,64,136839,2020-10-04,Engineering,97
7702,58,58038,2023-11-10,Marketing,60
7703,26,39136,2023-12-02,Engineering,79
7704,58,138546,2023-09-15,HR,71
7705,57,72290,2018-02-06,HR,69
7706,49,126815,2021-04-11,Sales,56
7707,24,109763,2017-10-01,Engineering,74
7708,62,102994,2019-03-12,HR,93
7709,41,44887,2017-04-08,Marketing,62
7710,56,115571,2017-02-03,Marketing,61
7711,34,64880,2024-10-08,HR,66
7712,19,117685,2016-07-09,Support,93
7713,28,101156,2022-08-20,HR,92
7714,35,46167,2022-12-21,Marketing,74
7715,56,118091,2023-01-10,Finance,95
7716,33,95471,2022-10-13,Sales,61
7717,58,38691,2023-06-11,Engineering,78
7718,40,66308,2022-08-01,HR,65
7719,58,73308,2024-09-27,Sales,75
7720,54,46533,2017-07-24,Support,59
7721,24,74488,2023-05-28,Sales,74
7722,63,81726,2020-01-20,HR,62
7723,59,50653,2024-01-18,HR,75
7724,38,43654,2023-04-12,Finance,93
7725,45,43372,2015-11-21,Support,87
7726,29,97799,2017-03-08,Support,62
7727,57,59295,2017-11-18,Engineering,51
7728,56,131067,2019-08-19,HR,88
7729,31,143949,2020-02-20,HR,90
7730,60,112607,2023-11-27,Sales,68
7731,48,47130,2017-11-13,Support,99
7732,60,98248,2016-02-07,HR,53
7733,30,79635,2017-07-22,Engineering,91
7734,54,85618,2022-09-27,HR,65
7735,43,78359,2024-05-05,Marketing,88
7736,36,99549,2015-05-22,Finance,64
7737,49,120288,2021-10-24,Support,70
7738,18,70645,2017-02-03,Marketing,76
7739,40,107614,2017-07-07,Support,80
7740,29,122756,2024-12-28,HR,51
7741,22,48312,2018-05-08,Finance,69
7742,63,76972,2021-11-05,Engineering,71
7743,25,78225,2023-12-08,HR,58
7744,24,100780,2019-09-12,Sales,67
7745,44,87103,2022-03-29,Sales,70
7746,22,119590,2015-11-13,Engineering,78
7747,64,130196,2017-03-24,Sales,92
7748,39,30973,2015-06-04,Finance,68
7749,52,134919,2016-08-14,Finance,91
7750,23,95211,2017-10-11,Sales,52
7751,51,101980,2023-07-16,HR,99
7752,19,120382,2015-06-04,HR,86
7753,32,135147,2024-07-08,Support,81
7754,38,78063,2024-07-23,Finance,66
7755,51,87055,2020-04-22,HR,99
7756,64,40931,2018-06-10,Support,72
7757,52,51540,2020-03-16,Finance,92
7758,58,95252,2022-07-05,Support,82
7759,42,125341,2016-01-04,Finance,86
7760,57,117636,2018-01-13,Engineering,95
7761,55,88855,2024-11-11,Finance,83
7762,36,30858,2018-10-12,Marketing,58
7763,22,100916,2019-03-07,Sales,74
7764,43,88770,2020-07-19,Support,79
7765,53,135775,2020-06-28,Support,97
7766,33,133167,2018-09-02,Sales,56
7767,35,48836,2022-10-08,Sales,80
7768,18,41394,2023-07-05,Marketing,80
7769,42,140599,2023-11-25,Sales,50
7770,24,107318,2022-05-20,Finance,57
7771,36,53440,2022-07-01,Engineering,60
7772,64,82712,2015-11-28,Engineering,98
7773,28,77656,2018-04-03,Sales,99
7774,19,65011,2015-12-24,Marketing,99
7775,45,64528,2017-05-02,Finance,60
7776,20,91351,2017-01-07,Finance,54
7777,38,84933,2023-02-02,Marketing,86
7778,28,71003,2022-10-01,HR,71
7779,58,148964,2016-02-04,HR,62
7780,20,113035,2015-09-06,HR,60
7781,28,48260,2024-09-12,Support,70
7782,24,60480,2017-06-16,Engineering,97
7783,31,81902,2018-12-17,Finance,82
7784,28,66044,2017-04-03,Sales,50
7785,51,78776,2020-10-14,HR,62
7786,54,104525,2015-02-19,Sales,90
7787,62,125716,2020-12-08,Sales,96
7788,24,143917,2022-03-26,Finance,97
7789,23,93265,2017-02-19,Marketing,65
7790,54,85779,2022-01-04,HR,95
7791,23,42935,2015-10-20,Finance,73
7792,20,74035,2023-05-25,Sales,81
7793,18,57937,2024-05-21,Sales,94
7794,26,78702,2022-07-12,Marketing,61
7795,27,141753,2021-07-06,Finance,99
7796,61,45221,2022-06-05,Support,97
7797,40,52789,2024-06-04,Finance,73
7798,41,77316,2024-12-15,Engineering,91
7799,48,145310,2020-10-28,Sales,90
7800,47,128231,2024-06-25,Support,83
7801,35,107195,2019-12-30,Sales,84
7802,24,59160,2024-07-02,Marketing,89
7803,42,84021,2021-07-30,Support,50
7804,63,142079,2021-10-15,HR,97
7805,21,111646,2016-06-13,HR,77
7806,39,69038,2020-06-25,Marketing,57
7807,49,100624,2021-01-06,Support,62
7808,44,69313,2024-02-21,Sales,67
7809,30,120069,2024-01-26,Sales,63
7810,28,38294,2017-11-17,Marketing,99
7811,39,55059,2024-07-03,Finance,66
7812,49,133693,2022-09-08,HR,91
7813,46,33205,2023-10-22,Sales,99
7814,21,110522,2022-03-13,HR,94
7815,57,100089,2024-12-29,HR,77
7816,28,30610,2019-08-22,Support,64
7817,25,129770,2023-08-29,Marketing,70
7818,18,134540,2017-03-09,HR,73
7819,47,81298,2019-01-13,Sales,82
7820,37,100072,2015-03-23,Finance,65
7821,26,72974,2015-04-07,Marketing,66
7822,48,111983,2022-06-03,Finance,97
7823,40,130037,2017-10-23,Marketing,79
7824,24,137767,2022-10-16,Support,97
7825,57,42905,2018-11-12,Engineering,95
7826,28,51601,2016-07-12,Sales,61
7827,62,41246,2020-03-02,Marketing,76
7828,29,36028,2016-07-18,Support,57
7829,33,81901,2020-05-06,Sales,78
7830,52,136555,2019-07-06,Support,78
7831,48,120444,2020-12-09,Finance,61
7832,19,78544,2019-11-23,HR,57
7833,58,37482,2015-07-28,Marketing,89
7834,58,30799,2022-01-30,Engineering,87
7835,45,39934,2015-03-06,Marketing,72
7836,41,114620,2018-05-05,Engineering,70
7837,29,140719,2019-11-05,Support,62
7838,56,109382,2024-09-20,Marketing,99
7839,63,133018,2019-07-19,Sales,77
7840,31,41408,2018-05-12,Marketing,73
7841,51,31135,2020-01-05,Engineering,71
7842,27,40101,2024-02-28,Sales,57
7843,38,132820,2019-06-06,Finance,56
7844,43,146236,2015-07-22,Sales,65
7845,47,92110,2021-01-08,Marketing,54
7846,49,49215,2022-11-24,HR,96
7847,26,106949,2017-09-30,Support,93
7848,57,147740,2021-01-17,Support,86
7849,31,40511,2021-03-16,Sales,92
7850,37,40558,2020-07-02,Engineering,93
7851,32,147495,2019-11-26,Finance,93
7852,43,56248,2020-11-07,Sales,50
7853,52,94555,2020-02-21,Support,69
7854,62,113574,2024-10-02,Engineering,55
7855,59,132345,2016-03-07,Engineering,97
7856,50,71733,2021-06-08,Sales,68
7857,48,67185,2021-09-20,Finance,67
7858,59,83787,2019-01-01,HR,53
7859,18,82462,2018-08-10,Marketing,91
7860,33,103644,2015-09-28,Finance,96
7861,19,106979,2018-09-27,Engineering,85
7862,18,128598,2023-01-02,Engineering,72
7863,43,111610,2024-04-25,Sales,91
7864,18,96634,2015-09-10,Support,73
7865,27,81341,2016-08-14,Support,63
7866,24,76998,2023-02-28,Sales,92
7867,39,74859,2024-02-27,Engineering,85
7868,44,57575,2019-02-19,Marketing,51
7869,56,133090,2017-02-08,Support,95
7870,36,114029,2018-11-08,Finance,56
7871,29,130290,2022-07-26,Engineering,96
7872,22,88951,2018-11-27,Sales,63
7873,53,38262,2020-04-18,HR,56
7874,63,98831,2023-05-12,Finance,57
7875,29,97657,2020-03-15,Finance,63
7876,26,148885,2016-09-26,Support,79
7877,22,70000,2020-09-24,HR,50
7878,37,45600,2024-08-11,HR,60
7879,43,91739,2016-06-12,Marketing,52
7880,23,147309,2020-03-27,HR,92
7881,62,100410,2015-09-14,Finance,57
7882,46,56825,2023-03-18,Marketing,83
7883,41,114269,2023-08-17,Support,97
7884,34,118095,2021-06-18,Marketing,60
7885,51,36103,2019-05-29,Finance,54
7886,46,88415,2024-08-31,Finance,97
7887,51,88639,2019-12-14,Marketing,74
7888,54,136823,2021-10-04,Marketing,78
7889,63,108488,2022-02-05,Engineering,91
7890,40,32977,2018-03-30,Marketing,52
7891,47,84641,2018-09-24,Support,83
7892,49,46756,2017-12-03,Sales,78
7893,26,70385,2020-09-10,Marketing,88
7894,24,41885,2023-04-26,Finance,54
7895,25,62863,2015-08-09,Support,67
7896,55,37021,2023-02-06,Sales,67
7897,58,101404,2021-01-12,Sales,65
7898,38,94649,2017-04-18,HR,91
7899,21,139611,2016-05-10,Finance,57
7900,64,134820,2020-02-23,Marketing,68
7901,64,58223,2017-01-03,Sales,89
7902,57,144738,2015-08-24,Engineering,58
7903,47,111975,2020-04-16,HR,66
7904,57,61147,2024-04-01,Sales,64
7905,21,77429,2017-02-27,Support,65
7906,43,124584,2020-05-31,Support,86
7907,40,143838,2020-08-22,Support,66
7908,44,30947,2017-11-23,Support,71
7909,54,96130,2017-03-08,Finance,88
7910,52,112060,2024-06-28,Marketing,63
7911,48,88220,2021-11-16,Marketing,51
7912,63,117091,2024-02-04,Support,88
7913,54,144317,2019-07-24,Marketing,58
7914,27,100854,2018-12-19,Marketing,77
7915,63,59400,2015-02-17,Sales,95
7916,45,60209,2018-07-25,HR,66
7917,21,50556,2018-09-22,Sales,67
7918,20,111266,2017-08-14,Engineering,86
7919,50,60312,2018-08-27,Engineering,73
7920,25,139602,2018-02-19,Marketing,51
7921,50,130171,2019-08-31,Finance,71
7922,30,145849,2022-11-29,Support,66
7923,60,139252,2021-04-29,Sales,58
7924,30,36331,2020-04-05,HR,72
7925,47,137690,2023-07-28,Sales,53
7926,38,116314,2019-06-25,Engineering,58
7927,24,116287,2019-06-26,Finance,72
7928,40,47528,2016-05-16,HR,54
7929,23,110754,2022-02-08,Finance,50
7930,45,72129,2021-08-11,Sales,73
7931,30,124688,2022-10-06,Finance,59
7932,24,122452,2022-03-27,Marketing,81
7933,62,56709,2018-12-20,Support,65
7934,41,34723,2024-02-20,Engineering,63
7935,28,114946,2017-08-04,Sales,72
7936,51,98283,2024-12-17,Marketing,89
7937,30,107990,2021-11-23,Finance,93
7938,45,58071,2018-08-01,HR,65
7939,45,43635,2024-01-20,Engineering,77
7940,29,121663,2016-09-24,Marketing,98
7941,53,98669,2019-08-12,Sales,69
7942,43,132711,2021-08-27,Marketing,75
7943,39,102264,2022-12-06,Finance,54
7944,34,83424,2017-08-04,Engineering,83
7945,19,106084,2015-08-16,Marketing,56
7946,53,30972,2022-08-02,Support,69
7947,47,121549,2021-12-18,Finance,60
7948,48,84777,2017-06-23,Sales,52
7949,19,132895,2017-07-17,HR,52
7950,32,71232,2016-06-27,Sales,97
7951,24,118196,2017-08-12,Marketing,83
7952,50,126565,2017-12-15,Engineering,94
7953,33,121876,2023-07-31,Sales,52
7954,64,149855,2023-01-22,Support,92
7955,38,42328,2021-11-20,Sales,57
7956,39,91810,2018-01-21,HR,54
7957,34,91284,2021-06-11,Finance,63
7958,56,84056,2020-11-12,HR,77
7959,48,109056,2023-02-10,Engineering,84
7960,57,52805,2020-03-23,Sales,94
7961,46,92473,2016-02-20,Support,67
7962,52,120859,2016-09-14,Engineering,65
7963,24,32205,2021-02-08,Engineering,68
7964,40,111863,2024-12-27,Support,66
7965,38,32808,2016-06-17,HR,77
7966,56,94928,2024-10-18,Support,89
7967,36,44620,2018-04-12,Sales,69
7968,37,126766,2016-12-24,Support,59
7969,29,97703,2023-09-17,Finance,82
7970,42,72136,2016-08-06,Marketing,53
7971,21,118456,2022-01-01,Finance,64
7972,43,48254,2020-09-03,Engineering,75
7973,45,147574,2020-05-29,HR,81
7974,29,90002,2022-07-15,Support,81
7975,26,145021,2023-12-07,Sales,62
7976,61,60688,2016-03-02,Marketing,81
7977,36,30925,2023-12-19,Support,65
7978,29,46321,2016-02-24,Marketing,67
7979,30,70028,2021-04-17,Marketing,73
7980,55,64187,2018-09-12,Support,78
7981,39,57235,2020-02-15,HR,50
7982,60,75366,2022-12-14,Marketing,89
7983,51,111583,2021-04-11,Sales,82
7984,21,120085,2018-03-23,Finance,79
7985,63,141449,2022-01-13,Support,64
7986,24,110198,2017-07-16,HR,99
7987,46,62161,2018-10-28,Finance,69
7988,32,38800,2019-04-08,Engineering,66
7989,37,32364,2020-02-22,Support,62
7990,61,92679,2019-11-09,HR,96
7991,54,60086,2020-08-18,Engineering,57
7992,40,43901,2018-11-18,Engineering,53
7993,38,58604,2017-11-02,Marketing,95
7994,27,42501,2018-09-13,Finance,79
7995,47,67371,2021-10-11,Engineering,65
7996,28,66821,2018-03-16,Finance,78
7997,42,36073,2020-02-26,Marketing,63
7998,31,106097,2022-02-08,Engineering,62
7999,20,124877,2018-10-09,Sales,67
8000,53,89668,2020-11-29,Marketing,68
8001,33,149451,2016-10-05,Marketing,53
8002,32,139119,2016-03-04,Engineering,50
8003,64,65983,2024-01-16,Sales,69
8004,50,138112,2018-05-01,Engineering,54
8005,22,56297,2021-01-25,Finance,88
8006,30,43803,2018-08-23,Finance,85
8007,47,88616,2015-01-14,HR,53
8008,40,149828,2024-05-22,Finance,70
8009,23,38727,2015-10-10,Engineering,96
8010,48,40834,2024-12-21,Engineering,87
8011,29,143741,2018-10-09,Sales,99
8012,29,148199,2017-07-09,Sales,64
8013,36,125195,2021-04-20,Support,89
8014,58,42996,2016-08-01,Finance,54
8015,23,77830,2022-09-25,Finance,52
8016,54,109008,2017-05-01,HR,92
8017,38,41091,2024-10-06,Sales,50
8018,56,79262,2022-10-11,Support,66
8019,46,36023,2020-05-30,Sales,75
8020,45,72337,2015-03-05,Engineering,75
8021,30,39963,2015-12-13,Finance,86
8022,30,102613,2023-01-18,Sales,74
8023,64,33261,2021-01-03,Marketing,72
8024,39,90436,2022-01-06,Finance,79
8025,28,45299,2015-03-25,HR,82
8026,64,148859,2017-07-01,Sales,58
8027,49,78330,2022-10-05,Engineering,86
8028,41,33846,2020-04-13,Engineering,57
8029,50,98056,2020-08-24,Finance,50
8030,20,147095,2024-04-01,HR,77
8031,60,118672,2020-12-27,Sales,95
8032,18,51157,2016-05-19,Finance,76
8033,55,42578,2015-04-08,Finance,59
8034,29,109049,2018-08-10,Engineering,83
8035,41,116526,2017-11-11,Engineering,77
8036,39,82204,2022-03-19,Engineering,65
8037,30,122515,2022-06-10,Marketing,85
8038,60,130950,2016-01-23,Marketing,63
8039,49,121202,2016-02-01,Engineering,76
8040,36,67077,2019-12-09,Engineering,50
8041,22,90848,2016-09-13,Marketing,82
8042,36,148179,2023-01-28,Engineering,55
8043,32,53267,2022-06-19,Marketing,82
8044,41,91978,2022-02-10,Sales,98
8045,28,42822,2021-03-23,Sales,82
8046,58,66589,2015-07-21,Support,96
8047,46,91854,2016-01-02,Finance,50
8048,51,57281,2021-11-23,HR,67
8049,23,114403,2022-03-20,Marketing,89
8050,18,52766,2016-11-12,Engineering,91
8051,47,123891,2019-08-14,Finance,81
8052,27,32794,2018-02-22,Finance,54
8053,26,62324,2022-12-11,Finance,60
8054,52,43018,2021-04-11,Finance,53
8055,27,80790,2015-12-07,HR,82
8056,55,136759,2019-09-10,Support,98
8057,41,95510,2023-02-12,Marketing,82
8058,58,126746,2019-08-07,Sales,68
8059,19,54886,2016-12-27,Finance,60
8060,52,37081,2019-03-14,Engineering,52
8061,39,48722,2024-11-23,Finance,70
8062,42,47985,2023-05-08,Finance,50
8063,24,127683,2019-10-28,Sales,92
8064,23,49299,2018-02-25,Sales,70
8065,63,59346,2015-05-13,Finance,85
8066,25,144673,2016-03-21,HR,53
8067,60,144063,2024-05-16,Marketing,52
8068,24,79665,2020-07-18,Finance,50
8069,18,134805,2022-03-30,Marketing,56
8070,41,39412,2022-01-31,Marketing,70
8071,45,81473,2017-01-17,Finance,73
8072,49,105948,2024-08-22,Support,82
8073,27,83832,2019-06-12,Finance,98
8074,50,36624,2017-07-17,Marketing,56
8075,21,110667,2023-07-17,Sales,72
8076,49,132955,2019-04-30,HR,65
8077,63,141030,2021-06-02,Finance,59
8078,31,59030,2021-07-05,Marketing,85
8079,51,35207,2021-10-06,Marketing,67
8080,33,32792,2017-01-05,Engineering,86
8081,58,49198,2024-07-27,Marketing,74
8082,25,135943,2017-03-18,Finance,69
8083,47,51331,2024-06-24,Engineering,67
8084,21,45535,2022-06-13,Sales,85
8085,23,97394,2021-04-19,Engineering,67
8086,64,130369,2023-09-24,Sales,72
8087,52,78005,2023-05-04,Marketing,75
8088,38,105324,2023-12-15,Marketing,73
8089,32,132746,2016-06-07,Marketing,81
8090,29,71983,2020-05-09,Sales,54
8091,24,119343,2015-11-11,Support,71
8092,44,81150,2018-01-17,Marketing,88
8093,62,47400,2015-08-07,Engineering,84
8094,43,66492,2020-07-26,Marketing,75
8095,20,123468,2022-06-09,HR,51
8096,45,55046,2018-07-14,Marketing,85
8097,23,34746,2018-02-17,Support,87
8098,51,93184,2015-01-29,Sales,52
8099,61,39133,2023-07-15,Marketing,83
8100,39,35404,2016-11-02,Marketing,78
8101,22,78073,2020-11-01,Support,59
8102,26,71341,2022-12-04,Finance,70
8103,30,135481,2022-06-04,Support,87
8104,28,41971,2022-03-06,Marketing,95
8105,48,90784,2019-01-27,Support,83
8106,59,67410,2019-06-17,Support,88
8107,56,51703,2016-03-28,HR,81
8108,50,41399,2017-06-12,Support,95
8109,31,117777,2018-02-02,HR,57
8110,59,37750,2015-04-04,Sales,62
8111,38,73118,2020-04-15,HR,81
8112,28,87290,2015-11-14,Engineering,51
8113,51,131564,2024-09-02,Engineering,93
8114,64,142016,2021-02-23,Marketing,63
8115,42,113247,2019-11-15,Sales,76
8116,25,66023,2023-02-26,Support,66
8117,22,131541,2022-03-21,HR,67
8118,43,46350,2020-04-02,Sales,86
8119,23,118232,2018-01-05,Finance,64
8120,59,40224,2017-09-27,Sales,75
8121,29,123480,2018-05-12,Sales,96
8122,31,32944,2019-03-13,Sales,66
8123,50,95206,2019-04-21,Support,78
8124,62,119758,2024-12-30,Sales,57
8125,47,137596,2024-09-14,Engineering,65
8126,19,85852,2021-01-20,Marketing,67
8127,52,102082,2017-01-28,Support,62
8128,21,42882,2020-08-12,Support,99
8129,42,86485,2021-07-01,Support,80
8130,53,114291,2019-07-25,Finance,88
8131,24,65449,2024-12-06,Finance,65
8132,22,101918,2023-04-25,Sales,72
8133,53,90639,2023-09-25,Sales,73
8134,42,96988,2015-06-24,Marketing,77
8135,36,39862,2019-09-13,Marketing,93
8136,58,101632,2017-10-09,HR,51
8137,33,92886,2015-07-28,Sales,67
8138,56,134894,2019-04-23,Sales,52
8139,38,113325,2015-10-09,Finance,79
8140,28,101445,2021-09-22,Support,96
8141,42,70834,2023-12-06,Finance,79
8142,41,102575,2018-05-24,Engineering,94
8143,53,99206,2019-11-14,Finance,57
8144,21,45793,2016-05-02,Engineering,88
8145,60,115662,2019-02-27,Marketing,78
8146,53,30972,2024-10-20,Sales,90
8147,26,65958,2020-07-25,HR,70
8148,20,48008,2024-01-29,HR,74
8149,29,80908,2016-02-06,Support,60
8150,28,87584,2019-04-05,Finance,75
8151,31,30975,2020-11-05,Sales,59
8152,48,34318,2022-04-05,Sales,85
8153,27,88649,2023-04-10,Sales,69
8154,61,73069,2023-12-17,Support,58
8155,32,134968,2020-08-17,Finance,56
8156,43,121671,2021-08-29,HR,61
8157,37,132263,2022-06-08,Finance,63
8158,39,128844,2019-10-06,Marketing,81
8159,36,106150,2020-09-20,Engineering,84
8160,60,50319,2023-12-23,Marketing,69
8161,57,54583,2020-02-09,HR,84
8162,59,116348,2021-07-08,Finance,90
8163,23,47423,2019-10-24,Sales,54
8164,62,66786,2015-04-14,Sales,83
8165,23,113744,2024-01-30,HR,64
8166,32,60477,2016-12-03,HR,88
8167,22,33571,2020-11-13,Sales,75
8168,34,55706,2023-06-13,HR,96
8169,33,145042,2021-11-06,Finance,87
8170,40,46972,2021-06-17,Support,82
8171,46,138724,2015-02-07,Finance,95
8172,51,112273,2023-09-07,HR,76
8173,32,117354,2020-04-12,Engineering,99
8174,26,126537,2020-02-17,Sales,52
8175,53,57182,2023-07-04,Marketing,54
8176,37,38787,2015-05-08,HR,54
8177,27,91775,2016-03-28,Finance,74
8178,61,138696,2017-01-01,HR,79
8179,31,75909,2019-08-08,HR,92
8180,45,127757,2021-03-19,Sales,68
8181,55,50905,2017-05-17,Support,69
8182,52,87557,2023-03-06,Support,64
8183,28,125157,2018-01-03,Finance,83
8184,41,77301,2023-04-07,Support,66
8185,45,104801,2018-04-09,Support,80
8186,53,86776,2021-07-22,Engineering,59
8187,38,117097,2021-07-04,Sales,83
8188,48,121612,2017-07-28,Support,92
8189,60,83642,2016-12-09,Engineering,82
8190,63,146668,2020-12-13,Support,50
8191,38,129133,2017-04-27,HR,72
8192,26,58087,2020-01-12,Sales,50
8193,38,117829,2016-11-21,Support,53
8194,18,76002,2024-02-05,Engineering,59
8195,32,108579,2021-02-13,Marketing,85
8196,46,102883,2019-10-05,Sales,95
8197,22,66764,2022-09-13,Engineering,96
8198,64,137994,2015-06-24,Sales,74
8199,33,81599,2022-02-27,Finance,85
8200,42,69720,2019-04-04,Marketing,50
8201,22,144067,2021-10-30,Marketing,54
8202,53,138508,2016-04-10,Engineering,97
8203,51,84457,2020-09-05,Support,97
8204,35,98993,2023-05-31,HR,65
8205,46,80400,2016-08-15,Finance,65
8206,52,111006,2018-03-22,HR,92
8207,59,107264,2021-09-22,Support,53
8208,21,40162,2024-08-06,Support,74
8209,50,138877,2015-03-19,Support,73
8210,28,117832,2023-08-14,Support,77
8211,24,50080,2022-07-27,Engineering,85
8212,27,43936,2015-10-15,Engineering,85
8213,48,97282,2022-03-16,Marketing,67
8214,23,140299,2016-08-03,Marketing,56
8215,55,109864,2019-07-18,HR,61
8216,58,81697,2015-06-21,Finance,83
8217,42,56576,2016-10-12,Support,82
8218,40,51320,2021-01-23,Engineering,55
8219,19,120853,2021-01-19,HR,58
8220,20,114879,2020-07-16,Finance,74
8221,41,87326,2024-09-11,Support,78
8222,61,90598,2021-09-27,Finance,89
8223,43,103765,2019-07-17,Engineering,84
8224,40,102131,2018-05-17,Marketing,91
8225,31,133412,2022-12-07,Support,96
8226,56,117750,2023-06-19,Support,57
8227,59,139490,2018-05-23,HR,68
8228,19,90334,2019-08-26,HR,50
8229,59,145749,2024-10-28,Engineering,62
8230,59,70363,2020-11-10,Sales,73
8231,49,115917,2015-05-01,Sales,55
8232,55,31120,2023-12-10,Marketing,93
8233,40,35193,2021-02-21,Marketing,95
8234,32,143915,2021-05-08,Finance,72
8235,53,40040,2024-01-24,Marketing,50
8236,25,146994,2023-09-12,Finance,63
8237,34,132433,2020-03-12,Engineering,96
8238,23,55412,2023-07-12,Engineering,95
8239,58,52119,2022-01-11,Finance,78
8240,52,76545,2022-07-24,Finance,89
8241,47,69758,2023-01-08,Engineering,64
8242,33,33768,2024-07-19,HR,82
8243,27,97986,2021-05-11,Finance,86
8244,20,105427,2024-01-20,Engineering,53
8245,28,40472,2023-07-26,Marketing,82
8246,45,139023,2022-06-10,Sales,65
8247,26,108538,2016-05-16,Engineering,55
8248,44,73388,2016-10-18,Marketing,61
8249,39,71319,2024-05-16,HR,97
8250,54,129732,2017-05-23,Marketing,82
8251,34,96231,2016-08-10,Engineering,78
8252,57,128505,2023-09-12,HR,67
8253,64,45628,2024-12-01,Support,76
8254,27,54671,2018-06-19,HR,90
8255,62,33477,2015-08-11,Engineering,76
8256,20,142928,2015-02-06,Support,51
8257,28,134621,2022-05-21,Engineering,59
8258,56,32806,2017-05-03,Support,82
8259,24,54718,2023-08-10,Marketing,75
8260,28,55215,2022-04-17,Marketing,87
8261,44,46006,2015-10-08,HR,50
8262,27,106820,2018-12-12,Support,64
8263,47,147853,2023-07-06,Marketing,57
8264,41,111234,2020-09-30,HR,52
8265,32,97107,2018-10-21,Finance,55
8266,59,51553,2017-11-21,HR,97
8267,35,124437,2023-02-22,HR,68
8268,47,71420,2018-06-09,HR,88
8269,29,81425,2024-06-10,Finance,61
8270,61,133127,2020-01-01,Marketing,53
8271,53,79649,2022-09-28,HR,97
8272,31,76384,2022-03-26,Support,52
8273,55,86278,2016-06-12,Marketing,62
8274,26,118340,2018-12-30,Sales,90
8275,25,38912,2021-07-31,Finance,65
8276,33,80426,2023-09-11,Finance,77
8277,33,42344,2018-11-18,HR,95
8278,63,84733,2022-01-19,Marketing,95
8279,61,75733,2018-07-23,Sales,69
8280,62,141151,2015-11-21,Engineering,90
8281,51,74405,2017-08-09,Finance,78
8282,20,81529,2016-04-09,Marketing,69
8283,19,133578,2022-10-23,Support,81
8284,27,146903,2015-09-10,Sales,66
8285,50,69685,2022-06-28,Support,88
8286,64,38977,2017-12-07,Sales,58
8287,25,104072,2018-04-25,Finance,80
8288,59,51500,2023-07-20,Support,53
8289,37,40011,2021-02-24,Finance,89
8290,18,125335,2024-01-02,Finance,93
8291,40,71912,2017-03-02,Support,96
8292,30,54719,2022-05-13,Sales,75
8293,48,33825,2015-05-12,Support,50
8294,34,105535,2024-01-27,Engineering,86
8295,27,78505,2024-09-30,Marketing,87
8296,61,112782,2016-08-19,HR,59
8297,51,117858,2023-10-10,Sales,55
8298,45,121450,2016-05-23,Sales,62
8299,58,96097,2020-07-28,Engineering,89
8300,19,42039,2023-08-13,Engineering,91
8301,26,42987,2022-09-10,HR,99
8302,25,112674,2022-08-24,Sales,52
8303,26,58428,2019-01-31,Marketing,58
8304,48,54536,2019-11-21,Engineering,93
8305,62,31287,2017-07-07,Sales,96
8306,48,86188,2020-03-28,Marketing,94
8307,62,83054,2019-12-13,Finance,80
8308,34,62238,2024-09-25,Support,68
8309,20,37213,2022-08-28,Support,79
8310,27,130720,2022-08-08,Support,78
8311,57,88769,2024-04-16,Finance,61
8312,40,44909,2020-04-12,Support,60
8313,26,146853,2018-11-08,Engineering,73
8314,42,119142,2021-12-04,Finance,74
8315,64,45624,2017-04-16,HR,61
8316,28,40352,2016-12-22,Support,87
8317,45,39223,2016-06-30,Marketing,59
8318,42,108254,2022-12-06,Finance,85
8319,60,115000,2016-09-09,Marketing,90
8320,25,102002,2022-01-02,Support,67
8321,63,133394,2017-08-17,Finance,66
8322,53,120932,2024-09-02,Marketing,77
8323,32,33346,2022-10-02,Engineering,71
8324,23,99678,2024-05-25,Finance,56
8325,61,102623,2022-06-15,Engineering,58
8326,37,88916,2023-02-18,Sales,60
8327,19,78575,2017-09-28,Marketing,71
8328,53,110260,2022-05-14,Support,56
8329,23,61351,2019-12-06,Finance,71
8330,27,104797,2024-02-24,Finance,89
8331,63,75101,2019-06-23,Marketing,69
8332,45,148870,2018-11-13,Sales,84
8333,18,74700,2022-08-04,Finance,58
8334,26,49477,2022-03-10,HR,51
8335,33,42473,2017-11-24,Sales,55
8336,30,72464,2021-04-08,Engineering,68
8337,32,64208,2015-12-30,Support,59
8338,18,104683,2016-08-31,Support,61
8339,60,126988,2020-11-10,Sales,66
8340,21,61516,2024-04-27,HR,56
8341,61,120060,2019-08-25,Sales,54
8342,23,141073,2023-03-23,Finance,56
8343,63,35560,2022-04-17,Sales,77
8344,63,107193,2019-02-14,Finance,53
8345,20,114376,2024-09-15,HR,72
8346,44,70397,2017-01-17,Marketing,87
8347,49,113094,2024-09-23,Engineering,96
8348,57,69460,2020-04-25,Finance,52
8349,52,110908,2018-06-22,Finance,83
8350,41,97008,2022-07-31,Engineering,61
8351,25,60802,2021-09-23,Sales,58
8352,45,73341,2019-07-19,Support,76
8353,35,31833,2018-03-05,Engineering,90
8354,23,135120,2023-03-25,Engineering,86
8355,59,70024,2021-12-20,Sales,62
8356,40,39635,2019-10-24,HR,82
8357,38,65169,2017-08-08,Engineering,85
8358,34,86329,2024-04-28,HR,72
8359,61,138282,2016-05-27,Sales,51
8360,52,63677,2020-06-27,Finance,96
8361,62,131544,2020-05-11,Engineering,51
8362,36,39551,2016-09-21,Support,92
8363,61,78984,2019-04-29,Engineering,50
8364,19,100639,2022-08-18,Finance,76
8365,19,137769,2019-02-22,Engineering,79
8366,27,88642,2023-04-02,Marketing,91
8367,33,64956,2020-10-29,Marketing,97
8368,25,81127,2018-01-02,Support,99
8369,48,67336,2022-07-21,Marketing,88
8370,38,52966,2021-03-01,Sales,99
8371,55,97752,2017-05-23,Engineering,78
8372,23,119937,2023-01-30,Engineering,98
8373,61,91858,2015-09-09,Support,76
8374,22,106230,2017-10-22,Finance,59
8375,27,112098,2018-09-22,Finance,77
8376,53,31929,2022-12-15,Marketing,99
8377,52,147236,2017-03-31,HR,84
8378,54,128415,2019-04-13,Marketing,69
8379,30,145402,2024-11-21,Marketing,94
8380,36,111243,2019-10-26,Support,87
8381,62,53867,2021-05-17,Finance,53
8382,54,95234,2019-05-30,Finance,86
8383,31,37006,2017-02-24,HR,77
8384,53,62171,2023-05-28,Finance,87
8385,36,63577,2021-07-27,Engineering,50
8386,40,47910,2021-08-31,Engineering,77
8387,21,30424,2017-01-12,Finance,67
8388,64,53154,2015-01-24,Marketing,88
8389,42,64001,2021-12-12,HR,55
8390,36,71524,2023-04-02,Marketing,61
8391,42,142448,2015-04-19,Sales,54
8392,18,118327,2018-11-01,Marketing,88
8393,64,107354,2016-09-06,HR,67
8394,63,99498,2017-09-05,Support,58
8395,22,100390,2020-09-16,Sales,53
8396,61,98480,2016-05-17,HR,79
8397,62,52720,2023-07-07,Engineering,52
8398,39,141559,2015-05-08,Sales,67
8399,42,37855,2015-11-03,Engineering,69
8400,48,146815,2016-03-18,HR,51
8401,34,141113,2015-09-11,Finance,56
8402,59,130146,2015-11-10,Marketing,58
8403,34,67256,2018-05-30,Marketing,58
8404,54,60615,2016-01-17,HR,88
8405,28,31927,2017-10-23,Engineering,74
8406,63,116849,2022-06-16,Marketing,59
8407,41,118047,2020-08-07,Finance,65
8408,36,129258,2024-07-27,Sales,80
8409,28,60341,2019-02-22,Sales,55
8410,49,129878,2019-07-24,Engineering,97
8411,30,45674,2015-07-03,Marketing,52
8412,58,33255,2018-02-05,Sales,84
8413,55,118568,2018-10-23,Engineering,66
8414,20,60497,2018-11-24,Engineering,61
8415,41,41845,2020-04-12,Finance,91
8416,28,123039,2024-01-20,Support,76
8417,41,85569,2018-12-10,HR,76
8418,58,118340,2024-12-11,Engineering,83
8419,50,118633,2024-02-21,Finance,97
8420,35,110642,2022-03-16,Sales,73
8421,18,83509,2015-05-02,Sales,68
8422,39,72354,2020-01-03,Finance,92
8423,25,72180,2016-03-10,Finance,58
8424,64,105348,2022-03-14,Sales,77
8425,63,149939,2023-12-04,Sales,73
8426,25,77731,2016-09-12,HR,66
8427,51,128835,2018-07-06,HR,65
8428,27,146385,2018-02-23,Finance,92
8429,27,41357,2015-12-16,HR,79
8430,42,101038,2019-08-29,Finance,95
8431,60,71576,2015-08-20,Sales,56
8432,64,81408,2022-09-08,Engineering,52
8433,64,109149,2022-05-31,Engineering,89
8434,53,147017,2019-11-11,Support,59
8435,51,82429,2016-12-05,Marketing,57
8436,44,89273,2019-07-23,Engineering,99
8437,32,134292,2015-07-30,Sales,71
8438,62,141153,2023-05-22,Marketing,80
8439,19,108764,2017-05-09,Engineering,80
8440,31,93305,2015-01-07,Engineering,79
8441,53,106910,2015-04-16,Finance,89
8442,32,137277,2021-07-26,Engineering,80
8443,46,126794,2020-04-22,Marketing,70
8444,26,40515,2015-10-28,Sales,84
8445,32,90631,2019-09-09,Engineering,98
8446,33,104083,2017-02-10,Engineering,60
8447,25,51058,2024-06-26,Sales,68
8448,63,76696,2019-11-30,Support,52
8449,53,68872,2019-10-17,Sales,85
8450,28,58210,2021-12-17,HR,65
8451,34,134893,2019-03-28,Marketing,91
8452,41,115904,2017-08-12,Sales,97
8453,37,149509,2024-10-02,HR,55
8454,24,122045,2022-01-18,HR,60
8455,29,56221,2017-04-15,Finance,54
8456,22,122799,2019-09-16,Finance,69
8457,32,140937,2018-04-03,HR,82
8458,47,100679,2017-11-23,Support,72
8459,26,77234,2019-03-04,Support,85
8460,24,132549,2016-11-14,Finance,63
8461,46,91489,2017-02-21,Support,65
8462,51,143094,2017-07-28,Engineering,74
8463,44,105103,2020-12-07,Sales,77
8464,26,147062,2019-08-08,Sales,65
8465,43,45330,2018-06-17,Finance,66
8466,40,79409,2021-07-30,HR,80
8467,49,149388,2019-01-06,HR,52
8468,25,99050,2017-03-05,Finance,51
8469,48,101613,2018-04-10,Engineering,98
8470,54,90563,2019-12-02,Marketing,78
8471,34,85113,2021-03-16,Engineering,90
8472,39,36405,2015-08-25,HR,92
8473,51,145742,2016-05-08,Marketing,61
8474,29,43502,2019-02-12,Engineering,65
8475,42,117957,2024-04-05,HR,76
8476,41,144507,2023-06-01,Support,67
8477,62,121246,2017-03-15,Finance,65
8478,21,104379,2019-08-18,Support,98
8479,50,111109,2016-06-15,Sales,67
8480,50,132170,2021-03-29,Support,91
8481,36,112159,2024-09-30,Support,63
8482,42,85713,2018-03-29,Sales,73
8483,55,90859,2024-02-11,Engineering,72
8484,22,117787,2023-01-26,Sales,85
8485,41,86739,2017-11-23,HR,54
8486,56,143605,2018-06-09,Engineering,94
8487,53,111132,2015-02-15,Marketing,53
8488,27,72995,2024-10-26,Engineering,50
8489,38,79831,2018-09-07,Support,88
8490,54,75678,2015-03-09,HR,80
8491,44,135168,2017-11-25,Engineering,72
8492,30,77918,2021-04-03,Engineering,76
8493,37,36125,2017-02-16,Engineering,62
8494,61,77511,2018-07-26,Finance,90
8495,20,30637,2022-03-20,Marketing,92
8496,27,65776,2016-03-27,Marketing,98
8497,30,89469,2020-09-26,Engineering,82
8498,19,106902,2015-04-19,Support,90
8499,48,87155,2018-04-28,Support,83
8500,36,136745,2024-01-11,HR,86
8501,26,38727,2021-08-17,Support,62
8502,61,115469,2017-11-18,Sales,68
8503,58,71417,2023-01-14,Support,91
8504,61,61437,2024-10-11,Marketing,89
8505,37,35635,2022-12-16,Marketing,87
8506,61,139883,2023-05-11,Finance,99
8507,56,134041,2021-09-10,HR,81
8508,23,90666,2018-06-07,Engineering,63
8509,23,128429,2023-02-06,Engineering,63
8510,29,90477,2022-10-19,Marketing,76
8511,43,95035,2017-02-28,Finance,57
8512,27,37311,2018-12-22,Support,75
8513,25,86808,2020-10-12,Engineering,94
8514,46,121856,2021-04-08,Marketing,68
8515,34,112790,2018-12-26,Sales,50
8516,46,113213,2020-05-29,HR,66
8517,30,88204,2023-08-21,Support,83
8518,44,66158,2019-11-07,Engineering,95
8519,50,45396,2024-06-19,HR,88
8520,36,117469,2018-10-28,Support,73
8521,31,34334,2022-04-02,Engineering,86
8522,22,94636,2019-02-06,Finance,73
8523,51,118670,2018-06-30,Finance,79
8524,26,90378,2024-06-12,Support,77
8525,59,125001,2024-06-12,Support,67
8526,53,48823,2018-02-25,Marketing,67
8527,37,134249,2022-08-01,Engineering,81
8528,46,136032,2023-03-16,Sales,97
8529,35,84086,2017-03-03,Engineering,50
8530,45,113232,2019-05-30,Marketing,99
8531,21,80806,2021-04-23,Marketing,69
8532,53,124200,2016-01-04,Marketing,80
8533,55,95179,2015-12-21,Marketing,52
8534,23,54236,2017-07-30,HR,72
8535,24,74407,2022-05-25,Marketing,85
8536,18,112565,2020-05-28,Marketing,73
8537,54,34652,2020-03-27,Engineering,85
8538,41,37084,2020-04-18,Engineering,78
8539,54,145052,2016-08-12,HR,81
8540,42,135737,2018-09-18,Engineering,84
8541,42,30218,2017-06-30,HR,94
8542,49,78762,2024-07-09,Engineering,61
8543,21,148121,2020-02-23,Marketing,75
8544,20,114624,2017-12-08,Engineering,58
8545,46,148336,2017-10-09,Support,67
8546,58,117732,2022-11-20,Marketing,69
8547,58,58897,2019-11-27,Support,77
8548,52,136511,2024-04-24,Marketing,70
8549,30,42770,2018-06-08,Support,91
8550,49,89429,2023-08-06,Support,55
8551,55,116181,2024-12-28,Finance,62
8552,63,38436,2016-09-25,Sales,88
8553,30,121054,2021-08-14,Sales,61
8554,50,125490,2021-08-15,Finance,67
8555,43,122469,2015-10-08,Engineering,89
8556,19,48499,2015-10-17,HR,99
8557,45,48651,2018-09-02,Finance,74
8558,43,106524,2021-02-08,HR,96
8559,19,53849,2019-06-24,Engineering,83
8560,47,131628,2019-12-15,Support,70
8561,61,63124,2023-07-31,Support,93
8562,40,115984,2015-05-29,Finance,51
8563,44,55402,2021-11-21,Finance,71
8564,51,118591,2015-11-07,Marketing,69
8565,43,127807,2015-05-01,Engineering,55
8566,62,123803,2019-09-02,Sales,72
8567,59,43860,2021-11-04,Engineering,57
8568,23,104916,2018-11-06,Marketing,71
8569,23,144677,2021-11-07,Engineering,81
8570,34,32853,2016-02-24,Sales,66
8571,54,78022,2024-07-22,Marketing,98
8572,30,136911,2021-06-24,Sales,71
8573,24,133317,2019-02-16,Support,70
8574,23,31935,2024-01-28,Sales,52
8575,26,104798,2021-12-04,Finance,70
8576,47,146189,2017-06-23,Finance,91
8577,59,129039,2018-09-26,Support,72
8578,20,108976,2024-05-05,Engineering,52
8579,54,130166,2017-05-10,Support,52
8580,53,60384,2016-01-16,Marketing,52
8581,21,46926,2016-02-03,HR,51
8582,31,53652,2023-03-11,Marketing,80
8583,19,76894,2023-01-21,Marketing,92
8584,39,78841,2022-08-22,Support,79
8585,50,66434,2016-08-26,Sales,95
8586,42,105449,2024-07-13,Engineering,95
8587,18,74383,2020-03-22,Marketing,74
8588,58,146048,2018-10-15,Support,63
8589,62,104828,2023-02-27,Support,87
8590,56,114545,2024-07-29,Sales,81
8591,49,30057,2024-06-18,Sales,89
8592,23,94578,2021-04-11,Engineering,67
8593,55,97818,2022-05-07,Support,52
8594,22,31431,2020-12-18,Marketing,83
8595,64,130079,2022-05-31,Support,88
8596,41,62483,2021-07-03,Support,77
8597,51,52735,2020-03-26,Sales,85
8598,24,134209,2024-12-03,Support,55
8599,45,115222,2018-11-18,HR,83
8600,58,42636,2021-03-07,Finance,53
8601,31,61812,2023-07-16,Support,74
8602,56,141751,2019-06-04,HR,64
8603,36,46058,2020-05-04,Engineering,60
8604,37,32998,2019-07-07,Engineering,85
8605,35,96445,2016-05-25,Marketing,87
8606,42,90623,2021-09-16,Sales,67
8607,18,37527,2019-06-22,HR,50
8608,18,42018,2018-07-25,Engineering,70
8609,42,57482,2019-03-05,Finance,59
8610,29,46219,2017-12-26,HR,98
8611,49,55120,2019-06-10,Finance,57
8612,59,98633,2015-02-22,Marketing,91
8613,58,51944,2021-01-25,HR,51
8614,52,117393,2020-07-28,Sales,55
8615,48,48070,2023-05-27,Finance,61
8616,45,91134,2021-11-04,Support,68
8617,29,136993,2022-06-11,HR,97
8618,19,53178,2024-06-06,Finance,93
8619,54,77802,2020-01-16,Engineering,87
8620,42,141466,2019-02-01,HR,70
8621,59,129747,2015-06-26,Marketing,58
8622,29,80697,2021-04-13,Engineering,95
8623,22,40272,2017-03-07,Marketing,54
8624,33,149998,2018-07-31,Sales,86
8625,54,125516,2019-04-26,Support,67
8626,46,136885,2016-03-05,Sales,67
8627,49,149675,2020-06-17,HR,91
8628,64,86478,2020-06-29,HR,60
8629,43,65547,2019-03-07,Engineering,76
8630,36,146664,2022-02-13,Support,94
8631,44,97258,2016-06-09,HR,69
8632,20,92607,2017-02-18,Finance,88
8633,61,43262,2021-07-10,Marketing,79
8634,57,75174,2017-02-22,Engineering,98
8635,18,36172,2016-03-02,Support,79
8636,57,43677,2020-05-03,Sales,81
8637,27,34570,2015-11-27,Sales,57
8638,53,39449,2022-11-26,Marketing,84
8639,53,40991,2019-04-21,Engineering,85
8640,42,78339,2024-12-24,Marketing,94
8641,34,110982,2021-01-21,Marketing,74
8642,48,145781,2015-07-16,Engineering,84
8643,21,43031,2015-05-02,HR,69
8644,58,81253,2015-02-03,Marketing,50
8645,62,125969,2023-06-16,Support,59
8646,40,105186,2023-02-14,Sales,98
8647,41,82492,2024-12-17,Engineering,78
8648,63,136330,2016-09-06,Sales,80
8649,60,52409,2023-03-25,Support,80
8650,56,149625,2016-12-12,Sales,73
8651,50,66365,2018-08-08,Marketing,84
8652,62,129233,2019-04-02,Sales,66
8653,38,45455,2015-02-03,Finance,52
8654,32,42679,2020-05-26,Support,81
8655,55,48073,2018-09-07,Sales,79
8656,26,85928,2015-07-01,Support,81
8657,28,104453,2018-01-28,HR,83
8658,58,142529,2019-07-06,Finance,68
8659,35,42291,2019-08-24,Support,96
8660,60,55650,2017-08-11,HR,54
8661,23,132348,2017-08-08,HR,72
8662,59,69479,2019-06-22,Sales,74
8663,63,80243,2024-09-19,Sales,81
8664,61,149950,2021-04-19,Marketing,75
8665,59,129978,2020-10-05,Support,58
8666,28,55793,2020-10-08,Sales,94
8667,44,61989,2015-04-14,Finance,75
8668,25,46767,2020-06-05,Engineering,70
8669,38,43383,2019-08-04,Finance,50
8670,55,90089,2022-04-07,HR,62
8671,26,82443,2024-09-06,Marketing,55
8672,64,125190,2024-02-20,HR,97
8673,53,93483,2016-10-12,Engineering,66
8674,26,136507,2017-12-19,Engineering,71
8675,29,31525,2021-11-20,Support,55
8676,61,138744,2023-04-08,Support,86
8677,20,103185,2015-05-19,Support,57
8678,27,126558,2018-02-11,HR,90
8679,59,94042,2017-03-12,Engineering,58
8680,31,60692,2019-12-17,Marketing,76
8681,58,40719,2017-09-19,Finance,53
8682,19,42402,2016-07-25,HR,82
8683,38,39216,2015-01-11,Support,93
8684,28,125808,2018-05-12,HR,95
8685,28,76716,2023-09-02,Sales,56
8686,19,138686,2020-10-30,Finance,57
8687,64,46473,2019-08-28,Marketing,89
8688,59,117986,2019-06-19,HR,84
8689,63,58648,2016-03-12,Engineering,90
8690,38,40296,2022-03-23,Engineering,87
8691,25,44570,2023-05-30,Finance,81
8692,25,47899,2018-02-04,Support,59
8693,40,86963,2024-05-31,Sales,97
8694,55,35597,2023-12-19,HR,90
8695,40,40244,2018-06-07,Engineering,70
8696,23,58528,2022-03-08,Support,66
8697,42,113967,2019-03-24,HR,73
8698,39,136188,2023-03-29,Marketing,66
8699,31,102417,2018-02-01,Support,75
8700,36,115017,2019-06-23,HR,52
8701,19,144267,2018-09-30,Support,51
8702,39,95094,2021-06-02,Marketing,53
8703,55,126102,2017-04-20,Support,69
8704,23,87544,2020-01-30,Finance,80
8705,43,69203,2018-09-19,Marketing,75
8706,45,78260,2019-10-01,HR,59
8707,35,123966,2020-03-28,Support,82
8708,22,44628,2022-09-03,Marketing,89
8709,39,42501,2018-08-20,HR,71
8710,32,119360,2020-02-08,Support,94
8711,45,39402,2024-06-17,Engineering,71
8712,38,81920,2016-05-19,Sales,54
8713,35,56000,2023-07-13,Support,53
8714,24,96392,2024-06-02,Engineering,86
8715,57,86999,2018-10-18,Support,92
8716,26,111618,2020-12-05,Marketing,58
8717,40,128910,2015-06-04,HR,81
8718,48,144704,2017-04-22,Finance,97
8719,56,82025,2015-05-27,HR,71
8720,52,35149,2016-06-01,Finance,89
8721,54,78601,2021-06-06,Marketing,55
8722,51,50791,2018-10-20,Support,81
8723,42,61090,2019-05-24,Sales,62
8724,55,131477,2016-07-28,Support,51
8725,22,123386,2024-02-10,Support,60
8726,41,83709,2020-01-12,Finance,94
8727,47,146839,2018-08-28,HR,96
8728,61,50948,2015-02-15,Sales,54
8729,55,135217,2017-01-23,Marketing,89
8730,54,137381,2024-04-16,HR,98
8731,51,59002,2019-01-12,HR,85
8732,28,120312,2019-01-01,Marketing,55
8733,51,88169,2016-03-31,Sales,96
8734,54,98447,2018-06-25,Engineering,61
8735,62,35663,2024-04-03,Sales,66
8736,21,74649,2017-07-26,Marketing,82
8737,60,136602,2020-08-30,Finance,58
8738,51,32534,2022-04-15,Marketing,79
8739,37,128470,2015-05-13,Sales,72
8740,58,114267,2018-03-01,Marketing,84
8741,40,72485,2024-11-17,Engineering,97
8742,56,98310,2016-09-30,Finance,86
8743,40,138454,2017-03-31,Support,77
8744,36,67232,2019-08-17,HR,97
8745,47,54020,2022-06-28,Engineering,73
8746,38,127305,2021-05-17,Support,99
8747,53,125641,2015-11-25,Support,82
8748,53,49779,2016-03-13,HR,58
8749,25,83953,2015-09-15,Support,78
8750,40,31861,2024-11-28,Sales,92
8751,53,121133,2016-04-19,Sales,95
8752,38,123960,2016-11-13,Sales,83
8753,43,144147,2019-03-03,Engineering,93
8754,22,71384,2020-04-18,Engineering,71
8755,21,62687,2018-02-03,HR,51
8756,33,40191,2022-05-28,Finance,71
8757,60,122480,2024-06-18,Finance,64
8758,41,143219,2023-12-11,Engineering,67
8759,34,101494,2017-06-30,Sales,99
8760,62,93027,2024-01-10,Finance,59
8761,18,134065,2019-05-12,HR,98
8762,39,59663,2015-09-09,Sales,78
8763,52,133376,2022-01-06,Finance,61
8764,41,93211,2023-12-04,Support,79
8765,37,42713,2018-09-14,Marketing,56
8766,59,128097,2019-05-10,Engineering,87
8767,24,108267,2023-08-05,Engineering,98
8768,47,69435,2019-03-31,Support,98
8769,48,107869,2018-03-18,HR,92
8770,19,75812,2015-01-29,Marketing,82
8771,28,141841,2020-07-17,Finance,65
8772,52,87907,2021-01-09,Sales,82
8773,38,78723,2018-07-11,Engineering,57
8774,43,110096,2023-04-27,Sales,75
8775,54,56013,2023-06-01,Support,80
8776,50,117818,2024-12-28,Support,90
8777,22,148849,2018-07-02,Sales,62
8778,35,80649,2017-09-28,Marketing,74
8779,61,69821,2023-10-18,Support,54
8780,59,42467,2016-02-17,Support,51
8781,21,37691,2015-06-16,HR,60
8782,21,54490,2021-01-26,Sales,58
8783,27,80650,2023-07-28,Sales,55
8784,32,139609,2019-01-03,Sales,80
8785,39,103396,2024-08-03,Finance,55
8786,50,97484,2021-05-16,Engineering,70
8787,47,41924,2022-03-03,HR,85
8788,39,35293,2024-10-01,Finance,69
8789,39,43820,2022-05-03,HR,89
8790,28,139870,2017-05-17,Finance,80
8791,57,60796,2021-08-11,Finance,67
8792,39,113127,2023-08-26,Sales,66
8793,55,33352,2021-12-26,Marketing,81
8794,32,58172,2016-11-06,Finance,75
8795,28,137276,2023-02-21,Engineering,82
8796,54,103509,2016-10-25,Support,50
8797,56,41290,2015-09-22,Marketing,85
8798,49,82136,2021-09-05,Marketing,64
8799,48,105902,2022-06-15,Marketing,55
8800,42,74016,2020-04-19,Marketing,67
8801,39,38222,2015-04-27,Sales,85
8802,26,50781,2018-06-13,Engineering,52
8803,50,41004,2022-04-13,Engineering,92
8804,18,55515,2015-07-23,Finance,58
8805,22,147582,2024-06-04,Marketing,99
8806,26,147420,2024-04-09,Sales,77
8807,30,126279,2020-10-06,Finance,94
8808,27,78533,2018-11-26,Finance,88
8809,39,67630,2023-06-25,Support,86
8810,56,143235,2018-11-09,Support,59
8811,27,125833,2019-01-16,HR,74
8812,45,105724,2015-01-01,Sales,64
8813,23,117091,2016-08-14,HR,61
8814,36,51983,2023-01-14,Engineering,60
8815,55,90896,2019-10-31,Marketing,51
8816,32,132335,2019-04-01,Finance,85
8817,22,57946,2023-04-04,Marketing,59
8818,34,125585,2024-09-13,Marketing,73
8819,27,95651,2021-07-15,HR,79
8820,20,57186,2023-08-10,Marketing,86
8821,20,54935,2018-09-15,HR,54
8822,45,33837,2018-01-02,Engineering,93
8823,31,92694,2022-11-22,Support,60
8824,25,106644,2018-05-02,Engineering,57
8825,29,64062,2022-11-10,Support,68
8826,63,48459,2015-12-08,Engineering,56
8827,57,53750,2017-02-21,Marketing,79
8828,35,149895,2016-08-30,Engineering,55
8829,21,74854,2022-12-18,Sales,52
8830,64,142633,2020-02-07,Marketing,55
8831,43,138338,2018-05-13,Engineering,87
8832,28,125155,2021-07-05,Marketing,78
8833,37,129849,2015-07-04,Marketing,75
8834,44,76266,2018-11-30,Sales,61
8835,40,93828,2017-11-06,Finance,57
8836,56,39849,2020-10-28,Engineering,58
8837,41,112526,2017-03-05,Sales,74
8838,34,118489,2023-03-19,Support,78
8839,20,105604,2024-07-06,HR,57
8840,31,139305,2024-09-24,Support,88
8841,33,100417,2023-02-10,Marketing,80
8842,28,93589,2021-05-08,Sales,69
8843,63,94372,2016-12-28,Marketing,94
8844,21,144515,2022-07-05,Support,80
8845,37,138938,2022-02-12,Engineering,99
8846,18,125211,2024-10-15,Finance,67
8847,56,85595,2023-11-22,Marketing,82
8848,53,138305,2015-11-24,Engineering,96
8849,48,64018,2016-10-03,Support,88
8850,55,34558,2016-08-09,Marketing,96
8851,23,72631,2019-06-19,Support,89
8852,39,45552,2020-12-29,Engineering,62
8853,41,87940,2017-09-03,HR,94
8854,60,51891,2021-10-21,Finance,56
8855,29,62314,2015-08-05,HR,62
8856,61,94783,2021-01-30,Marketing,55
8857,31,123554,2022-05-03,Sales,97
8858,48,42003,2016-02-20,Engineering,86
8859,58,61607,2018-07-03,Sales,84
8860,27,75904,2023-08-06,Marketing,91
8861,47,82523,2023-09-04,HR,56
8862,35,52098,2021-11-12,Engineering,64
8863,56,119067,2019-07-20,Engineering,71
8864,56,131929,2018-02-05,Engineering,79
8865,37,89261,2024-09-02,HR,81
8866,59,139912,2019-04-27,Engineering,72
8867,22,120417,2016-12-31,Support,90
8868,47,141855,2015-09-24,Marketing,88
8869,44,126696,2015-08-28,Support,91
8870,54,75958,2021-09-11,Finance,54
8871,32,114018,2020-08-01,Support,91
8872,25,40935,2015-04-26,HR,58
8873,28,50221,2017-09-23,Engineering,71
8874,51,65682,2019-12-18,Marketing,62
8875,28,141547,2020-03-05,Sales,81
8876,59,107818,2021-09-23,Finance,64
8877,55,61232,2015-06-26,Sales,95
8878,41,85210,2023-04-06,Finance,89
8879,39,34610,2016-04-29,Support,63
8880,19,113004,2024-01-01,Sales,81
8881,55,36880,2020-01-02,Support,95
8882,59,81845,2020-11-20,Engineering,90
8883,56,142024,2015-11-15,Finance,83
8884,28,50077,2016-10-13,Support,86
8885,58,135528,2023-08-13,Finance,95
8886,39,41439,2015-02-07,Marketing,88
8887,27,34052,2015-11-07,Finance,55
8888,18,31249,2019-02-17,Finance,63
8889,53,113994,2020-02-03,Sales,58
8890,23,32014,2017-05-20,Marketing,66
8891,60,138987,2023-08-28,Marketing,85
8892,38,87498,2015-07-21,Support,90
8893,45,91711,2016-12-13,Engineering,84
8894,53,149991,2023-08-12,Finance,84
8895,62,138434,2016-12-06,HR,70
8896,50,95046,2019-11-12,HR,55
8897,49,42437,2024-07-16,Support,52
8898,52,80767,2016-09-11,Support,91
8899,42,110912,2017-02-18,Finance,88
8900,30,74379,2018-01-23,Finance,60
8901,27,135894,2019-11-28,Support,73
8902,55,86919,2019-12-20,Sales,82
8903,34,81128,2020-09-17,Support,93
8904,53,79506,2023-04-13,Support,55
8905,33,142172,2019-08-18,Finance,77
8906,58,136649,2023-04-17,Sales,60
8907,42,37198,2015-03-24,Finance,70
8908,62,41766,2018-03-05,HR,52
8909,29,99874,2018-10-04,Engineering,89
8910,63,35301,2022-04-28,Support,90
8911,42,97959,2022-04-29,Marketing,66
8912,55,54419,2020-08-21,Support,85
8913,36,78555,2017-10-07,Finance,51
8914,34,138061,2023-08-01,Engineering,96
8915,27,45164,2015-08-17,Finance,85
8916,50,48368,2018-03-04,HR,67
8917,21,94950,2019-06-04,Finance,96
8918,44,102792,2019-07-06,Engineering,77
8919,39,61977,2020-07-10,Finance,74
8920,34,36714,2024-03-05,Marketing,93
8921,29,95167,2024-09-11,Finance,86
8922,33,70912,2017-04-30,HR,80
8923,32,91516,2017-09-14,Finance,89
8924,44,66116,2020-06-18,Sales,51
8925,25,101366,2019-10-23,Support,59
8926,21,114010,2023-03-07,Sales,90
8927,53,134674,2019-01-20,HR,92
8928,20,98345,2023-02-06,Support,67
8929,63,53095,2022-12-21,Engineering,92
8930,41,53519,2024-11-17,HR,83
8931,19,112049,2023-04-15,HR,59
8932,40,69566,2020-11-27,Marketing,61
8933,60,35136,2016-12-09,Finance,67
8934,31,108027,2019-05-28,Support,65
8935,49,46406,2021-01-29,Finance,87
8936,51,39825,2018-10-04,Finance,65
8937,51,64173,2015-10-10,Support,56
8938,50,85619,2018-08-12,Support,92
8939,24,91713,2019-02-17,Finance,53
8940,28,134554,2022-03-11,Marketing,69
8941,28,74494,2018-12-03,Marketing,95
8942,34,62481,2016-05-19,Sales,99
8943,29,120473,2024-07-14,HR,77
8944,52,108682,2019-01-02,Engineering,71
8945,41,100977,2023-02-09,Support,80
8946,39,42863,2017-04-17,Marketing,50
8947,31,119624,2017-09-09,Engineering,85
8948,53,119218,2017-12-15,Finance,54
8949,18,34533,2021-05-07,Engineering,68
8950,50,64409,2020-03-29,Support,79
8951,29,40633,2020-09-06,Support,83
8952,33,80535,2020-06-18,HR,95
8953,46,30014,2016-07-21,Finance,97
8954,28,67867,2019-11-24,Finance,83
8955,53,85709,2022-09-22,Sales,84
8956,26,56321,2024-06-22,Marketing,68
8957,56,70131,2021-02-18,Support,55
8958,50,145663,2023-10-04,Support,60
8959,39,64851,2021-12-07,Marketing,99
8960,40,34158,2017-05-28,Engineering,75
8961,48,50572,2018-03-16,Engineering,54
8962,55,90861,2018-10-03,Sales,74
8963,51,105019,2017-06-05,Engineering,71
8964,26,97323,2016-12-24,Engineering,69
8965,46,128987,2020-11-22,Finance,78
8966,62,107850,2022-10-19,Support,66
8967,22,127772,2020-10-03,Finance,62
8968,59,78526,2016-10-28,Support,64
8969,35,106593,2018-02-20,Sales,51
8970,40,134042,2016-02-05,HR,62
8971,60,122099,2016-10-25,HR,96
8972,42,126458,2020-10-30,Engineering,99
8973,59,42043,2024-04-30,Engineering,62
8974,26,118052,2017-06-03,Engineering,94
8975,55,147957,2021-07-24,Support,92
8976,60,143993,2024-06-18,Finance,72
8977,32,107228,2017-12-10,Marketing,72
8978,57,34708,2024-08-05,Finance,83
8979,33,82158,2023-06-17,Sales,94
8980,58,122270,2021-08-12,Finance,81
8981,55,35351,2018-12-05,Marketing,95
8982,22,134720,2021-09-06,Marketing,71
8983,56,140632,2024-06-01,HR,97
8984,35,121212,2024-12-09,Marketing,99
8985,59,119856,2023-01-07,Sales,99
8986,36,110865,2021-10-05,Finance,53
8987,60,121586,2016-05-14,HR,90
8988,27,125515,2024-07-18,Engineering,83
8989,56,47658,2020-05-03,Engineering,68
8990,59,148199,2023-03-19,Sales,95
8991,53,80808,2024-12-02,HR,92
8992,20,44358,2017-10-25,Engineering,66
8993,24,117193,2015-08-29,Support,92
8994,35,120363,2020-11-02,HR,95
8995,63,41333,2015-05-20,Marketing,80
8996,46,70584,2024-11-20,Sales,84
8997,34,144491,2023-12-11,HR,61
8998,53,111331,2022-02-25,Marketing,97
8999,41,120185,2016-05-27,Finance,79
9000,46,107286,2023-10-05,HR,59
9001,56,94566,2021-10-19,Support,77
9002,35,133336,2021-01-31,Sales,99
9003,34,65402,2022-06-23,Engineering,50
9004,34,31891,2024-06-18,Support,85
9005,63,58987,2020-06-12,HR,58
9006,62,40683,2016-04-28,Support,77
9007,50,70194,2018-09-16,HR,57
9008,23,117738,2018-01-10,Support,55
9009,46,61460,2018-12-11,Marketing,61
9010,26,39832,2016-01-12,Marketing,98
9011,36,87872,2024-08-22,HR,97
9012,61,126159,2020-06-24,Support,84
9013,31,65120,2021-06-06,Support,65
9014,38,86843,2024-02-16,Marketing,73
9015,51,74935,2018-01-17,HR,93
9016,38,114271,2016-02-12,Marketing,57
9017,45,143487,2022-07-20,Sales,59
9018,32,71603,2023-05-27,Engineering,75
9019,32,140563,2018-03-31,Finance,81
9020,60,36654,2020-10-03,Support,87
9021,21,115544,2023-12-21,Finance,58
9022,52,57446,2022-05-08,HR,77
9023,54,74078,2023-02-24,HR,58
9024,19,104745,2019-07-19,Sales,93
9025,22,41721,2016-10-02,HR,77
9026,32,69437,2022-01-24,Support,95
9027,40,100540,2024-03-01,Finance,65
9028,47,128215,2021-06-06,Support,57
9029,34,94669,2017-03-25,HR,66
9030,52,101616,2020-05-21,Marketing,98
9031,41,41055,2023-08-18,Sales,98
9032,42,119729,2022-04-28,Sales,74
9033,31,60054,2020-10-10,Marketing,82
9034,34,90282,2019-09-21,HR,80
9035,27,103541,2015-03-24,Finance,88
9036,42,112277,2015-02-09,HR,86
9037,47,69585,2023-09-08,Support,67
9038,41,42094,2020-02-09,Support,98
9039,44,49513,2022-08-18,HR,76
9040,56,138050,2018-01-10,Support,88
9041,40,39574,2021-09-26,Engineering,97
9042,61,96606,2019-03-28,Marketing,64
9043,60,77553,2022-05-30,Sales,84
9044,37,37807,2015-10-07,Sales,64
9045,33,88414,2022-09-15,Support,61
9046,56,102934,2018-11-17,HR,92
9047,37,65740,2016-05-15,Marketing,92
9048,20,83871,2016-10-18,Support,54
9049,19,124294,2022-12-25,Engineering,75
9050,43,124022,2024-07-21,HR,59
9051,22,91486,2021-07-24,Support,61
9052,49,61657,2023-03-15,Support,80
9053,39,146752,2021-09-21,Sales,69
9054,37,137754,2023-07-12,Engineering,57
9055,64,112273,2022-01-19,Marketing,98
9056,40,109397,2021-08-23,HR,77
9057,30,117964,2015-05-24,HR,57
9058,28,123614,2023-05-28,HR,94
9059,35,45921,2019-07-07,HR,74
9060,39,134748,2016-08-24,Sales,84
9061,46,32068,2020-09-09,Support,56
9062,29,41683,2021-10-23,Support,73
9063,49,65674,2015-03-27,HR,81
9064,49,115343,2020-10-29,Marketing,75
9065,28,41117,2019-12-07,Engineering,67
9066,56,104884,2018-05-11,Sales,65
9067,28,85541,2017-11-29,Marketing,84
9068,28,100825,2015-03-25,Marketing,72
9069,51,127519,2018-10-10,Marketing,66
9070,27,60289,2016-02-22,HR,93
9071,25,99626,2019-04-10,Marketing,75
9072,20,117610,2018-06-11,HR,73
9073,20,65749,2017-04-06,Support,51
9074,52,88568,2019-06-27,Marketing,85
9075,39,103694,2018-09-28,Finance,83
9076,41,60331,2021-12-18,Sales,58
9077,63,76969,2016-10-08,Sales,92
9078,19,146180,2023-10-18,Marketing,83
9079,44,138196,2017-06-19,Engineering,56
9080,39,53107,2021-11-02,Support,63
9081,51,132678,2015-05-01,Engineering,93
9082,59,96520,2020-02-10,Finance,50
9083,32,68751,2016-12-21,Finance,63
9084,58,60268,2024-12-26,Marketing,70
9085,64,149033,2021-03-13,Finance,56
9086,53,140164,2017-02-22,Engineering,99
9087,57,54459,2022-07-04,Marketing,64
9088,32,36032,2016-01-06,Finance,83
9089,61,107090,2018-09-23,Sales,88
9090,55,90109,2023-07-14,Marketing,54
9091,47,60083,2019-08-06,HR,64
9092,56,62162,2020-05-27,Sales,94
9093,27,57702,2018-06-04,Support,51
9094,61,37739,2021-10-04,Marketing,73
9095,45,106821,2019-07-19,Finance,93
9096,49,98446,2018-07-11,Support,68
9097,38,121650,2016-01-15,HR,55
9098,49,74929,2015-11-11,HR,73
9099,62,55146,2015-03-10,Finance,76
9100,26,61308,2019-12-09,Finance,63
9101,28,44413,2015-11-21,Support,65
9102,27,101123,2020-04-16,Support,65
9103,51,127400,2017-07-31,Finance,65
9104,31,106340,2019-12-11,Sales,77
9105,35,143049,2024-03-19,Engineering,87
9106,24,144604,2016-03-01,Support,83
9107,64,112160,2019-06-20,Engineering,94
9108,24,124176,2017-02-04,HR,84
9109,56,99396,2015-12-07,Sales,98
9110,45,34447,2015-11-29,Marketing,93
9111,33,94823,2016-09-23,Support,59
9112,40,130271,2019-10-12,Sales,99
9113,32,135471,2024-11-17,HR,92
9114,23,57135,2023-08-26,Marketing,82
9115,56,119971,2023-08-31,Finance,85
9116,48,45689,2020-08-06,Engineering,83
9117,58,138809,2024-03-21,Support,60
9118,31,65330,2015-05-13,Engineering,82
9119,24,64563,2015-12-10,Finance,88
9120,27,119422,2022-02-18,Engineering,65
9121,55,131635,2020-01-07,Sales,53
9122,53,74954,2022-08-05,Engineering,71
9123,39,45120,2019-09-07,Marketing,94
9124,51,35983,2016-07-08,Engineering,55
9125,50,77879,2017-07-03,Engineering,99
9126,53,137716,2022-03-05,Engineering,96
9127,27,82775,2015-10-09,HR,56
9128,29,119949,2015-04-02,HR,74
9129,45,125658,2024-10-02,HR,62
9130,64,82784,2020-12-20,Support,71
9131,35,47946,2024-06-25,Marketing,57
9132,23,139002,2016-09-07,Support,78
9133,58,47401,2023-04-14,Engineering,54
9134,24,143301,2022-08-27,Sales,96
9135,21,143695,2017-10-26,Finance,68
9136,62,115504,2015-06-04,Sales,95
9137,58,106023,2016-06-26,Support,93
9138,58,138295,2022-03-17,Engineering,81
9139,47,72459,2020-12-30,HR,90
9140,49,39176,2023-04-28,Sales,83
9141,50,101052,2016-07-17,HR,74
9142,59,48599,2020-12-26,Finance,88
9143,61,104736,2015-10-23,Marketing,93
9144,27,82282,2024-04-04,Engineering,80
9145,61,71994,2022-06-02,Engineering,74
9146,63,121123,2015-11-11,Engineering,94
9147,51,55594,2021-10-13,Sales,69
9148,24,110352,2018-11-27,Marketing,84
9149,46,124835,2021-11-25,Finance,61
9150,22,143483,2020-07-12,Engineering,78
9151,52,35587,2020-10-03,Sales,86
9152,18,79039,2020-01-05,HR,79
9153,26,130649,2019-03-28,Finance,59
9154,30,40543,2023-11-17,Sales,69
9155,46,138991,2016-03-29,Marketing,53
9156,63,77984,2020-02-03,Support,77
9157,54,30076,2019-06-12,Finance,52
9158,54,53471,2019-03-24,Engineering,68
9159,45,68738,2015-07-01,Finance,66
9160,35,54440,2018-05-31,Support,72
9161,57,98273,2019-12-31,Marketing,58
9162,46,55522,2018-05-13,Sales,91
9163,46,82289,2018-05-06,Marketing,66
9164,62,115406,2024-07-24,Engineering,77
9165,60,38614,2022-07-01,Support,79
9166,52,133663,2021-06-14,Finance,69
9167,33,80785,2021-05-05,Engineering,63
9168,43,87811,2023-03-16,Sales,91
9169,41,139418,2019-03-13,Marketing,67
9170,60,30146,2022-12-25,Sales,69
9171,59,71565,2019-07-28,Marketing,75
9172,48,32594,2016-05-30,Support,52
9173,57,112684,2021-08-28,Support,78
9174,23,57571,2021-09-12,Sales,50
9175,41,91797,2018-10-31,Marketing,83
9176,24,124026,2019-02-11,Support,60
9177,53,90051,2022-11-20,Engineering,65
9178,22,98951,2020-01-13,Finance,79
9179,47,105768,2019-02-12,Marketing,97
9180,64,55568,2016-04-22,Engineering,69
9181,39,113816,2019-11-22,Finance,70
9182,54,98197,2020-05-06,Support,84
9183,55,118295,2022-02-27,HR,55
9184,49,139903,2019-09-08,Sales,77
9185,33,42698,2018-06-16,Support,52
9186,38,118421,2023-12-27,Support,87
9187,47,103746,2023-10-12,Sales,80
9188,37,34078,2024-12-22,Finance,68
9189,19,59350,2021-03-12,Engineering,76
9190,25,63132,2023-03-24,Sales,76
9191,32,118715,2020-10-21,Support,96
9192,31,148982,2016-10-17,Finance,66
9193,43,88084,2023-10-23,Marketing,69
9194,27,89538,2024-09-22,Sales,67
9195,47,47821,2015-01-22,Sales,74
9196,41,56953,2023-09-06,Finance,51
9197,55,119439,2017-02-15,Marketing,84
9198,54,112246,2016-01-25,HR,56
9199,44,93497,2016-03-31,HR,82
9200,60,99814,2019-02-10,Support,56
9201,23,58677,2023-12-20,Support,62
9202,30,148994,2016-03-13,Support,68
9203,55,110641,2019-11-02,Support,75
9204,23,79939,2020-01-07,Sales,72
9205,32,97803,2018-12-13,Sales,84
9206,28,71607,2016-01-17,Sales,99
9207,41,97583,2019-03-25,HR,70
9208,53,98422,2020-10-20,Support,54
9209,46,57663,2022-07-22,Finance,55
9210,31,129961,2023-06-15,Marketing,51
9211,42,79630,2022-03-24,HR,99
9212,30,120348,2021-02-04,Sales,77
9213,29,44242,2024-03-08,Support,71
9214,56,57133,2024-05-29,Finance,86
9215,38,60976,2018-07-11,Sales,53
9216,49,96105,2021-07-18,Finance,50
9217,30,55261,2015-02-26,Finance,96
9218,34,114683,2023-11-22,Sales,56
9219,20,130529,2017-02-01,Sales,75
9220,48,119443,2018-05-12,Support,75
9221,20,112283,2023-05-20,Finance,77
9222,61,106368,2016-05-15,Sales,87
9223,64,69453,2021-12-27,Engineering,51
9224,25,36157,2022-09-22,Marketing,86
9225,52,112537,2019-12-03,Sales,88
9226,28,81134,2017-09-20,Finance,64
9227,19,38164,2019-08-16,Support,92
9228,49,43351,2019-11-17,Support,62
9229,60,61760,2017-12-25,Support,64
9230,50,119074,2024-07-15,HR,65
9231,30,121894,2017-01-28,HR,71
9232,40,70739,2015-11-30,HR,92
9233,27,91068,2015-08-22,Sales,79
9234,63,122701,2015-06-04,Marketing,56
9235,27,31634,2023-09-24,Engineering,51
9236,47,58370,2022-02-05,Marketing,88
9237,54,142635,2020-08-08,Engineering,52
9238,42,142545,2020-08-11,Marketing,71
9239,55,116541,2021-02-15,Engineering,88
9240,19,86543,2016-05-31,Sales,92
9241,20,88024,2017-10-12,Sales,57
9242,43,56207,2021-09-21,Marketing,60
9243,18,91262,2022-05-23,Sales,53
9244,21,43403,2024-07-30,HR,59
9245,28,56801,2022-05-24,Finance,72
9246,64,102706,2015-12-24,Marketing,88
9247,56,59968,2017-06-29,Support,71
9248,44,83239,2019-12-24,Marketing,65
9249,33,92771,2021-05-01,Finance,96
9250,50,41049,2020-12-09,Support,51
9251,56,94813,2016-04-13,Marketing,97
9252,44,120638,2016-06-03,HR,56
9253,62,51432,2017-05-22,Engineering,91
9254,26,95896,2018-05-25,Sales,55
9255,29,130381,2021-03-01,HR,69
9256,37,56165,2018-09-02,Finance,95
9257,44,33514,2018-11-29,HR,56
9258,57,131223,2024-11-12,Engineering,79
9259,25,46385,2019-08-29,HR,63
9260,27,54881,2017-02-21,Sales,67
9261,35,149311,2015-08-02,HR,54
9262,48,148756,2016-05-01,HR,69
9263,40,102031,2017-09-18,HR,91
9264,34,116973,2024-11-13,Marketing,62
9265,30,92160,2017-09-03,Engineering,64
9266,43,90843,2020-11-05,Marketing,77
9267,59,124764,2020-11-03,Engineering,79
9268,60,144082,2020-01-02,Marketing,71
9269,27,102138,2016-11-15,Engineering,87
9270,50,58869,2021-05-04,Sales,86
9271,24,116005,2020-12-28,Support,93
9272,29,55094,2015-01-25,HR,51
9273,18,110214,2015-08-15,Sales,74
9274,35,34715,2020-01-19,Sales,56
9275,20,131980,2022-11-11,Support,59
9276,60,33140,2022-09-22,Finance,83
9277,25,47383,2023-12-25,Sales,55
9278,18,87399,2020-12-22,Support,82
9279,57,101626,2022-08-12,HR,99
9280,41,90523,2023-03-19,HR,72
9281,33,49300,2022-10-28,Marketing,65
9282,61,133429,2019-04-25,Sales,79
9283,54,137904,2016-04-25,Sales,91
9284,42,100270,2024-01-27,Engineering,95
9285,38,53138,2015-01-13,Engineering,87
9286,22,42094,2016-01-21,Marketing,98
9287,29,39028,2021-07-09,Sales,58
9288,61,118627,2015-07-06,Support,58
9289,52,35312,2023-01-04,Support,96
9290,27,58973,2017-02-05,Marketing,88
9291,53,79956,2020-09-28,Finance,97
9292,52,122752,2016-11-04,Sales,62
9293,23,126185,2016-11-01,Sales,86
9294,49,140602,2015-10-03,Engineering,66
9295,22,81205,2017-12-26,Finance,59
9296,50,99853,2023-06-17,Finance,70
9297,59,57728,2024-10-15,Finance,76
9298,20,136716,2017-08-01,Sales,51
9299,46,128531,2023-04-04,Engineering,83
9300,54,127065,2022-04-26,HR,50
9301,43,72240,2016-01-20,Support,53
9302,56,127677,2024-06-29,Support,95
9303,35,111664,2015-07-23,Sales,71
9304,33,34284,2022-08-27,HR,71
9305,33,125131,2022-12-10,Finance,77
9306,39,63527,2019-03-14,Engineering,55
9307,42,117081,2018-06-18,HR,51
9308,24,109220,2020-01-25,HR,66
9309,52,99907,2016-09-01,Marketing,93
9310,19,36918,2016-08-16,Engineering,81
9311,36,55035,2016-11-22,Finance,58
9312,44,106749,2024-03-19,Support,51
9313,38,52211,2019-05-24,Marketing,70
9314,39,37344,2023-10-03,Sales,51
9315,34,92546,2023-10-27,Engineering,89
9316,41,78659,2020-11-01,Finance,87
9317,29,57608,2020-10-13,HR,72
9318,51,118479,2022-03-22,Marketing,73
9319,59,115054,2019-08-02,Sales,74
9320,20,34696,2017-08-12,Support,77
9321,29,88543,2023-04-06,Marketing,93
9322,25,57524,2019-03-26,HR,60
9323,59,85258,2023-05-23,HR,90
9324,61,72981,2019-01-07,Marketing,68
9325,49,149597,2017-02-07,Finance,77
9326,53,138945,2022-03-01,Engineering,59
9327,49,117057,2017-02-28,Finance,61
9328,25,62992,2022-01-07,Engineering,95
9329,55,38577,2017-12-21,Finance,58
9330,61,107700,2020-11-02,Sales,83
9331,36,115062,2017-03-19,Engineering,88
9332,59,79040,2024-09-05,HR,75
9333,63,109066,2018-12-17,Sales,92
9334,45,123075,2023-07-24,Engineering,55
9335,25,88975,2016-03-13,Engineering,68
9336,49,51629,2019-03-25,Finance,68
9337,41,91463,2020-03-27,Engineering,66
9338,35,89019,2016-10-17,Marketing,90
9339,40,119007,2023-11-20,Sales,67
9340,33,64511,2017-01-20,Support,85
9341,40,82693,2019-07-16,Support,88
9342,50,110919,2020-04-23,HR,69
9343,50,83214,2019-01-16,Finance,89
9344,25,60036,2017-05-15,Engineering,74
9345,49,62308,2024-06-27,Engineering,95
9346,63,114795,2022-07-22,Engineering,97
9347,26,75267,2023-10-20,Sales,97
9348,37,111658,2017-05-04,Support,89
9349,24,89722,2023-08-29,HR,70
9350,55,141342,2018-09-14,Marketing,68
9351,63,115134,2017-05-27,Finance,55
9352,27,67375,2015-03-04,Support,95
9353,33,53148,2023-02-03,Sales,60
9354,52,33399,2023-12-31,Marketing,77
9355,20,81009,2024-10-11,HR,63
9356,46,58340,2023-02-24,Engineering,96
9357,20,111344,2020-08-19,Finance,64
9358,37,97797,2024-11-09,Sales,83
9359,50,138360,2017-05-23,Engineering,52
9360,19,51891,2023-02-19,Finance,65
9361,50,82488,2024-09-05,Engineering,89
9362,55,143459,2018-07-06,Sales,67
9363,33,131511,2019-07-19,Finance,72
9364,53,144178,2021-02-11,Finance,64
9365,55,119086,2023-02-02,Support,82
9366,35,143174,2022-05-16,Finance,92
9367,20,111565,2019-08-30,Sales,94
9368,34,61601,2016-03-22,Support,81
9369,63,48616,2023-11-17,Finance,56
9370,56,46205,2023-09-12,Sales,64
9371,61,65851,2016-10-24,Finance,57
9372,33,36952,2015-06-14,Sales,83
9373,63,137767,2016-03-26,Marketing,78
9374,33,110004,2022-04-22,Sales,54
9375,47,143268,2021-04-26,Engineering,99
9376,22,70682,2018-05-10,Support,62
9377,52,56968,2023-10-07,Marketing,99
9378,31,106907,2017-03-09,Support,95
9379,43,121217,2023-08-21,Marketing,69
9380,51,45430,2017-05-01,Marketing,96
9381,27,49918,2017-03-24,Marketing,66
9382,28,94353,2015-05-08,Engineering,76
9383,38,85134,2015-09-30,Sales,99
9384,21,98264,2017-04-16,HR,98
9385,34,97824,2019-10-21,Finance,97
9386,37,47127,2017-09-13,Engineering,72
9387,32,102480,2018-12-30,Support,68
9388,32,86360,2024-12-28,Marketing,54
9389,33,31083,2021-10-09,Sales,94
9390,49,87109,2024-05-20,Engineering,92
9391,49,136892,2024-08-03,Sales,87
9392,43,126755,2017-11-07,Engineering,66
9393,22,119468,2023-01-31,Support,98
9394,50,101386,2017-12-28,Finance,54
9395,54,108255,2024-06-28,Support,67
9396,48,79285,2018-04-11,HR,51
9397,30,123481,2019-04-01,HR,60
9398,43,114116,2023-10-08,Engineering,51
9399,57,109671,2024-02-11,Support,69
9400,34,112895,2024-02-25,Marketing,91
9401,22,112445,2015-12-04,Support,73
9402,21,130787,2023-02-09,Engineering,97
9403,41,65502,2021-05-08,HR,58
9404,20,138406,2020-07-13,Finance,58
9405,35,44947,2019-12-05,Marketing,68
9406,41,54707,2022-09-16,Engineering,58
9407,50,74544,2021-07-15,Engineering,84
9408,27,44987,2015-10-15,Engineering,67
9409,31,39993,2021-09-10,Sales,59
9410,35,112071,2024-09-01,HR,50
9411,47,42366,2017-02-01,Sales,57
9412,52,54529,2022-03-22,Finance,90
9413,33,36356,2019-01-26,Support,64
9414,22,48220,2021-08-26,Support,56
9415,24,91850,2018-10-13,HR,74
9416,39,88479,2022-07-18,Finance,62
9417,34,133467,2024-07-08,Marketing,62
9418,43,134008,2016-06-25,Sales,54
9419,56,134992,2023-05-25,Finance,53
9420,45,123593,2019-02-25,Sales,53
9421,33,113940,2021-02-15,Sales,71
9422,53,105877,2023-06-11,Support,84
9423,42,94583,2024-10-14,Support,66
9424,35,42017,2024-02-16,Marketing,61
9425,50,111622,2017-12-07,Engineering,61
9426,28,109756,2023-04-22,Support,84
9427,44,88215,2015-01-07,Engineering,52
9428,42,106844,2016-02-10,Sales,59
9429,34,30254,2015-09-30,Engineering,52
9430,62,123077,2017-06-25,Sales,87
9431,31,137098,2021-12-04,Support,91
9432,37,48223,2022-05-06,Support,67
9433,30,100889,2015-07-28,Support,55
9434,27,112404,2024-09-19,Support,78
9435,23,42326,2017-10-25,Marketing,60
9436,42,52635,2022-05-02,Marketing,93
9437,47,87142,2021-05-24,Support,69
9438,54,139583,2023-11-20,Finance,80
9439,46,118901,2024-01-05,Sales,78
9440,49,112888,2023-08-26,Support,86
9441,40,142271,2016-03-04,Marketing,67
9442,36,70875,2022-05-13,HR,51
9443,27,110587,2023-08-15,Sales,95
9444,35,44866,2016-08-18,Finance,87
9445,54,143662,2017-05-30,Sales,97
9446,31,58460,2017-04-08,Engineering,83
9447,19,42128,2023-01-24,Finance,68
9448,44,95327,2015-02-14,HR,79
9449,24,109258,2017-12-17,Support,70
9450,24,79240,2017-10-24,Sales,87
9451,35,62544,2015-01-09,Finance,82
9452,49,123049,2022-03-05,Finance,74
9453,31,112341,2021-08-13,Sales,87
9454,21,116891,2017-05-12,Finance,67
9455,27,131154,2022-10-28,Finance,84
9456,57,135461,2015-02-04,Support,72
9457,42,149104,2022-04-08,HR,67
9458,32,88335,2018-12-02,Engineering,69
9459,34,110824,2017-02-04,Sales,60
9460,30,84232,2023-09-06,Finance,69
9461,42,140249,2016-08-14,Sales,94
9462,48,122916,2017-02-19,HR,50
9463,33,114463,2020-01-06,Support,77
9464,38,100173,2021-03-13,Sales,52
9465,51,64117,2017-07-21,Marketing,92
9466,46,107058,2020-08-28,Support,82
9467,28,123740,2016-03-21,Marketing,54
9468,49,87198,2023-04-15,Finance,67
9469,64,31363,2022-11-21,Engineering,88
9470,57,100875,2020-11-18,Engineering,62
9471,43,86655,2019-07-25,HR,74
9472,27,88396,2017-08-09,Engineering,95
9473,55,146435,2015-09-23,Support,75
9474,49,33302,2022-06-08,Support,87
9475,41,35022,2017-05-15,Engineering,89
9476,29,127016,2015-10-02,Finance,85
9477,27,89269,2017-02-07,Sales,56
9478,48,91895,2016-09-29,Finance,52
9479,57,148141,2023-04-28,Sales,70
9480,18,105692,2015-01-25,Finance,99
9481,32,104374,2015-02-22,Support,64
9482,42,144882,2018-04-04,HR,79
9483,31,125347,2017-11-01,HR,53
9484,53,134514,2020-02-29,Support,54
9485,42,94990,2022-02-03,Marketing,60
9486,25,76809,2023-09-20,Engineering,51
9487,45,106015,2020-04-30,Engineering,59
9488,56,105940,2023-05-14,Marketing,88
9489,38,128395,2015-09-28,Engineering,87
9490,50,103212,2019-03-23,Sales,60
9491,62,78555,2021-01-11,Finance,50
9492,64,119666,2016-11-16,Finance,75
9493,32,139928,2023-12-04,Engineering,63
9494,40,90539,2023-01-25,Finance,57
9495,53,47619,2023-07-16,Sales,55
9496,50,108747,2020-11-22,Sales,99
9497,55,62669,2015-01-01,HR,95
9498,60,85120,2020-11-03,HR,58
9499,45,64229,2023-06-11,Engineering,56
9500,63,143307,2016-09-14,HR,66
9501,57,53547,2018-07-30,Finance,97
9502,61,34843,2015-04-14,HR,54
9503,22,81661,2024-12-07,Finance,55
9504,24,146726,2024-06-11,HR,66
9505,26,48837,2016-05-31,Finance,94
9506,26,106730,2024-11-07,Marketing,65
9507,53,102161,2020-03-14,Finance,94
9508,30,44674,2023-09-30,HR,61
9509,53,48697,2024-05-20,Engineering,65
9510,45,90663,2018-12-27,Engineering,68
9511,57,58037,2016-04-20,HR,53
9512,47,136086,2019-06-04,Finance,80
9513,63,135242,2017-04-01,Marketing,94
9514,38,35156,2024-08-18,Finance,58
9515,52,109721,2019-09-27,Engineering,96
9516,38,73408,2021-04-03,Finance,73
9517,48,50997,2024-02-28,HR,84
9518,54,110908,2024-05-16,Finance,74
9519,49,108970,2020-01-30,Engineering,50
9520,52,63785,2015-08-11,Finance,68
9521,29,85911,2019-10-23,Support,89
9522,64,44378,2023-03-06,Engineering,69
9523,50,34700,2017-06-03,Engineering,65
9524,31,120374,2020-02-08,Support,55
9525,38,146003,2018-09-28,HR,71
9526,57,59493,2019-10-16,HR,68
9527,42,146707,2017-11-04,Marketing,94
9528,51,94202,2021-09-24,Engineering,97
9529,59,77278,2021-07-09,Finance,76
9530,59,42289,2018-09-26,Support,55
9531,63,65521,2015-03-06,Finance,91
9532,34,74327,2022-07-01,Support,97
9533,31,144889,2015-12-15,Support,94
9534,50,48409,2018-06-02,Engineering,61
9535,49,85344,2020-01-25,Engineering,73
9536,31,121908,2020-07-09,Marketing,54
9537,64,74959,2023-03-03,Engineering,94
9538,50,106347,2015-05-09,Sales,95
9539,21,70696,2021-02-06,Sales,79
9540,58,135424,2023-05-18,Support,52
9541,30,125595,2018-03-06,Marketing,97
9542,53,70849,2017-06-03,Support,72
9543,52,106400,2023-12-31,Marketing,82
9544,53,108160,2015-08-25,Finance,88
9545,51,43707,2023-11-24,Support,54
9546,57,127270,2021-02-25,Engineering,76
9547,57,95164,2020-11-17,HR,75
9548,31,142479,2023-10-10,Engineering,60
9549,55,46719,2021-02-28,Engineering,71
9550,64,77820,2015-12-17,HR,61
9551,35,118348,2023-10-26,Support,67
9552,63,112305,2018-02-13,Sales,51
9553,20,76556,2021-08-27,Support,57
9554,28,69883,2015-10-01,Support,81
9555,21,50872,2022-01-08,Engineering,73
9556,33,115968,2018-03-07,Engineering,96
9557,39,139254,2018-05-20,Marketing,59
9558,46,100819,2016-09-04,HR,73
9559,63,126717,2024-12-01,Finance,63
9560,42,47645,2023-08-07,HR,71
9561,64,139334,2021-11-09,Marketing,81
9562,43,90914,2023-03-23,Engineering,76
9563,62,108539,2021-04-13,Support,68
9564,36,42979,2021-03-07,HR,83
9565,49,74828,2022-03-16,Sales,70
9566,52,104217,2015-11-14,Finance,54
9567,29,100908,2017-04-14,Support,56
9568,58,144305,2017-03-08,Engineering,74
9569,27,143451,2023-10-01,Finance,55
9570,44,129490,2024-04-14,Sales,59
9571,26,44052,2017-07-03,HR,84
9572,54,79383,2020-01-16,Engineering,57
9573,63,100775,2017-03-22,Finance,80
9574,60,130601,2018-07-08,Sales,65
9575,45,87541,2020-08-17,HR,81
9576,45,142010,2015-04-23,HR,91
9577,40,128077,2015-09-27,Engineering,58
9578,45,100871,2015-05-22,Support,77
9579,41,135806,2022-10-19,Finance,88
9580,50,98398,2019-09-24,Finance,83
9581,39,42444,2018-12-27,Support,83
9582,59,68217,2018-01-31,Finance,94
9583,47,148903,2018-11-06,Marketing,60
9584,51,57284,2018-03-03,Finance,62
9585,42,90405,2018-09-30,Engineering,70
9586,18,99561,2015-12-23,Sales,54
9587,39,33654,2024-02-02,Finance,62
9588,62,131555,2017-09-05,Finance,72
9589,38,74549,2021-01-27,Sales,69
9590,29,92119,2024-03-13,Marketing,58
9591,45,135866,2022-06-25,HR,81
9592,28,50311,2024-10-08,Marketing,64
9593,58,38738,2015-01-22,HR,66
9594,42,138400,2018-03-14,Marketing,84
9595,36,96024,2016-12-23,Marketing,80
9596,34,35622,2021-05-14,Engineering,99
9597,40,132078,2020-12-17,Engineering,96
9598,18,148140,2023-03-07,Support,59
9599,25,51865,2018-11-08,Marketing,75
9600,51,73026,2020-02-20,Marketing,63
9601,25,56866,2019-12-15,Marketing,50
9602,42,100423,2020-09-29,Marketing,96
9603,37,82599,2017-02-07,HR,79
9604,22,54002,2016-08-28,Engineering,81
9605,34,52972,2018-03-05,Marketing,91
9606,22,130874,2021-01-03,Support,87
9607,21,98326,2018-03-21,Engineering,68
9608,56,49693,2019-11-13,Support,98
9609,40,46090,2019-06-07,Marketing,50
9610,19,45569,2017-07-03,Sales,85
9611,62,46608,2022-05-13,Finance,85
9612,19,127475,2023-04-10,Support,65
9613,21,140648,2023-12-07,HR,58
9614,38,49734,2015-08-25,HR,51
9615,20,126854,2022-06-15,Finance,75
9616,64,83219,2016-03-12,HR,93
9617,50,127392,2022-10-23,Sales,85
9618,21,115621,2019-08-10,Engineering,72
9619,42,71704,2022-09-16,HR,75
9620,45,54318,2018-03-29,HR,77
9621,38,141561,2020-07-09,HR,76
9622,32,94501,2024-05-11,Finance,66
9623,56,104210,2022-05-14,HR,54
9624,33,51910,2022-07-18,HR,88
9625,26,91472,2024-06-25,Engineering,84
9626,57,75335,2022-01-06,Engineering,73
9627,41,39874,2023-02-18,Marketing,88
9628,42,125987,2023-04-26,Finance,80
9629,55,83912,2024-10-04,Engineering,76
9630,49,137914,2019-07-15,Sales,54
9631,61,92496,2018-09-03,Sales,68
9632,60,35230,2023-07-28,Sales,65
9633,52,97082,2024-03-28,Support,60
9634,27,146833,2018-04-17,Engineering,54
9635,40,60134,2017-09-13,Marketing,74
9636,46,91671,2019-09-11,Engineering,62
9637,64,33423,2018-12-17,HR,83
9638,29,148247,2021-12-04,HR,70
9639,46,36066,2020-04-18,Engineering,72
9640,50,38583,2017-06-28,Finance,91
9641,30,56564,2020-07-06,Engineering,90
9642,27,145774,2022-09-10,Finance,63
9643,41,67962,2015-10-12,Engineering,95
9644,20,55692,2018-01-29,Marketing,97
9645,47,75680,2017-03-16,Finance,86
9646,24,63488,2024-12-07,Support,69
9647,28,67867,2022-07-02,Sales,74
9648,41,35057,2017-03-09,Finance,76
9649,36,35305,2020-03-06,HR,78
9650,54,140218,2022-05-29,HR,68
9651,45,120534,2016-07-18,Finance,70
9652,43,97541,2021-03-03,Support,55
9653,28,117181,2015-03-27,Sales,85
9654,57,57944,2017-07-16,HR,51
9655,60,68459,2023-07-05,HR,69
9656,39,100015,2020-05-24,Finance,88
9657,21,148711,2018-01-10,Finance,78
9658,63,99177,2016-07-02,Sales,73
9659,18,35591,2024-01-20,Support,79
9660,29,90434,2015-03-22,Sales,86
9661,57,61594,2021-10-05,Sales,53
9662,32,65411,2023-07-12,Support,93
9663,37,106661,2015-04-26,Engineering,70
9664,27,117581,2017-03-17,Engineering,73
9665,57,56238,2023-10-30,Sales,89
9666,55,42738,2019-06-07,Support,78
9667,25,45772,2018-09-25,HR,59
9668,22,146042,2023-10-27,Finance,53
9669,52,143585,2016-06-21,Marketing,89
9670,29,36228,2020-02-13,Support,65
9671,31,113668,2021-06-24,Support,97
9672,44,43795,2024-04-04,Support,50
9673,18,84524,2022-11-09,Sales,71
9674,32,51747,2015-06-01,Support,69
9675,20,77373,2018-11-24,Finance,58
9676,36,63831,2021-09-05,Sales,83
9677,21,141648,2021-06-28,Support,92
9678,54,50929,2017-08-03,HR,76
9679,62,31872,2016-06-25,HR,98
9680,48,145006,2020-09-09,Finance,90
9681,23,31374,2017-09-16,Sales,52
9682,57,145138,2019-07-25,Finance,82
9683,30,64708,2021-06-10,Engineering,86
9684,33,93572,2019-03-09,HR,97
9685,61,127932,2023-03-09,Sales,53
9686,48,49144,2019-12-30,Sales,97
9687,50,79060,2024-02-14,Engineering,86
9688,41,96904,2021-10-24,Marketing,90
9689,46,107735,2023-11-26,Marketing,99
9690,64,129363,2019-05-01,Support,64
9691,62,108651,2015-03-28,HR,67
9692,37,126132,2015-02-01,Engineering,67
9693,57,144432,2016-03-24,Sales,68
9694,40,54729,2023-09-30,HR,98
9695,46,71274,2016-09-28,Marketing,83
9696,36,60653,2023-09-01,HR,97
9697,35,60401,2019-10-04,HR,76
9698,23,36630,2024-07-28,HR,55
9699,23,53070,2024-12-21,Support,90
9700,57,145037,2019-08-14,Marketing,70
9701,58,42011,2023-03-23,Marketing,67
9702,40,66069,2024-10-04,HR,72
9703,45,69587,2021-01-11,Finance,74
9704,24,98305,2017-11-10,Support,69
9705,22,98881,2023-04-25,Marketing,91
9706,57,73552,2019-07-16,Finance,64
9707,52,147230,2016-06-22,Sales,95
9708,18,123758,2017-09-27,Marketing,70
9709,25,135414,2021-01-20,Marketing,90
9710,61,139799,2016-07-31,Marketing,89
9711,47,49749,2018-05-08,Sales,84
9712,19,111069,2021-07-11,HR,57
9713,55,74867,2017-01-12,Marketing,86
9714,38,116924,2016-04-20,Sales,58
9715,62,122700,2015-12-02,HR,90
9716,41,131391,2023-11-18,HR,61
9717,19,80109,2020-05-24,Support,68
9718,47,38079,2022-09-27,Engineering,73
9719,30,65862,2019-03-08,HR,87
9720,48,104548,2021-08-17,Finance,66
9721,20,115913,2023-04-14,Sales,62
9722,61,75221,2016-07-13,HR,71
9723,38,115916,2019-10-05,Support,94
9724,63,122326,2023-12-13,HR,54
9725,31,131969,2020-07-01,Finance,53
9726,50,45014,2020-12-10,Support,69
9727,30,81171,2019-03-12,Marketing,94
9728,21,146871,2024-10-31,Support,89
9729,64,69459,2016-07-24,Finance,55
9730,39,138613,2019-12-11,HR,91
9731,53,134776,2018-01-15,Engineering,65
9732,56,35293,2023-03-15,Support,87
9733,50,126529,2019-06-07,Support,61
9734,44,108847,2016-08-09,Support,96
9735,18,86718,2020-08-11,Engineering,96
9736,44,79615,2017-07-03,Sales,70
9737,18,102796,2015-11-09,Sales,52
9738,29,31915,2021-03-08,Sales,77
9739,56,37076,2015-12-29,Marketing,80
9740,48,34793,2020-03-05,Support,82
9741,50,147503,2024-11-04,Support,96
9742,57,43194,2018-07-26,Finance,95
9743,46,124296,2018-05-29,Sales,62
9744,61,50405,2015-01-23,Engineering,68
9745,53,133195,2018-02-15,Engineering,53
9746,20,138025,2024-05-03,Sales,87
9747,54,46490,2023-08-17,Finance,74
9748,58,58962,2019-07-04,Finance,78
9749,58,52236,2016-02-18,Finance,61
9750,52,85891,2015-02-02,Sales,66
9751,29,37928,2021-10-14,HR,99
9752,53,127225,2015-12-09,Marketing,67
9753,47,128631,2020-09-14,Engineering,90
9754,30,77838,2016-11-03,Marketing,55
9755,24,114475,2021-03-10,Support,70
9756,55,39322,2016-07-12,Sales,98
9757,45,139816,2018-01-10,Support,93
9758,38,138052,2015-03-12,Engineering,73
9759,44,109386,2020-05-09,Engineering,62
9760,46,134358,2022-08-31,Engineering,77
9761,54,86284,2024-02-17,Engineering,97
9762,39,147917,2023-10-12,Support,77
9763,40,106000,2021-03-10,Support,53
9764,20,75311,2015-04-30,Support,81
9765,21,78960,2020-09-30,Sales,61
9766,30,58090,2017-01-08,Support,78
9767,26,56654,2017-10-01,HR,56
9768,30,94949,2023-08-13,Sales,51
9769,50,65377,2018-08-25,Sales,56
9770,35,48610,2020-06-25,Marketing,57
9771,29,85082,2016-11-26,Support,79
9772,26,129291,2024-09-20,HR,53
9773,56,47744,2023-02-18,Marketing,60
9774,19,97262,2020-12-24,HR,99
9775,39,109804,2015-01-10,Finance,75
9776,29,121295,2018-04-18,Engineering,58
9777,60,43764,2023-12-03,Support,75
9778,24,60172,2021-04-18,Sales,82
9779,41,133512,2024-07-14,HR,80
9780,46,78196,2019-04-21,Engineering,87
9781,62,124090,2017-12-09,Engineering,81
9782,25,41027,2023-10-23,Finance,83
9783,64,118617,2023-04-03,Support,57
9784,19,53060,2020-08-23,Finance,64
9785,23,132148,2022-05-21,Sales,52
9786,60,136255,2024-01-07,HR,84
9787,26,63314,2017-10-10,Marketing,68
9788,60,49565,2022-06-05,Sales,83
9789,56,121145,2022-02-12,Engineering,59
9790,37,78384,2023-09-04,HR,55
9791,63,92970,2022-12-02,Engineering,51
9792,55,56272,2024-10-19,Marketing,52
9793,53,134012,2021-03-11,Support,84
9794,32,83804,2020-07-13,Marketing,71
9795,60,39795,2020-03-12,Marketing,66
9796,22,50180,2015-02-15,HR,73
9797,48,63268,2020-03-19,Finance,79
9798,59,89398,2022-12-10,HR,98
9799,24,107402,2016-01-18,Support,73
9800,36,110808,2021-11-23,Sales,83
9801,39,97635,2019-06-19,Engineering,76
9802,23,90361,2022-07-18,Finance,94
9803,48,51400,2018-06-09,Engineering,51
9804,27,99833,2020-05-31,HR,75
9805,22,136709,2018-04-10,Finance,53
9806,51,75382,2022-08-07,Engineering,99
9807,34,108346,2024-04-26,HR,99
9808,25,145675,2015-07-18,HR,93
9809,50,38947,2018-12-25,Finance,74
9810,38,76923,2015-03-24,HR,75
9811,46,96917,2016-02-03,Support,84
9812,54,45213,2017-03-24,Sales,93
9813,62,125660,2016-05-05,Marketing,78
9814,41,125802,2017-12-08,HR,64
9815,23,146575,2023-03-24,HR,93
9816,51,140243,2020-01-11,Sales,69
9817,29,84626,2022-11-09,Engineering,98
9818,55,53031,2023-07-19,Finance,66
9819,44,30016,2015-02-16,Sales,60
9820,56,144817,2023-07-04,Support,51
9821,46,72028,2023-01-02,HR,73
9822,41,82047,2015-03-29,Finance,80
9823,60,122424,2022-03-02,HR,76
9824,58,45740,2019-11-16,Engineering,63
9825,62,104712,2021-04-13,Marketing,92
9826,61,67269,2015-04-28,Finance,84
9827,50,68682,2022-02-11,HR,89
9828,43,62850,2023-02-05,Finance,94
9829,56,35804,2018-06-23,Sales,75
9830,23,82034,2019-06-06,HR,55
9831,45,53746,2024-01-11,Sales,62
9832,30,97581,2024-01-19,Marketing,62
9833,18,125996,2015-11-25,Finance,89
9834,54,89379,2016-12-27,Support,66
9835,26,128111,2024-01-31,Sales,62
9836,54,89789,2015-12-01,Finance,60
9837,42,133501,2017-11-26,Sales,56
9838,41,85920,2021-07-19,HR,85
9839,59,96473,2016-06-11,Sales,96
9840,61,30424,2021-01-15,Support,52
9841,64,33051,2019-07-19,Support,75
9842,64,89481,2024-06-21,Support,50
9843,32,57786,2020-08-08,Finance,86
9844,24,99131,2021-08-19,HR,87
9845,20,37017,2022-02-13,Finance,75
9846,47,87247,2024-07-19,HR,85
9847,62,97762,2017-04-21,Finance,86
9848,35,107568,2018-03-22,Support,70
9849,45,58015,2021-07-15,Sales,65
9850,45,125637,2024-10-11,Marketing,68
9851,18,123406,2016-02-15,Finance,91
9852,51,71709,2020-11-12,Finance,89
9853,23,45963,2015-09-23,Support,52
9854,48,92415,2016-05-23,Marketing,66
9855,61,85450,2022-09-22,Support,73
9856,37,102607,2018-10-18,Sales,84
9857,30,148639,2024-10-10,Support,92
9858,37,32170,2017-06-14,HR,97
9859,19,34163,2024-06-21,Finance,76
9860,42,87219,2017-09-02,Finance,81
9861,34,54448,2015-05-31,HR,82
9862,47,127284,2022-12-24,Marketing,61
9863,55,71119,2017-11-29,Marketing,87
9864,34,129317,2017-01-04,Engineering,94
9865,57,37391,2020-05-28,Support,73
9866,29,92830,2022-09-01,Finance,80
9867,36,129612,2017-06-20,Support,70
9868,43,141027,2021-02-16,Finance,77
9869,34,92740,2023-10-20,Marketing,99
9870,51,135290,2020-11-25,Marketing,69
9871,64,143254,2017-08-28,Support,65
9872,46,110000,2023-01-25,Finance,67
9873,39,132470,2020-11-19,Finance,74
9874,47,51803,2020-12-21,Support,97
9875,58,92323,2021-02-10,HR,60
9876,32,41170,2016-08-31,Marketing,72
9877,62,37636,2017-12-10,Marketing,77
9878,30,134481,2020-07-19,Marketing,87
9879,23,98971,2020-07-19,Marketing,53
9880,22,140973,2020-08-11,Engineering,89
9881,23,37444,2017-10-05,Support,77
9882,20,118598,2023-11-08,Support,57
9883,36,96036,2015-07-09,HR,60
9884,27,80139,2021-04-25,Engineering,69
9885,61,36771,2024-11-15,Support,77
9886,46,56055,2016-08-15,Support,68
9887,38,142465,2017-02-10,Sales,58
9888,21,68568,2023-08-20,Finance,74
9889,51,109944,2017-07-26,Marketing,58
9890,35,65583,2018-06-16,Finance,60
9891,30,108821,2021-05-29,Engineering,58
9892,33,46643,2019-05-02,Marketing,83
9893,24,88126,2015-05-05,Support,87
9894,28,64527,2018-11-20,Marketing,76
9895,47,109923,2015-05-04,Finance,66
9896,53,33794,2019-05-15,Marketing,56
9897,60,42332,2015-08-15,Sales,70
9898,45,127026,2024-09-09,Support,63
9899,19,41036,2016-02-29,Sales,67
9900,54,83164,2023-01-24,Support,94
9901,41,125863,2017-06-11,Sales,95
9902,29,57188,2017-01-23,Sales,94
9903,49,145473,2015-05-30,Marketing,62
9904,21,131142,2021-01-05,Engineering,59
9905,22,31265,2023-02-01,Support,89
9906,31,54315,2018-09-15,Sales,83
9907,45,90359,2024-12-31,Marketing,65
9908,48,141426,2021-02-22,Marketing,78
9909,53,94102,2017-10-15,HR,53
9910,26,148390,2021-10-24,Marketing,66
9911,37,89469,2024-03-06,Engineering,95
9912,46,43176,2019-10-11,HR,62
9913,53,33372,2021-01-17,Finance,66
9914,64,138093,2017-01-23,Finance,99
9915,60,33139,2015-07-16,HR,69
9916,28,134425,2020-05-04,Finance,71
9917,62,136485,2019-05-23,HR,57
9918,45,90332,2023-03-07,Finance,90
9919,47,78352,2021-05-23,Sales,82
9920,64,117157,2018-05-10,Finance,85
9921,44,55939,2022-07-28,HR,82
9922,42,66843,2019-07-23,Engineering,92
9923,36,59870,2015-05-05,HR,70
9924,59,88144,2019-02-10,HR,52
9925,31,60158,2023-10-20,Sales,82
9926,59,146181,2024-07-17,Sales,50
9927,48,55390,2015-09-16,HR,84
9928,37,37071,2024-09-25,Sales,61
9929,33,36586,2020-09-07,HR,57
9930,31,106177,2017-10-12,Support,79
9931,50,42129,2015-06-26,Support,93
9932,51,43499,2023-10-12,HR,98
9933,24,105653,2017-04-19,HR,55
9934,39,141076,2024-10-20,Engineering,64
9935,43,48982,2015-07-02,Engineering,52
9936,27,109874,2023-04-10,Sales,79
9937,63,67525,2020-04-19,Marketing,52
9938,18,41360,2017-04-18,Engineering,68
9939,53,133741,2023-04-12,Engineering,83
9940,48,127386,2018-05-18,Support,73
9941,29,122812,2020-11-28,HR,65
9942,33,81570,2021-12-10,Marketing,69
9943,58,45151,2015-07-29,Finance,76
9944,56,106812,2017-01-04,Marketing,53
9945,49,94108,2024-07-23,Sales,89
9946,51,135190,2016-06-12,Sales,92
9947,34,30599,2017-10-11,Marketing,78
9948,63,89867,2015-06-21,Sales,94
9949,64,79365,2024-01-05,HR,77
9950,42,138072,2018-02-12,HR,52
9951,30,52622,2023-05-03,HR,62
9952,58,89921,2017-04-27,Support,86
9953,60,58833,2016-06-23,Marketing,66
9954,38,81747,2017-09-27,Finance,99
9955,57,140098,2020-01-12,Engineering,61
9956,45,55226,2018-05-25,Support,97
9957,54,31634,2017-06-22,Marketing,93
9958,32,145855,2017-10-24,Sales,94
9959,24,68210,2019-12-01,Marketing,80
9960,29,62007,2022-10-11,HR,74
9961,61,131809,2017-09-09,Engineering,84
9962,29,120812,2016-10-24,Sales,70
9963,43,109798,2024-06-05,Sales,51
9964,31,40605,2024-09-16,Sales,53
9965,34,86558,2024-07-28,Sales,97
9966,22,123079,2022-08-29,HR,98
9967,24,34758,2019-08-11,Support,96
9968,34,107195,2022-05-17,Support,60
9969,28,147857,2023-12-05,Sales,96
9970,54,105121,2018-02-20,Marketing,78
9971,53,122506,2015-11-03,Engineering,91
9972,39,70831,2017-12-16,Marketing,51
9973,64,35731,2016-12-31,Marketing,97
9974,47,124138,2021-09-21,Sales,56
9975,29,114482,2017-05-26,HR,66
9976,58,40247,2022-01-10,Support,72
9977,55,147021,2019-02-23,HR,64
9978,27,56038,2024-02-28,Engineering,87
9979,32,97741,2015-02-09,Engineering,95
9980,43,49564,2023-09-04,Sales,63
9981,20,62803,2024-08-31,HR,75
9982,31,133838,2016-05-13,Finance,63
9983,57,136313,2024-10-24,Sales,58
9984,63,98071,2016-11-18,Marketing,92
9985,59,120257,2022-05-19,HR,85
9986,53,93153,2024-06-04,Engineering,89
9987,20,148353,2022-03-06,Support,56
9988,48,71280,2021-09-30,Marketing,80
9989,30,145164,2021-05-13,Finance,52
9990,46,138322,2021-02-14,Sales,64
9991,38,45933,2019-08-24,Finance,68
9992,45,49715,2019-09-07,Support,94
9993,30,110846,2020-04-02,Marketing,97
9994,56,54031,2017-05-16,Engineering,52
9995,47,47977,2020-07-05,Engineering,69
9996,19,105761,2018-08-27,HR,74
9997,28,46640,2023-08-10,Sales,97
9998,27,119680,2024-11-25,Engineering,79
9999,52,59553,2018-06-28,HR,68
10000,63,48936,2019-02-02,Marketing,83
