ID,Age,Salary,JoinDate,Department,Score
1,,$60000,,Sales,-10
2,62,50000 ,2015-01-27,,59
3,39,54671,,Marketing,246
4,63,121327,2024-08-04,HR, 85 
5,60,104939,2016-12-01,Marketing,NaN
6,61,27331,2024-01-11,human resources,-10
7,43,38726, 2023-07-10 ,Marketing,77
8,,86784, 2023-07-10 , SALES ,74
9, 30 ,$60000,2021-01-08,,NaN
10,34,86542,2018-05-07,,59
11,51,84042,32/13/2020,VeryLongDepartmentName123,-10
12,22,36483,2021-03-01, SALES ,77
13,30,108039,2020-10-20,Engg,213
284,32,112778,2015-10-18,Marketing,63
15,33,44957,,human resources,96
16,twenty five,34322,2024/05/01,Engg,NaN
17,53,90855,2024-05-17,VeryLongDepartmentName123,NaN
18,43,2637547,2023-03-12,,274
19,21,50000 ,2024-07-24,Marketing,55
20,,94668,2015-06-12,MKT,86
21,38,108039,32/13/2020,VeryLongDepartmentName123,-10
22,50,135456,2019-02-22,Hr,95
23, 30 ,143067,2024-11-05,VeryLongDepartmentName123,291
24,143,86244,2024-04-20,Hr,58
25,53,34663,2022-10-01,VeryLongDepartmentName123,289
26,155,147427,32/13/2020,HR,72
27,33,126269,2015-04-12, SALES ,76
28,65,4658132,,human resources, 85 
29,35,109065,2015-04-24,sales,66
306,38,35157,2017-02-17,Hr,-10
31,41,140687,2022-06-10,,92
32,,69695,2016-12-13,MKT,50
33,56,77954,,,68
34,33,,not_a_date,Engg,90
35,43,20726,2024-12-05,sales, 85 
36,21,107500,2021-09-04,human resources,96
37,28,53972, 2023-07-10 ,Hr,65
38,191,30561,,Support!!,NaN
39,twenty five,144002,2024/05/01,Engineering,69
40,52,83993,,Sales,75
41,52,93975, 2023-07-10 ,Engineering,268
42,42,75255,2020-04-10,Sales,288
43,20,46130,not_a_date,HR,86
44,189,118032,not_a_date,Hr,298
45,30,102213,32/13/2020,,86
46,41,21658,2020-06-30,sales,79
47,59,90539,2019-11-20,,65
48,33,107580,2020-07-17,,72
49,62,87715, 2023-07-10 ,Engineering,94
50,19,$60000,2021-07-10,human resources,77
51,47,55509,2023-02-02,Support!!, 85 
52,51,129134,32/13/2020, SALES ,58
53,,33446,32/13/2020,Engg,53
54,43,109974,2024/05/01,Hr,NaN
55,42,132743,2018-06-04,MKT,97
56,31,40585,,Support!!,
57,22,123262,2022-06-01,,
58,,128034,2019-12-04,sales,67
59,49,99129,not_a_date,Support,98
60,,140071,2024/05/01,Engineering,80
61,28,57777,2024-02-15,,70
62,50,91118,2017-02-07,Marketing,98
63,170,35915,2021-10-29,,50
64,25,,2018-04-10,Marketing,80
65,42,117818,2024-11-10,Hr,100
66,55,39476,2018-11-14,human resources,70
67,32,61704,2024-02-06,Engineering,52
68,46,22011, 2023-07-10 , SALES ,66
69,39,69808,2024-12-13,,81
70,65,119663,2016-02-16,Engg,52
71,45,94177,2016-11-27, SALES ,65
72,118,137821,2018-03-24,Support,190
73,62,46111,2016-03-12,HR,68
74,60,$60000,2015-07-20,VeryLongDepartmentName123,68
75,32,108835,2022-05-24,Support,91
404,64,62823,2017-04-02, SALES ,73
77,twenty five,abc,2024-01-08, SALES ,96
78,43,79609,2022-07-16,Hr,73
79, 30 ,104889,2020-03-16,VeryLongDepartmentName123,57
80,25,37781,2022-07-09,Support!!,97
81,twenty five,56666,2017-06-08,Engg,56
82,59,44878,2024-03-29,Engg,88
83,26,50000 ,2024-02-13,,100
84,27,124662,2016-12-15, SALES ,65
85,,117735,2023-09-22,human resources,64
86,60,146356,,,81
87,38,abc,2021-02-24,Support!!,83
88,62,135042,2024-09-15,HR,76
89,24,53408,2022-09-14,VeryLongDepartmentName123,80
90,26,93608,2016-05-15,Engineering,96
91,24,$60000,2020-05-29,human resources,244
92,57,23441,2024-04-20,Support!!, 85 
93,,38595,2015-05-06,sales,NaN
94,38,31135,not_a_date,,67
95,44,34918,2018-03-06,Support,69
203,107,120160,2017-11-12,Sales,NaN
97,60,$60000,2020-02-27,VeryLongDepartmentName123,86
98,twenty five,50000 ,2019-01-22,sales,-10
99,65,42037,2016-04-12,Marketing,72
100,,,2015-11-05, SALES ,86
101,54,62363,2018-07-18, SALES ,90
102, 30 ,24929,2018-03-21,sales,82
103,65,126144,2018-08-09,MKT,80
104,,149890,2021-11-02, SALES ,74
105,58,104843,2018-03-09,Hr,87
106,62,$60000,2019-03-23,Support,92
107,23,67425,2017-01-08,HR,
108, 30 ,24947,2023-08-05,MKT,
109,20,51133,2023-06-09,Support!!,
110,54,56932,2020-11-30,Engineering,58
111,41,50000 ,2024-07-18,,82
112,32,141958,2019-06-12,Marketing,55
113,63,38035,,Support!!,50
114,,89176,32/13/2020,HR,NaN
115,twenty five,50000 ,not_a_date,Hr,65
116,51,50000 ,2020-09-10,Marketing,52
117,40,116068,2023-08-27,MKT,235
118,61,43891, 2023-07-10 ,,79
119,50,53202,2017-02-21,Hr,71
120,65,64438,2020-07-30,human resources,96
121,29,30494,2018-06-09,Engg,NaN
122,40,100589,2019-07-22,human resources,59
123,26,68015,2021-05-12,Sales,73
124,173,52717,not_a_date,Engg,57
125,57,84382,2017-03-30,Engg,93
126,22,abc, 2023-07-10 ,VeryLongDepartmentName123,82
127,twenty five,68353,2021-03-09, SALES ,NaN
128,44,abc,,Support,-10
129,45,128972,2018-05-30, SALES ,64
130,34,55972,2021-11-21,Marketing,87
131,64,141101,2021-04-27,sales,
132,49,104136,2024-01-10,,93
133,47,60970,2023-03-27,,252
134,24,55058,,,
135,28,135222,2016-01-04,Engineering,63
136, 30 ,81680,2024-07-02,sales,96
137,43,50000 ,2024/05/01,Engg,-10
138,43,93116,2017-03-26,MKT,52
366,27,62987,2019-05-29,MKT,82
140,37,abc,,MKT,66
141,55,$60000,2024-06-07,Engineering, 85 
142,27,50000 ,2020-04-15,,83
143,42,89878,2022-07-31,,62
144,171,110471,2020-05-19,human resources,-10
145,27,$60000,2019-12-17,Support,-10
146,53,51779,2020-12-15,HR,NaN
147,26,40701,2024-11-16,VeryLongDepartmentName123,98
148,23,$60000,2015-06-02,VeryLongDepartmentName123,61
149,29,141377,2015-02-07,Hr,71
150,26,45272,not_a_date,Support!!,50
151,30,137577,2020-10-11,human resources,61
152,18,abc,2023-02-08,MKT,94
153,28,137324,2018-06-27,Support!!,64
154, 30 ,139642,2023-12-29,Support,88
155,63,34707,2020-09-01,HR,287
156,63,50000 ,2020-02-01, SALES ,53
157,43,,,human resources,53
158,twenty five,$60000,2019-09-18,human resources,74
159,26,43392,2016-06-05,Support!!,69
160,42,abc, 2023-07-10 ,,76
161,19,108083,2017-09-29,Support!!,84
162,36,95511,2023-08-31,Support,59
163,35,135305,2022-01-08,Support,72
164,38,59306,2024/05/01,Engg,95
165,44,, 2023-07-10 ,sales, 85 
166,56,44662,2023-02-14,Support,71
167,65,82773,2022-11-22,HR,99
168,37,85179, 2023-07-10 ,Engg,73
169,65,50000 ,2018-04-24, SALES ,-10
170,61,84044,2020-07-02,Engg, 85 
171,21,29742,2023-07-28,Sales,64
172,twenty five,107392,2022-05-24,Engg,76
272,36,108346,2017-01-04,sales,
174,twenty five,80161, 2023-07-10 ,HR,91
175,53,112123,,Support,56
176, 30 ,82324,2021-02-02,MKT,158
107,63,59226,2021-05-10,,98
178,192,129926,2023-08-16,MKT,70
140, 30 ,109088,2015-12-18,,95
180,58,67277,32/13/2020,Engg,73
181,44,50000 ,2023-10-19,human resources,NaN
182,33,3185670,32/13/2020,Hr,NaN
183,41,$60000,2017-03-11,Engg,75
184,39,127942,2021-08-31, SALES ,94
185,38,84357,2018-08-27,Engineering,86
186,53,143597,32/13/2020,,100
187,163,113747,2015-10-30,Engg,84
188,41,97833,2016-03-23,,-10
331,39,21382,2024/05/01,Support!!,86
190,61,65215,2018-04-25,Engineering,96
191,31,32795,2020-01-28,human resources, 85 
192,,,2024/05/01,Engineering,90
193,19,78926,2015-01-19,Support!!, 85 
194, 30 ,79972,,Marketing,89
195,47,112535,2024/05/01,MKT,65
196,50,95340,2020-06-16,Support,81
197,57,21256,,Marketing,81
198, 30 ,58284,2024/05/01,Hr,99
199,53,149878,2023-06-27,Sales,77
200,59,127050,2016-04-25,,87
201,28,126630,2021-05-24,human resources,60
202,137,137985,2016-07-09,,67
203,33,52447,2019-05-28,Engg,90
204,23,111056,2020-06-22,human resources,96
205,40,72129,2024-04-01,HR,68
206,49,119910, 2023-07-10 ,,
207,,134612, 2023-07-10 ,human resources,91
208,62,31953,not_a_date,Engg,83
209,25,37324,,sales,176
210,26,50000 , 2023-07-10 , SALES ,90
211,31,31362,2018-12-10,Engineering, 85 
212,56,23515,2024-10-27,Hr,62
213,,2618521,2020-12-03,VeryLongDepartmentName123,58
214,61,149416,2024/05/01,sales,50
215, 30 ,72727,2021-01-11,MKT,59
216,43,105175,2018-06-24,Support!!,77
217,21,117079, 2023-07-10 , SALES ,152
218,,116067,2024-12-09,human resources,66
219,twenty five,50000 ,2017-11-10,,57
220,50,70197,2016-09-06,Marketing,
221,64,$60000,2024/05/01,Sales,68
222,twenty five,50000 ,2021-12-25,HR,81
223,33,23133,2022-02-17,,50
224,24,75026,2016-08-06,Support!!,
225,41,80091,,sales, 85 
226,137,129038,2020-01-29,Hr,58
227,,35825,2023-08-22,HR,57
228,62,abc,not_a_date,human resources,281
229,46,32415,not_a_date,sales,64
230,59,140249,2024-02-12,HR,55
231,twenty five,76774,2020-07-25,Sales,
232,27,52215,,VeryLongDepartmentName123,272
233,51,91258,,,100
234,35,48707,2023-09-24,Hr,99
235,,140227,not_a_date,MKT,61
236,62,112202,2021-05-14,MKT,81
237,29,50000 ,2024/05/01,HR,70
238,27,132809,2019-03-11,Support!!,71
239,45,105089,2024/05/01,Support!!,-10
240,36,144359,2019-05-23,,-10
241,24,$60000,32/13/2020, SALES ,92
242,,abc,2023-10-29,Sales,60
243,42,133252,2022-09-15,HR,60
244,22,41090,2023-03-18,human resources,77
245,28,147716,2021-03-19,Support!!,288
246,53,abc,2018-04-21,,92
247,48,72096,2022-05-31,Hr,73
248,34,abc, 2023-07-10 ,Support,84
249,42,90190,2020-04-28,MKT,NaN
250,51,101300,, SALES ,58
41,,$60000,,Marketing,67
252,55,74321,2024/05/01,MKT,86
253,44,94976,2016-12-06,Hr,93
254,39,1996479,2015-03-24,human resources,81
255,32,78079,2018-01-08,Support!!,
256,51,87537,32/13/2020,Support!!,-10
257,,1241707,2022-11-26,HR,82
258,187,145897,2021-03-08,human resources,66
259,twenty five,122213,2022-04-05,HR,NaN
260,26,21109,32/13/2020,Support!!,74
261,132,72055,2024/05/01,Support,88
262,39,132917, 2023-07-10 ,VeryLongDepartmentName123,-10
263,38,105904,2017-11-28,VeryLongDepartmentName123,52
264,63,122878,2022-07-14,human resources,92
265,,93273,2022-08-16,VeryLongDepartmentName123,
266,39,80786,2024-07-18,,89
267,twenty five,134143,not_a_date,human resources,79
268,49,61079,,Hr,60
269,58,82573,2024/05/01,HR,70
270,51,$60000,2016-06-12,sales,60
271,47,64280,2016-07-02,human resources,60
272,,50000 , 2023-07-10 ,Support,90
273,52,22587,2019-09-04,Engg,80
274,18,106832,2024/05/01,Support!!,56
275,57,121968,2017-04-06,human resources,95
276,39,50737,2022-07-03,Engg,54
277,47,149586,2024-10-20,Sales,70
278,20,$60000,2019-11-28,MKT,71
279,35,82684,2024-12-08,, 85 
280,55,77430,2023-09-27,human resources,96
281,25,28301,2015-02-20,Support!!,86
282,51,32483,2017-10-15,Engg,-10
283,,84990,,human resources,53
284,33,95108,,Engg,97
285,53,123780,2022-02-24,Hr, 85 
286,32,120586,2023-01-14,Support, 85 
287,36,33935,2020-07-09, SALES ,-10
288,,2417396,2024-05-23,Support,78
289,twenty five,92512,2020-06-01,VeryLongDepartmentName123,61
290,56,135525,2021-10-30,VeryLongDepartmentName123,213
291, 30 ,59179,2024-08-26,human resources,62
292,61,145609,2022-10-14,Support,85
293,61,57477,2024-01-24,Sales,
294,,39192,32/13/2020,HR,NaN
295,32,51142,2023-12-16,Support!!,74
296,21,50000 ,2024-10-04,Engg,84
297,30,$60000,not_a_date,Support!!,77
298,116,142879,32/13/2020,MKT,86
299,51,123056,2024/05/01,Marketing,63
300, 30 ,127962,2015-02-06,sales,91
301,61,124360,2021-01-21,Support!!,99
302,36,50000 ,2016-11-16,,84
303,twenty five,$60000,2023-09-11,Engineering,59
368,39,43329,2017-11-25,Engineering,77
305,42,119085,2022-11-10,,56
306,36,71788,2020-04-25, SALES ,NaN
307,27,146532,2022-04-07,human resources,59
308,52,,2023-02-21,human resources,82
309,34,50000 ,2024/05/01,Engg, 85 
310,49,107988,32/13/2020,MKT,78
311,27,61462,32/13/2020,HR,91
312,39,67020,2021-03-09,sales,58
313,58,30022,2015-05-08,,87
314, 30 ,67948,2024/05/01,Support!!,82
315,,109674,2016-07-28,Engg,86
316,40,50375,not_a_date,Sales,100
317,20,112240,2018-01-25,,86
318,59,abc,2017-07-01,Marketing,72
319,,50000 ,not_a_date, SALES ,57
320,48,97436,2019-08-11,Sales,-10
321, 30 ,,2021-09-20,MKT,96
322, 30 ,48752,2016-08-07,,82
323,47,3477139,2019-04-28,HR,59
324,56,85972,,Support,99
325,20,143000,2023-08-15,Engineering,98
326,34,82539,2021-02-05,Engineering, 85 
327,54,abc,2016-09-25,Engineering,-10
328,twenty five,122732,2019-02-25,Marketing,273
329,60,$60000,2024/05/01,Engineering,89
330,63,81822,2015-09-20,Hr,64
331,36,,2015-02-13,HR,92
332,57,,not_a_date,sales,75
333,30,115176,2021-07-15,human resources,
334,,73363,2020-08-22,,100
335,54,abc,2020-03-02,VeryLongDepartmentName123,66
336,61,74057,2015-02-09,Support!!,NaN
337,29,137219, 2023-07-10 ,Support,65
338,,122097,2016-03-12,Support,98
339,38,137571,2020-07-03, SALES ,
340,45,85860,2022-09-12,,94
341,,abc,2017-02-05,Marketing,-10
342,44,131978,not_a_date,MKT,56
343,42,116802,2015-02-09, SALES , 85 
344,37,26253,not_a_date,Sales,90
345,142,53779,2018-11-10,human resources,91
346,199,116537,2019-04-10,MKT,59
347,57,29351,not_a_date,human resources,88
348,41,79020,2019-08-23, SALES ,97
349,23,82021,,Marketing,-10
350,33,36569,2016-11-29,Sales,70
351,53,111438,2024/05/01,Engg,90
352,32,67943,32/13/2020,Sales,58
353,twenty five,21197,2018-04-14,MKT,62
354,28,128583,2019-03-30,Engineering,89
355, 30 ,131867,32/13/2020,sales,67
356,27,26505, 2023-07-10 ,Engg,
112,49,24159,not_a_date,Sales,NaN
358,25,70436,2017-10-09,Support!!,99
359,61,40789,2023-05-09,VeryLongDepartmentName123,NaN
360,60,1473656,32/13/2020,MKT,50
361,62,31728,2017-10-15,Support,98
362,62,4319650,2021-04-06,,78
363,64,83609,2018-04-22,Marketing,
364,56,29027,32/13/2020,,50
365,19,101290,2015-09-17,Support, 85 
366,38,32616,2015-06-29,,62
367,twenty five,111922,32/13/2020,HR,
368,21,136710,2023-11-28,Support!!,96
369,51,89685,2024/05/01,Support,61
370,58,112084,2016-03-02, SALES ,82
371,46,92100,2019-08-16,,70
372, 30 ,4122987,2015-01-01,Support!!,83
373,32,121125,2024-03-22,Hr,86
374,26,52749,32/13/2020,sales,63
375,29,112123,2016-01-26,MKT,-10
376,45,134004, 2023-07-10 ,,90
377, 30 ,111457, 2023-07-10 ,Support!!,86
378,twenty five,82371,2021-02-23,Engineering,77
379, 30 ,94885,2023-04-02,Marketing,NaN
380,twenty five,62039,2015-04-10,,89
381,46,$60000, 2023-07-10 ,,65
382,27,63499,2017-05-17,HR,85
383,60,106969,not_a_date,Sales,89
384,22,$60000,2015-03-20,Hr,NaN
385,49,44434,2020-02-19,Marketing,-10
386,19,101950,2024/05/01,Hr,51
387,twenty five,1575713,2021-11-13,,86
388,52,96156,2017-04-08,,83
389, 30 ,93051,2016-04-29, SALES ,98
390,65,142322,not_a_date,sales,-10
391,56,67089,2020-05-06, SALES ,73
392,28,45330,2017-06-30,Support!!,54
393,38,76040,2021-10-26,Support!!,97
394,63,79193,2015-06-23,VeryLongDepartmentName123,97
199,21,135919,2018-03-17,Engg,60
396,46,43562,2022-10-22,Marketing,78
233,47,105010,2023-01-21,Support!!,NaN
398,64,40958,2015-06-29,,92
399,28,120745,not_a_date,sales,201
255,56,50000 ,2019-08-07,Engg,-10
401,31,$60000,2018-11-30,Support,55
214,57,95010,2020-02-09,Support!!,55
403,22,28509,2016-05-14,Support!!,83
404, 30 ,31491,2021-10-13,VeryLongDepartmentName123,70
405,26,115575,2024-01-23, SALES ,62
13,65,74346,32/13/2020,Marketing,
407,50,34920,2019-06-11,Support!!,62
408,48,83110,2024-09-13,Marketing,76
409,166,50000 ,2024-12-16,,67
410,28,98012,2023-06-06,Hr,67
411,37,34710,2023-09-21,HR,80
412,48,121650,2018-09-02,,83
413,166,97894,,VeryLongDepartmentName123,92
414,58,45237,32/13/2020,,
415,24,61744, 2023-07-10 ,,68
416,26,26613,2015-12-19,Engineering,87
417,40,113441,2020-12-25,sales,55
418,159,81000,not_a_date, SALES ,75
419,38,3044751,2020-03-04,,88
420,63,105124,2020-12-22,Engg,
421,,122801,2018-11-02,Marketing, 85 
422,25,92756,2016-12-22,Hr,93
423,60,,2023-06-20,Support,78
424,30,59286,2022-08-15,Hr,87
262,21,26963,2024-03-15,human resources,65
426,63,91449,2020-04-29, SALES ,73
427,60,$60000,,Support, 85 
428,45,75590,2019-04-25,human resources,50
429,35,68099,2021-05-16,Engg,NaN
430,51,122088,2015-11-17,Marketing, 85 
431,52,26917,2015-02-14,Engg,86
432,36,50000 ,2023-10-21,MKT,87
433,65,101830,2024-07-19,,214
434,56,39809,2024-01-22, SALES ,83
435,56,4446559,2023-08-22,Engineering,60
436,144,,2018-05-19,Engg, 85 
437,twenty five,78827,2020-12-11,Support,90
438,35,63904,2019-05-22,Engg,87
439,29,61060,,sales,72
440,36,50000 ,2017-06-07,MKT,57
441,59,137440,2017-11-03,Hr,67
442,38,56344,,human resources,66
443,30,2646828,,HR,95
444,109,2870164,2015-01-04,VeryLongDepartmentName123, 85 
445,twenty five,115389,2015-10-15,Marketing,94
446,40,27234,2022-04-04,sales,71
447,59,146813,2018-05-09,Support!!,72
448,26,50000 ,2015-09-16,,78
449,39,123255,2022-06-26,Marketing,-10
450,49,140326, 2023-07-10 ,Support,58
451,55,34965,2021-11-26,HR,97
452,54,146444,2023-11-23,MKT,235
453,53,50000 , 2023-07-10 ,MKT,NaN
454,63,74555,2023-08-31,Engg, 85 
455,,,2015-12-27,Support,50
456,24,149339,2020-03-16,,
457,48,85210,2018-03-13,HR,98
458, 30 ,83577,not_a_date,Support!!,62
459,38,1411310,not_a_date,sales,77
460,158,102840,2017-04-08,human resources,53
461,28,abc, 2023-07-10 ,MKT,64
462,31,56591,2023-04-04,,87
463,18,1185489,2015-05-18,Engineering,94
464, 30 ,73296,32/13/2020,HR, 85 
465,65,80786, 2023-07-10 ,Engineering,95
466,62,3226841,2024/05/01,Marketing,55
467,50,136389,32/13/2020,Engg,61
468,31,38141,2023-06-09,MKT,98
469,45,abc,2020-11-27,,93
470,61,143322,,sales,68
471,22,134687,2022-01-13,Sales,84
472,65,104500,2017-08-09,,71
473,62,80031,2023-11-08,Hr,216
474,47,41075,2017-01-16, SALES ,95
163,41,24546,2018-11-09, SALES ,60
476,49,141610, 2023-07-10 ,Marketing,68
477,54,115491,2016-04-05,Support!!,-10
478,32,78454,2021-07-17,Marketing,64
479,23,84286,2020-09-26,Sales,95
480,36,78402,2017-06-02,Support!!,68
481,44,31282,,,-10
482,35,113093,2016-07-14,HR,NaN
424,53,116974, 2023-07-10 ,, 85 
484,62,abc,2015-10-01,MKT,86
485,62,116070,32/13/2020, SALES ,NaN
486,145,145194,32/13/2020,Marketing,99
487,52,130755,2018-01-16,Support,-10
488,101,64605,not_a_date,Marketing,85
489,62,4366265,not_a_date,VeryLongDepartmentName123,94
490,39,117577,not_a_date,,69
491,25,119265,2019-11-02,Sales,80
492,34,140599,not_a_date, SALES ,
493,28,100341,2015-10-07,sales,95
494,52,,2020-04-28,human resources, 85 
495,45,48085,2016-05-21,Engg,283
496,192,79892,2022-09-15,,68
497,48,21675,2016-03-06,Engineering,55
498,24,42114,2017-03-26,human resources,NaN
499,55,124986,2018-12-29,Engg,82
500,twenty five,37643,2015-05-02,,61
501, 30 ,106649,2020-07-09,,NaN
502,52,24141,2016-05-02,Engineering,78
503,37,3961426,2019-05-13,Engg,81
504,48,93695,2024/05/01,Engineering,68
505,175,23525,2018-10-29,Engineering,72
506,,139326,32/13/2020,sales,193
337,44,97068,2019-03-28,MKT,81
508,50,41840,,HR,84
509, 30 ,$60000,2021-06-26,sales,-10
510,48,125398,2021-01-20,human resources,89
511,19,44450,2022-05-30,, 85 
512,54,,2017-09-11, SALES ,76
513,twenty five,,2017-08-25,Engineering,65
514,45,46475,2016-10-14,Hr,61
515,19,61144,2021-09-30,VeryLongDepartmentName123,55
516, 30 ,88414,2023-09-10,VeryLongDepartmentName123,55
517,39,125623,2019-09-29,HR,177
518, 30 ,61482,2022-08-28,HR,95
519,56,124718,2023-11-05,Support,69
520,61,132413,2019-05-29,VeryLongDepartmentName123,
521,59,73253,2020-07-06,Engg,71
522,50,115581,2018-08-31,Engg,91
523,26,abc,2016-03-29, SALES ,99
524,38,37499,2024/05/01,,NaN
525,54,140994,2022-01-10,HR, 85 
526,56,abc,2016-04-25,Sales,79
527,,122514,,Engineering,88
528,44,23771,2017-08-22,MKT,93
529,38,47815,2019-09-30,Support!!,-10
530,40,125152,2024-01-31,Sales,74
531,53,,2018-10-21,VeryLongDepartmentName123, 85 
532,27,147581,32/13/2020,VeryLongDepartmentName123,66
533,28,120096,2022-05-16,Support,78
534,twenty five,141530,32/13/2020,Support!!,57
535,31,,2018-01-22,MKT,92
536,22,32360,2018-03-10,Support,87
537,24,82895,2018-01-08,MKT,52
538,64,47704, 2023-07-10 ,Hr,85
539,29,31690,2016-10-29,Engineering, 85 
540,65,109779, 2023-07-10 ,sales,NaN
541,45,68265, 2023-07-10 ,Engineering,79
542,49,31006,2015-11-21,VeryLongDepartmentName123,
543,36,140232,2020-09-22,Engineering,96
544,34,$60000,2023-10-26, SALES , 85 
545,60,64739,2017-05-14, SALES ,56
546,18,110676,2023-05-07,MKT,89
547,37,,2022-10-21,HR,59
548,52,80742,2015-03-31,sales,78
549,55,1844474,2016-02-25,Support,81
550,36,87286,2022-08-11,VeryLongDepartmentName123,83
296,twenty five,50000 ,2022-10-28,Engineering,
552,55,98918,2022-05-14,Engg,74
553,48,,2015-12-20,Support,
554,49,59800,2017-12-04,human resources,-10
33,,abc,2023-08-18,Sales,
556,63,124724,2023-06-23,sales,52
557,,abc,2020-09-03,Engg,175
558,46,20863,2020-04-24,human resources,279
559,33,75275,,Engineering,83
560,18,29120,2019-07-04,,60
561,21,124735,2018-04-26,Engineering,96
562,51,4860649,2024-12-14,Marketing,100
563, 30 ,117000,2024/05/01,Hr,69
564, 30 ,abc,2020-08-31,sales,66
565,40,20683,2017-08-25,,90
566,36,95073,,Marketing,-10
567,twenty five,128584,2020-05-04,HR,83
568,34,77682,2020-06-28,Support!!,
569,50,,2023-05-16, SALES ,57
570, 30 ,35432,2019-03-14,Hr,
571,153,$60000,2024/05/01,human resources,86
572,48,37407, 2023-07-10 ,Engg,59
573,60,137996,2015-07-07,Support,60
574,63,104399,2024/05/01,Marketing,83
575,25,146140,not_a_date,HR,84
576,43,64558,2019-04-14,Hr,84
577,27,108946,32/13/2020, SALES ,51
578,44,50000 ,2024/05/01,,67
579,48,139765,2024/05/01,MKT,-10
580,46,46667,2019-03-10,Marketing,77
581,twenty five,105597,,Hr,74
582,50,50000 ,2021-04-25,Engineering,96
583, 30 ,109404,2023-06-11,Support!!,219
584,62,99794,2020-05-05,Support,94
585,43,126962,2016-05-20,human resources,99
586,30,78271, 2023-07-10 ,human resources,90
587,twenty five,2522528,2017-05-06,Sales,251
588,60,99032,2024/05/01, SALES ,-10
589,30,$60000,2017-11-01,Support,NaN
590,38,55918,2020-03-26,Engg,96
591,38,20676,2015-04-14,Support!!,65
592,39,23148,2018-10-01,,
593,33,101207,2022-01-05,Engg,87
594,62,4282656,2022-01-08,Engineering,85
595,twenty five,106471,,Engg,89
596,47,34156, 2023-07-10 ,sales,58
597,64,,not_a_date,Hr,91
598,27,64944,2015-02-03,Marketing,-10
599,30,46379,not_a_date,Support,71
600,44,63072,2020-07-24,Support,63
601,39,72469,2015-01-28,human resources,85
602, 30 ,147835,32/13/2020, SALES ,71
603,,22751,2019-04-02,Support,63
604,60,124729,2024-11-06,Support!!,
605,41,103380,2023-07-23,MKT,68
606,131,146928,2017-05-07,Support!!,89
607,59,88012, 2023-07-10 ,human resources,81
608,55,,2019-06-10,HR,86
609,26,50000 ,2018-12-11,Engg,79
610,42,54815,2022-03-28,Hr,55
611,112,,2018-05-24,Support!!,-10
612,34,abc,2019-07-20,,82
613,,123019,2023-02-07,,70
614,44,93196,2021-06-23,,50
615,44,119987,2018-05-12,human resources,52
616,56,71234,,sales,84
617,23,43283,2021-10-07,Engg,NaN
618,22,21447,2019-08-10,Engineering,NaN
619,31,4650928,2020-04-28, SALES ,87
620,30,128079,2017-10-08,Marketing,79
621,twenty five,123854,2024-03-26,,-10
622,29,$60000,not_a_date,Hr,90
623,44,abc,2020-08-28,,60
624,22,80542,2019-06-24,,251
625,47,50000 ,, SALES ,60
626,56,30169,2022-08-06,Hr,63
627,61,104018,2016-02-26,Engineering,88
396,,69105,2015-03-01,human resources,62
629,20,abc,2017-02-15,MKT,77
630,29,21570,not_a_date,sales,73
454,56,123712,2017-10-28,sales,94
632,58,148191,2015-10-04,human resources,82
633,18,137542,2023-04-11,Engineering,53
634,twenty five,$60000,2019-12-23,Support!!, 85 
635,44,104940,2018-09-18,human resources,92
636,56,44057,2015-09-22,,53
637,,142134,2017-04-17,Engineering,96
638,37,103309,,sales,80
639,27,119867,2015-12-07,, 85 
640,36,29429,,HR,-10
641,44,68908,2022-03-10,MKT,57
642,twenty five,118510,2022-12-14,Engg,91
643,twenty five,102700,2022-10-27,Support,NaN
644, 30 ,21617,2022-03-24,Support!!,55
645,twenty five,146836,2019-04-17,MKT,96
646,40,,2018-06-15,Sales,60
647,36,abc,2017-03-22,Engg,78
648,,4184167,2022-01-01,sales,90
649,55,119684,32/13/2020,,52
650,51,4193391,2021-10-11,Engineering,71
651,42,134436,2015-01-13,Engg,58
63,33,106360,2019-08-20,Support,70
185,46,116889,2018-11-27,Engineering,68
654,54,24160,2015-12-23,Hr,79
655,52,$60000,,Support!!,70
656,60,36134,2024/05/01,Support, 85 
657,56,139297,2023-02-17,Engineering,77
658,32,97620,2016-04-20,MKT,74
659, 30 ,75535,2023-12-11,Support,88
660,twenty five,58905, 2023-07-10 ,Engg, 85 
661,37,$60000,2024-04-17,HR,74
662,31,49500,2024-09-14,,69
663,53,82052,2019-05-21,sales,
664,150,125522,2022-12-16,Hr,78
665,,$60000,2022-08-10,,77
666,twenty five,50000 ,2019-11-12, SALES ,90
667,29,110674,2016-01-03,, 85 
668,18,86813,2024/05/01,MKT,56
669,59,,2023-01-02,VeryLongDepartmentName123, 85 
285,49,90645,2022-04-23,sales,57
671, 30 ,25130,2022-04-27, SALES ,55
672, 30 ,106266,2015-01-01,Marketing,78
673,40,110168,2015-07-03,HR,
674,170,75314,2017-12-03,Engineering,55
675,27,$60000,2022-10-25,Support,91
676,27,23396,32/13/2020,sales,76
677,39,,,HR,57
678,49,94993,32/13/2020,MKT,NaN
679,52,72776,2017-11-27,Sales,92
680,21,68516,2022-08-09,MKT,267
681,twenty five,141085, 2023-07-10 ,,70
682,,143845,2021-03-19,VeryLongDepartmentName123,77
683,50,111472,2021-11-29,HR,94
684,60,135386,2015-06-23,MKT,98
685,,75407,2019-03-09,sales,99
686,34,94559,32/13/2020,VeryLongDepartmentName123,52
687,57,66385, 2023-07-10 , SALES ,NaN
688,27,20905,2017-10-21,HR,73
689,24,77587, 2023-07-10 ,Engineering,95
690,twenty five,24142,2020-05-17,Support,85
691,twenty five,130501,2016-03-25,sales,155
692,130,76928,,sales,
693,29,52421,2017-03-23,Engg,82
694,27,50065,2016-08-21,Engineering,51
695,32,28041,2015-07-31,Hr,72
696,29,$60000,,Hr,66
697,24,120986,32/13/2020,Support!!,73
698,23,$60000,2024/05/01,VeryLongDepartmentName123,NaN
699,37,46476,2015-06-29, SALES ,66
700,46,4008682,2020-11-15,VeryLongDepartmentName123,155
701, 30 ,44928,2020-07-20,Support,60
702,42,,not_a_date,MKT,100
703,34,$60000,2016-12-01,HR,52
704,35,47521, 2023-07-10 ,human resources,95
705, 30 ,102045,32/13/2020,HR,96
706,62,134036,2021-03-06,HR,63
707,64,138248,not_a_date,Engg,NaN
708,182,4713020,2015-10-12, SALES , 85 
709,64,118362,2016-03-26,,50
710,58,$60000,2022-12-07,sales,86
711,27,55056,2015-03-28,,56
712,,39316,2017-07-14,VeryLongDepartmentName123,95
713,25,56937,32/13/2020,sales,88
714,29,$60000,2024-03-02,Hr,NaN
715,18,121945,not_a_date,Engineering,57
716,135,66217,2020-05-25,Support!!, 85 
717,52,127663,2021-07-07,Support!!,94
718,189,22248,2016-07-01,VeryLongDepartmentName123,73
719,53,51784,2015-08-17,Support!!,95
720,45,106867,2024/05/01,,
721,44,$60000,2022-11-01,Hr,78
722,,99190,not_a_date,Sales,79
723,63,55628,2016-05-27,Support!!,64
724,22,61050,2024-04-11,Engineering,91
725,113,23676,2024/05/01,sales,98
726,30,50000 ,,Sales,230
183,38,147644,2016-02-03,human resources,
408,20,1676218,2016-01-18,Support!!,91
729,50,88588,2023-10-22, SALES ,77
365, 30 ,94304,2016-02-03,,69
731,163,42245,2018-12-18,sales,79
732,46,105235,2019-01-28,,89
733,57,109417,2017-12-12,VeryLongDepartmentName123,91
734,18,4577992,2024-07-29,sales,92
735,47,34302,2017-03-28,Engineering,88
736,35,144326,not_a_date,human resources,99
737,31,144865,2018-01-10,Hr,90
738,46,107771,2017-11-28,sales,69
739,52,$60000,2022-10-09,MKT,88
740,27,143072,2023-04-06,Support!!,NaN
741,twenty five,149530,2024-08-12, SALES ,87
742,44,98766,not_a_date,HR,73
743,50,4639641,2019-08-23,Engineering,77
744,47,50000 ,2019-04-12,Hr,94
745,24,3724723,2023-06-07,MKT,82
746,twenty five,92297,,sales,91
747,150,55076,2018-06-13,,50
748,,88021,2018-07-24,human resources,65
749,43,95740, 2023-07-10 ,Engineering,70
750,,122797,2022-01-13,VeryLongDepartmentName123,291
751,58,50000 ,2015-11-19,MKT,58
752,29,58918,2017-10-01,Support!!,92
753,58,34540,2016-05-17,sales,
754,31,22877, 2023-07-10 ,sales,70
755,46,102734,2016-04-25,human resources,88
756,25,45276,2016-09-16,HR,51
757,26,144941,2021-03-08,Support,81
758,,56842,2024/05/01,Hr,81
759,35,99599,2021-05-12,human resources,52
760,56,146503,2015-05-03,sales,61
761,41,21262,2023-01-15,human resources,70
762,56,50000 ,2024-11-27,,91
763,30,85359,2019-09-22,sales,265
764,33,149493,2018-03-10, SALES ,83
331,44,abc,32/13/2020,Engg,94
766,25,33466,2015-04-30, SALES ,96
767,111,20647,2017-11-29,VeryLongDepartmentName123,161
768,42,,2016-06-01,human resources,76
769,33,147972,2023-03-13,Engg,173
770,33,46986,,Sales,79
771,,87361,2018-07-01,Support!!,56
772,46,122238,32/13/2020,Engineering,86
773,65,2008992,,Support,57
774,27,63743,2019-02-23,sales,77
775,151,76828,2022-04-01,HR,57
776,35,113824,2016-02-19,HR,60
777, 30 ,,2021-12-23,Engg,94
778,,146123,2019-10-19,human resources,54
779,48,52441,2020-04-19,MKT,83
780,199,84312,2021-02-13,Hr,NaN
181,51,138248,2016-04-06,Hr,51
782,27,50000 ,2019-10-31,human resources,NaN
783,46,54774,2018-09-18,Engineering,67
784,39,3568455,2023-11-20,human resources,81
785,51,107073,2018-03-26,sales,63
786,115,129328,not_a_date,human resources,99
787,,58116,32/13/2020,HR,56
788,54,125431,not_a_date,Hr,69
789,47,134808,2016-07-21,Marketing,93
790,44,139610,,sales,69
791,57,58449,2019-05-28, SALES ,98
792,106,50000 ,2021-05-05,Engg,57
793,21,93668,2016-07-12,HR,69
794,30,50000 ,2024-11-13,HR,82
795,twenty five,130326,2024-03-19,MKT,89
796,,42383,2021-02-17,HR, 85 
797,35,34068,2019-10-07, SALES ,86
798, 30 ,66494,2023-02-09,Engg,72
799,63,42871, 2023-07-10 ,Support!!,100
800,22,69351,2017-01-08,MKT,83
801,55,72923, 2023-07-10 , SALES ,81
802,64,,2023-06-23,Engineering,57
384,56,,,Engineering,62
804,,89275,2015-12-19,MKT,
805,52,109438,2023-03-03,Support,
806,57,125066,2022-01-05,Engineering,-10
807, 30 ,abc, 2023-07-10 ,human resources,54
808,50,91557,2021-07-15,Engg,NaN
809,,141133,2024-11-06,Sales,-10
810,40,98400,2015-11-27,VeryLongDepartmentName123,67
811,32,59769,2017-07-21,Sales,62
812,19,3022381, 2023-07-10 ,Engineering,85
813,twenty five,140333,,Support!!,50
814,,abc,2024-12-26,HR,80
815, 30 ,126617,2024-08-18,HR,99
816,35,33681,2019-08-10,Support!!,
817,53,127004,not_a_date,Support!!,51
818,twenty five,27827,2019-04-22,Engg,52
819,52,90981,2015-04-17,VeryLongDepartmentName123,66
820,39,133474,2023-04-01,,96
821,54,54091,2020-03-29,Support!!,67
822,52,25060,32/13/2020,Support,-10
823,19,146600,2024-06-20,Marketing,63
824,22,abc,2016-06-05,HR,-10
825,29,96007, 2023-07-10 ,HR,51
826,56,50000 ,2019-12-23,HR,93
827,27,67223,2022-04-24,human resources,60
828,19,abc,2023-04-28,Marketing,63
829,27,30281,2017-07-08,MKT,96
830,51,106402,2018-07-22,Hr,
831,65,78328,2019-08-07,human resources,54
832,46,,,Support,100
833,twenty five,102920,2017-01-06,VeryLongDepartmentName123,NaN
834,65,129295,not_a_date,sales,74
835,53,abc,2021-08-19,MKT,52
836,58,57917,2016-07-05,Support!!,82
837,61,77486,2021-08-05,Hr,NaN
838,55,57389,2023-06-29, SALES ,97
839,35,33037,2018-11-23,Hr,60
840,32,,2023-06-19, SALES ,84
841,19,50000 ,2020-11-03, SALES ,95
842,49,56497,2018-12-19,,70
843,65,112642,2015-06-07,Engineering,85
844,58,2031436,2022-07-21,HR,
845,36,118231,2017-05-27,Engg,52
846,55,89528,2024-11-04,Hr,81
847,48,abc,2018-08-25,HR,NaN
848,43,83404,2020-06-26,MKT,210
849,38,71298,2019-06-21,Hr,64
850,32,,2021-11-17,MKT,51
851,148,92468,2020-10-25,HR,
852,,48261,2015-02-25,Sales,NaN
853,20,52415,2015-05-19,,58
854, 30 ,74444,2024/05/01,MKT,100
855,45,abc,32/13/2020,Support,77
856,171,52062,,Support!!,95
857,43,82495,32/13/2020,human resources,
858,,88603,2023-07-13,HR,276
859,54,55146,2024/05/01,,91
860,53,30673,2015-11-14,Engineering, 85 
861,25,42376,2020-06-18, SALES ,50
862,61,136594,2016-11-10, SALES ,89
863,48,141514,2024-07-23,VeryLongDepartmentName123,80
214,18,$60000,2018-09-17,sales,54
865,18,1807993,2019-02-13,MKT,85
866,,,2016-06-02,,74
867, 30 ,42033,2017-06-05,sales,NaN
868,21,75758,2018-05-24,Marketing,NaN
869,37,30249,2017-05-26, SALES ,77
870,61,105471,32/13/2020,,63
871,65,88944,32/13/2020,human resources,82
872,134,111160, 2023-07-10 ,Sales,80
873,48,91511,32/13/2020,Sales,61
874,25,28169,2024/05/01,Hr,93
875, 30 ,21857,2024-05-24,Support,-10
876,35,50000 , 2023-07-10 ,,229
877,23,35238,2016-01-06, SALES ,100
327,,143555, 2023-07-10 , SALES ,68
879,32,,2017-11-28,Support!!,217
880,46,42344,2021-07-25,Engineering,94
881,31,92300,2018-01-06,sales,NaN
882,29,62335,2022-05-20,MKT,90
883,39,44525,2020-03-27,Marketing,89
884,43,$60000,2020-05-30,Support,
885,35,23742,2018-05-16,VeryLongDepartmentName123,-10
886,21,120377,2020-02-22,Engineering,
887,29,50957, 2023-07-10 ,Marketing,
888,62,69321,2017-09-21,,
889,64,90007,2022-07-06,Support!!,-10
890,50,118524,2022-03-29,HR,
891,29,1632281,2015-05-23,Hr, 85 
892,40,4073043,2016-10-20,human resources,93
893,43,4235316,2016-04-19,MKT,80
894,,70262,2016-09-07,Sales,-10
895,155,80325,2024/05/01,Support,93
896,169,abc,2021-09-06,sales,75
897,,56004,2022-09-23,MKT,52
898,41,30323,2023-05-27,Hr, 85 
899,45,94828,2021-11-26,Marketing,53
900,45,44341,2015-07-07,MKT,67
107,26,123580,2017-06-25,HR,-10
902,55,90969,2021-04-03,Sales,78
903,,108209,2015-11-18,Support,55
904,38,40434,2021-12-31,human resources,98
499,33,69601,2016-05-20,sales,75
906,65,66140,2024/05/01,Hr,92
907,50,132598,2020-03-15,Hr,61
908,47,32887,2019-09-09,Engineering,89
909,23,143927,2017-10-20, SALES ,73
308,30,abc,2016-12-18,Engg,68
911,47,149723,2020-03-04,Marketing,71
912,22,$60000,2020-04-09,,66
913,56,77477,2015-09-02,Hr,95
914,25,119344,2023-11-17,sales,92
915,33,80062,2017-09-29,,NaN
916,189,39401,not_a_date,VeryLongDepartmentName123,68
917,37,58650,2022-10-18, SALES ,66
918,27,$60000,2020-10-17,Engineering,91
919,42,42167,2016-12-19,Engg,54
920,126,35675,,Engg,100
921,32,abc,2024/05/01,Marketing,53
922,,52124,2020-02-12, SALES ,55
923,26,,2021-07-08,Engg,100
924,58,33090,2021-09-16,Engg,NaN
925,59,100532,2015-01-03,Hr,81
926,36,50000 ,2022-08-08,Marketing,57
927, 30 ,81670,2018-06-01,sales,84
928,,61945,2016-02-26,Support,59
929,28,40595,2020-04-24,Support,67
930,37,115251,2018-07-15,Engg,98
931,40,4377969, 2023-07-10 ,HR,215
219,65,50000 ,2016-03-13,sales,80
933,20,145793,2018-02-21,MKT,87
934,36,$60000,2023-09-11,Support!!,87
935,,106598,2024-03-01,Hr,94
936,41,135944,,HR,93
937,19,76011,2023-12-14,Sales,82
938,50,90622,32/13/2020,Support,85
939,23,105219,2023-08-09,Support,97
940, 30 ,110778,2019-11-07,VeryLongDepartmentName123,50
941,102,,2018-08-30,Marketing,86
942,,47019,2024-06-21,Sales,54
943,30,55530,2017-06-08,,NaN
944,65,131960,2017-03-24,HR,57
945,64,,2023-04-22,MKT,63
946,50,20951,2019-06-28,,69
947,62,71076,2018-01-30,Support!!,
948,26,28019,2024-09-18,Support!!,76
949, 30 ,126210,2022-07-01,,69
950,19,136499,not_a_date,VeryLongDepartmentName123,98
951,51,4763082,,Engg,88
952,34,67917,2016-01-30,Engg,
953,65,136250,not_a_date,Hr,79
954,35,4772911,2021-07-01,Support!!,100
955,29,4333516,,Engg,86
956,52,105912,2018-10-13,human resources,81
957,184,abc,2021-02-03, SALES ,57
958,137,149015,2020-08-29, SALES , 85 
959,40,93778,2015-07-12,,94
960,24,132583, 2023-07-10 , SALES ,67
497,51,81342,32/13/2020,Sales,92
962,22,38847,2023-07-29,,91
963,124,56204,2016-05-20,Support!!,59
964,186,abc, 2023-07-10 ,MKT,69
965,27,139341,2018-01-19,Sales,NaN
966,49,119412,2021-10-07,MKT,92
967,58,130405,2017-10-27,Support,66
968,twenty five,97474,2016-03-01,,86
969,56,104237,2016-04-26,,95
970,20,131703,2020-11-11,Sales,51
971,39,125106,2024-07-11,VeryLongDepartmentName123,72
972,21,103205,2016-10-19,HR,97
973,49,100793,2024-05-18,HR, 85 
974,58,54692,2018-12-07,human resources,60
975,50,119191,2019-06-19,MKT,94
976,27,72003,2016-02-29,,55
977,33,55885,2024-05-05,Support!!,78
978,,83343,2021-03-28,Marketing,83
979,42,148701,2017-12-15,Engineering,65
980,26,112069,2021-06-29, SALES ,84
981,63,127620,2021-06-10,,81
982,twenty five,abc,2016-08-28,sales, 85 
983, 30 ,143567,2017-05-31,Support,93
984,50,50000 ,2024-09-03,Sales,72
985,twenty five,52610,2017-01-04,,81
986,twenty five,70783,2022-10-23,Engg,237
987,49,,2022-04-05,Support,56
988, 30 ,42087,2020-12-07,Sales,51
989,22,50000 ,not_a_date,human resources,86
990,29,78340,2021-01-10,VeryLongDepartmentName123,69
991,55,85228,2021-11-16,VeryLongDepartmentName123,85
992,22,51385,2023-11-27,Engineering,NaN
993,55,106967,2020-11-29,MKT,98
994,46,$60000,2019-03-25,sales,70
995,36,89147,2024-04-27,Hr,91
996,168,90485,2022-09-03,,61
997,,136962,2015-10-26,Support!!, 85 
998,20,,2024-04-28,human resources,73
999, 30 ,135598,2022-12-18,, 85 
1000,44,130445,2020-06-22,Hr,75
393,32,,2017-01-21,Marketing,66
1002,52,54275,2019-06-06,,81
1003,24,1959006, 2023-07-10 ,,73
1004,20,147730,2023-02-17,human resources,
1005,30,3701698,2020-09-01,sales,71
1006,22,57723,2024/05/01,human resources,76
1007,64,38807,2015-01-25,Engineering,NaN
1008,20,$60000,2021-05-29,Support,74
1009,57,103453,2016-09-19,Engg,242
1010,28,abc,,Support!!,58
1011,44,79285,2020-03-13,human resources,58
1012,,115591,2019-01-28,VeryLongDepartmentName123,100
1013,,79286,2023-09-08,,
1014,51,23124,2024/05/01,Support,93
1015,30,52204,2023-07-21,VeryLongDepartmentName123,98
1016,61,32722,2024-10-01,Sales,72
1017,22,96473,2018-10-18,Support!!,85
1018,52,93618,2022-11-06,Hr,92
1019,26,82505,2021-07-28,Support!!,61
1020,54,31142,2016-12-26, SALES ,59
1021,38,123098,2023-12-19,Engg,73
1022, 30 ,abc,not_a_date,Support!!,77
1023,60,50000 ,2024/05/01,Sales,NaN
1024,62,63992,2024-07-28,,58
1025,49,2118505, 2023-07-10 ,VeryLongDepartmentName123,51
1026,131,51056,2023-09-26,Sales,71
1027,twenty five,107154,2015-08-19,Support!!,55
1028,,70711,2017-02-28,Engg,61
1029,21,30427,2017-12-14, SALES ,94
1030,124,$60000,2021-09-29,Engineering,223
1031,59,,,human resources,77
1032,63,139862,2021-10-16,Support,295
1033,37,117644,not_a_date,Sales,79
1034,47,1640406,2024-10-17, SALES ,90
1035,60,,,Engg,51
1036,53,50000 ,2019-11-18,,53
1037,63,,2024-01-05,HR,275
1038,57,, 2023-07-10 ,human resources,80
1039,31,139294,2022-02-09,VeryLongDepartmentName123,86
1040,38,139456,2021-11-01,HR,51
1041,57,80645,2023-03-01,Hr,62
1042,35,82094,2021-12-17,Engg,70
1043,30,145531,2018-04-25,Support!!,82
1044,18,abc, 2023-07-10 ,,99
1045,53,61168,2020-02-11,Hr,-10
1046,115,61322,2021-03-03,Sales,75
1047,197,25161,2023-02-08,Support!!,54
1048,,66803,32/13/2020,,53
1049,53,78785,32/13/2020,HR,85
330,20,,32/13/2020,human resources,251
1051,53,28907,,Sales,73
1052, 30 ,101630,32/13/2020,Marketing,98
1053,34,79198,2022-04-22,Support,82
412,31,117946,2022-07-24,HR,53
1055,34,48417,2024-08-25,human resources,74
1056,28,98215,2022-06-25,,50
1057,35,69993,2016-10-15,sales,
1058,twenty five,105672,2017-12-12,Engg,97
1059,19,50000 ,2018-01-11,Sales,96
1060,42,128848,2015-02-24,MKT,67
1061,161,,2024-02-02,Sales,77
1062,63,abc,2020-02-12,, 85 
1063,38,42801,2020-03-29,human resources, 85 
1064,41,abc,32/13/2020,Support,93
1065,58,102928,2024-07-18,,100
1066,twenty five,91302,2021-06-15,Sales,60
1067,49,124452,2019-06-06,Marketing,250
1068,32,129359,2017-02-10,Support!!,81
1069,33,47426,2024-02-19,HR,51
1070,twenty five,66860,2022-10-29,MKT,63
1071,58,3488632,2018-12-10,Sales,74
1072,57,109764,2019-04-06,Sales,84
1073,58,118179,,Sales,95
1074,18,108505,2024/05/01,Engg,278
1075,21,50000 ,,Hr,160
1076,22,20746,2024-01-18,Support,
1077,32,144261,not_a_date, SALES ,NaN
1078, 30 ,91235,2015-05-18,Hr,54
1079,43,,2016-05-10,MKT,84
1080,,96299,32/13/2020, SALES ,97
1081,35,,2024-08-25,Engg,80
1082,58,29295,2024-08-14,Marketing,54
1083,58,abc,,Sales, 85 
1084,32,50000 ,2019-07-24,Support,-10
1085,44,,2019-02-22,Hr,71
1086,37,83935,2024-05-31,Support!!,88
1087,23,89827,2015-09-15,Hr,68
1088,38,65680,32/13/2020,Marketing,-10
1089,26,44899,2022-12-28,Marketing,NaN
1090,36,$60000,2024-12-13,Support,NaN
1091,27,53387,2019-05-30,Sales,66
1092,35,54825,2022-01-16,Engg,74
1093,26,25378,2016-06-05,, 85 
1094,57,,2024/05/01,MKT,72
1095,38,1922211,2015-03-13, SALES ,67
1096,twenty five,41711,2018-02-18,sales,77
1097,32,$60000,2023-04-16,VeryLongDepartmentName123,247
1098,51,50000 ,2019-12-17,MKT,63
1099,43,73097,32/13/2020,VeryLongDepartmentName123,80
1100,61,70969,2019-04-10,Sales,77
1101,144,42091,2022-03-26,Marketing,52
1102,23,50000 ,2017-10-22,sales,68
1103,29,88224,2015-10-01,MKT,100
1104,twenty five,50965,2017-03-11,MKT,95
1105,twenty five,43451,2017-02-04,HR,60
1106,21,1566017,2017-09-17,,67
1107,63,118895,, SALES ,81
1108,43,104849,2021-10-16,MKT,83
1109,26,50000 ,2016-04-18,MKT,73
250,twenty five,78974,2023-07-05,Support!!,59
117,47,46829,2020-03-12,HR,59
1112,22,87182,2024-09-27,,62
1113,50,55338,not_a_date,Support,NaN
1114,38,50000 ,,,52
1115,50,69535,2019-12-07,Support!!,
1116,20,,2017-03-04,Engineering,66
1117,28,1157122,,VeryLongDepartmentName123, 85 
1118,41,53827,2024-12-21,VeryLongDepartmentName123,70
1119,55,50000 ,2017-07-15,,71
1120,43,125076,not_a_date,Marketing,65
1121,50,74957,2015-11-29,HR,92
1122,45,24010,2016-04-29,Hr,81
1123,twenty five,50000 ,not_a_date,MKT,56
1124,twenty five,$60000,2022-04-08,Sales,195
1125,62,25299,2018-09-14,sales,52
1126,49,100666,2024-04-30,MKT,-10
1127,50,110312,32/13/2020,Support,72
1128,43,124104,2018-08-30,HR,
31,twenty five,57024,2018-08-03,MKT,57
1130,55,137386,2019-01-31, SALES ,53
437,twenty five,122724,2020-01-16, SALES ,98
1132,,83818,2016-08-29,Sales,81
1133,30,113240,2019-03-08,human resources,82
1134,65,3118044,2021-08-15,MKT,96
1135,36,57288,2024/05/01,Support,76
1136,173,abc,2024-07-22,Sales,298
118,46,51323,2018-01-25,Marketing, 85 
1138,56,96044,2021-03-12,Hr,74
1139,30,63093,,Sales,96
1140,44,115572,2023-07-31,VeryLongDepartmentName123,94
1141,25,,2023-11-28,,NaN
1142,52,$60000,2021-11-21,human resources,74
1143,57,28314,not_a_date,Marketing, 85 
1144,45,126405,not_a_date,MKT,97
1145,49,62233,2015-06-21,Sales,198
341,65,132984,2020-03-13,MKT,87
1147,64,119822,2018-07-22,HR,68
55,26,40058,2019-08-15,sales,243
1149,102,133967,2021-10-05,MKT,242
1150,,96313,2023-07-13,Marketing,55
1151,52,58999,2023-06-09,VeryLongDepartmentName123,76
1152,26,97110,,Sales,56
1153,33,$60000,2016-03-01,Support, 85 
1154,44,55823,2023-09-15,,53
1155,51,50000 ,2018-03-24,Hr,66
1156,43,110610,2024-02-18,Support,65
1157,65,4067095,2018-02-06,sales,95
1158,39,$60000,2024-09-28,human resources,83
1159,,134026,2022-06-05,HR,77
2,45,46717,32/13/2020, SALES ,68
1161,40,,2024-05-31,Engg,
1162,59,50000 ,2016-08-15,sales,94
1163,65,72915,2017-10-29,,86
1164,51,62909,2021-03-18,Engineering,
1165,45,96833,2022-07-06,,56
1166,38,81785,32/13/2020,Engg,51
1167,32,4634580,2023-04-14,sales,58
1168,20,73626,2022-03-18,MKT,
1169,52,51615,2018-02-08,Marketing,81
1170,24,141216,,Support!!,85
1171, 30 ,, 2023-07-10 ,Sales,
1172,twenty five,49573,2017-04-16,human resources,77
1173,18,,2019-09-18,sales,
1174,28,92744,2021-08-20,VeryLongDepartmentName123,60
1175,31,100078,2018-02-17,human resources,99
1176, 30 ,50000 ,2016-06-03,VeryLongDepartmentName123,84
1177,59,37723,2021-01-16,VeryLongDepartmentName123,64
1178,33,50000 ,32/13/2020,human resources,52
1179,32,,2019-09-26,Support!!,289
1180,39,122242,2022-09-30,Sales,
1181,,77537,2022-04-06,human resources,72
1182,50,54184,not_a_date,MKT,68
1183,119,61171,2020-09-08,Engineering,79
134,39,56055,,MKT,67
1185,41,50000 ,2021-03-13,Support!!,
1186,57,121235,2024-08-07,VeryLongDepartmentName123,83
1187,34,50000 ,2017-12-07,Support,91
1188,33,120119,2015-09-20,Engineering,67
1189,64,107752,2019-07-28,Hr,NaN
1190,51,abc,2015-06-17,,90
1191,36,4663585, 2023-07-10 ,human resources,68
1192,48,56672,2024/05/01,,51
1193,53,128844,2016-07-03,Engg,71
352,36,47385,2017-03-06,,95
1195,24,79604,2024-11-07,,
1196,49,62338,,,98
1197,38,50000 ,2021-03-13,Support!!,
1198,39,,2015-02-23,HR,90
1199, 30 ,140150,2022-08-17,HR,72
1200,22,103792,2016-03-21,Marketing,-10
1201,twenty five,40667,2020-09-02, SALES ,71
1202,22,58528,2019-07-27,Support!!,99
1203,45,88070, 2023-07-10 , SALES ,62
1204,41,31584,2015-04-22,Engineering, 85 
1205,198,86725,2024/05/01,sales,85
1206, 30 ,128972,2024/05/01,Sales,99
1207,60,89285,2017-05-18,HR,57
1208,62,86505,2021-07-07,Support!!,
1209,55,98361,2022-01-07,Engineering,99
1210,56,119756,2024-12-20,Marketing,73
1211,172,50000 ,2021-12-09,,56
1212,45,142883,2022-11-05,Sales, 85 
1213,29,143605,2024/05/01,HR,83
1214,196,145831,2016-04-27, SALES ,71
412,40,$60000,2024/05/01,Engineering,90
1216,45,135643,2024-01-20,Marketing,98
1217, 30 ,121337,2018-01-18,Support,60
1218, 30 ,136029,2019-05-14,sales,54
1219,19,50000 ,2018-02-17,sales,70
1220, 30 ,78106,2016-08-11,Sales,244
1221,36,1680787,,,72
409,64,70393,2021-05-04,Support!!,66
480,22,1819015,not_a_date,VeryLongDepartmentName123,60
1224,23,,2024/05/01, SALES ,NaN
1225,47,65215,not_a_date,Engg,289
1226,38,58537,2020-09-21,Engineering,65
1227,43,,2020-08-08,Support,54
83,55,$60000,, SALES ,81
1229,45,50000 ,2024-07-05,Marketing,70
1230,46,$60000,2022-02-20,Engineering,94
1231,51,122221,2019-03-21,Marketing,60
1232,28,106449,32/13/2020,Marketing,75
1233,29,50000 ,2023-06-20,MKT,99
1234,52,22118,2016-10-10,,94
1235,64,86500,2018-05-06,VeryLongDepartmentName123,89
1236,36,86523,2023-06-04,VeryLongDepartmentName123,
1237,48,106078,2024/05/01,Engg,89
1238,49,91037,2021-06-11,VeryLongDepartmentName123,59
1239,30,$60000,2020-11-17,Sales,100
1240,21,119033,2021-12-12,human resources,51
1241,29,69090,2024/05/01,Engineering,250
1242,,50000 ,2018-01-07,,62
1243,28,140061,32/13/2020,Support!!,71
1244,55,65000,2022-09-12,human resources,82
1245,19,54452,2021-04-07,human resources,99
1246,128,$60000,2015-11-02,VeryLongDepartmentName123,60
268,35,abc,2015-12-28,human resources,266
1248, 30 ,82371,2020-11-18,sales,70
492,27,34300,2023-11-20,sales,NaN
1250,48,129433,2015-01-28,Hr,-10
1251,,139654,2019-09-01,Sales,100
1252,,86874,2022-07-04,Hr,77
1253,57,59916,2015-12-06,,51
1254,105,$60000,not_a_date, SALES ,70
1255,20,75795,2022-08-25,sales,-10
1256,63,131456,2017-06-28,Engineering,68
1257,195,112233,2018-03-25,HR,
1258,24,135168,2022-01-11,Hr, 85 
47,49,80710,not_a_date,,55
1260,200,117888,2017-12-24,Engg,-10
1261,50,117242,2022-05-17,Marketing,85
1262,59,$60000, 2023-07-10 ,Support!!,61
1263,,48062,2016-12-02,sales,92
1264,53,,2022-11-17,HR,84
1265,53,116615,2017-06-15, SALES ,75
1266,49,43653,2024-07-05,,-10
1267,,119581,2023-01-23,sales,70
1268,,147413,32/13/2020,Engineering,61
23,56,81027,2024-09-07,MKT,94
1270,40,71687,2023-06-02,,160
1271,54,34349,not_a_date,HR,55
77, 30 ,32120,32/13/2020,Support,-10
1273,48,85518,2016-04-16, SALES ,96
1274,twenty five,38302, 2023-07-10 ,Support,NaN
1275,29,106732,2023-07-10,Engg,97
1276,45,69844, 2023-07-10 ,VeryLongDepartmentName123,56
1277,122,71745,2018-10-12,,58
1278, 30 ,146835,2024-06-01,,63
1279,62,121759,,sales,220
1280,26,47788,2016-10-01,Sales,77
1281,53,50000 , 2023-07-10 ,Support!!,87
117,51,64877,not_a_date,, 85 
1283,20,73154,2023-08-14,Support,100
1284,61,75727,not_a_date,Hr,177
1285,18,87394,2016-05-17,,56
1286,49,91352,2024-02-10,Support!!,59
1287,63,50000 ,2016-02-21,HR,71
1288,51,46148,2016-04-12,Support!!,NaN
1289,46,53260,2020-07-25,Marketing, 85 
1290,46,136606,2016-09-01,sales,
1291,62,75779,2018-09-15,Support,100
1292,47,36295,2021-07-26,HR, 85 
1293,35,107518,not_a_date,Sales,-10
1294,43,84595,2022-03-01,HR,76
1295,twenty five,39456,2015-07-21,Engg,
1296, 30 ,96397,2021-11-05,Engg,66
1297,,127454,2016-03-08,sales,92
1298,58,138218,2023-12-18,sales,98
1299,55,78796,2015-04-02,Support!!,68
1300,22,137199,2016-07-20, SALES ,72
1301,46,142225,2015-09-10,,76
1302,,31157,2016-01-10,,82
1303,,138464, 2023-07-10 ,,92
1304,35,113504,2016-04-27,,NaN
461,twenty five,110561,2018-09-27,Support!!,NaN
1306,29,50000 ,2018-03-05,,65
1307,twenty five,2310274,32/13/2020,sales,186
1308,52,50000 ,2017-12-25,Marketing,64
1309,43,118683,2021-06-16,sales,54
1310,25,114997,2023-06-22,MKT,63
1311,twenty five,148583,32/13/2020,human resources,280
1312,41,84958,2024/05/01,sales,62
1313,44,$60000,2023-05-20,sales,282
1314,20,115615,2020-03-06,,85
1315,24,101598,2022-01-10,Engineering,92
1316,43,60844,2018-07-03,Support!!,66
1317, 30 ,43669,2023-10-05,Engg,74
1318,twenty five,28109,2021-01-11,,63
1319,59,54066,2015-08-17,Engineering,-10
1320,37,89514,2019-03-17,Support,77
1321,34,142079,2024-09-13,human resources,51
1322,32,99771,2017-09-20,,NaN
1323,twenty five,64106,2021-10-08,MKT,50
1324,,,2019-10-20,VeryLongDepartmentName123,58
1325,24,30363,2024-07-20,Marketing,90
1326,52,87668,2020-07-18,Marketing,61
1327,18,,2017-12-13,, 85 
1328,106,82747,32/13/2020,Support!!,84
284,181,,2022-10-16,,66
1330,twenty five,57382,2023-04-19, SALES ,
1331, 30 ,148077,2021-12-17,Support!!,99
1332,59,84131,2024/05/01,Marketing,80
1333,22,52366,32/13/2020,Support!!,-10
1334,50,,2024-11-17,Hr,94
1335,63,86211,2015-10-02,,67
1336,twenty five,127406,2022-09-20,sales,100
1337,64,50000 ,,Marketing,97
1338,55,135972,2021-09-18,Sales,94
1339,twenty five,,2024-08-31,Support!!,74
1340,,97646,not_a_date,HR,86
1341,43,50000 ,2020-10-18,,85
1342,28,21953,2024/05/01,Engineering,52
1343,53,113698,2024/05/01,sales,100
1344, 30 ,51977,2021-08-12,Marketing,67
1345,182,97162,2023-11-11,sales,52
1346,123,97113,2015-11-02,human resources,92
1347,twenty five,140080,not_a_date,Hr,56
1348,48,68140,2017-03-08,Engineering,-10
1349,57,80176,not_a_date,Marketing,90
1350,60,29522,2024/05/01,Engineering,54
1351,33,37393,2023-07-27,human resources,61
1352,18,94925,2015-10-26,,70
1353,36,38083,2024/05/01, SALES , 85 
1354,59,143203,2016-12-26, SALES ,87
1355,34,140094,2024/05/01,human resources,52
1356, 30 ,68125,2022-12-19,MKT,NaN
1357,21,,2020-04-09, SALES ,89
1358,64,143904,2016-10-21,Support!!,
1359,52,68908,2015-08-30,,98
1360,18,136117, 2023-07-10 ,sales,97
1361,twenty five,46163,2015-06-29,,50
1362,59,122918,2018-09-02,Support!!,59
1363,53,74018,32/13/2020,Hr,96
1364,27,abc,2017-05-23,VeryLongDepartmentName123,168
181,32,abc,2023-10-15,,83
1366,27,abc,2023-05-11,Engineering,64
1367,50,43183,2019-04-17,VeryLongDepartmentName123,58
1368,twenty five,71573,2018-10-06,human resources,60
1369,56,138268,2015-06-24,Engg,92
1370,24,143391, 2023-07-10 ,Sales,95
1371,,$60000,2017-08-15,human resources,50
1372,117,66837,2015-02-13, SALES ,76
1373,40,109966, 2023-07-10 ,VeryLongDepartmentName123,236
428,63,50000 ,32/13/2020,Support!!,64
1375,twenty five,147118,2015-02-19,HR,298
1376,50,57252,32/13/2020,Support,91
1377,52,51933,2018-10-26, SALES ,52
1378,18,76160,2015-10-29,Marketing,52
1379,62,145359,2021-05-24,,73
1380,47,40601,2017-06-11, SALES ,54
1381,twenty five,50000 ,2017-11-09,Support,59
1382,24,24187,,,50
1383,50,53197,2019-12-24,HR,50
1384,47,93737,2021-02-02,Engg,55
1385,37,,2024-11-22, SALES ,72
1386,47,36525,2016-04-14,sales,-10
97,24,106540,2024/05/01,,81
1388,45,4241368,2018-09-23,Marketing,70
1389,28,50000 ,2020-10-17,,80
1390,22,40260,2020-05-18,VeryLongDepartmentName123,280
1391,26,41300,2024/05/01,HR,90
1392,27,abc,2022-05-06,HR,83
1393,41,111894,2023-04-02,Support, 85 
1394,62,37115,2019-01-11,, 85 
1395,164,71887,2017-03-18,human resources,78
1396,24,100098,not_a_date,MKT,93
1397, 30 ,96289,2017-06-12,sales, 85 
1398,43,125048,2024-09-27,Engineering,73
1399,43,25318,,VeryLongDepartmentName123,75
1400,34,3751577,2022-09-06,Hr,86
1401,42,,2019-04-28,sales,NaN
1402,53,,2024-07-14,Marketing,81
1403,65,103816,2024-03-15,Support!!,66
1404,26,147678,2022-06-23,Sales,
1405,33,67951,2020-08-07,Engineering,67
1406,62,abc,2021-07-31,Support!!,90
1407,45,132360,2023-03-02,MKT,54
1408,116,$60000,2024-05-28,VeryLongDepartmentName123,71
1409,176,130656,not_a_date,Sales,220
1410,twenty five,26899,2022-04-19,Marketing,
1411,37,79350,2022-05-18,, 85 
1412,64,127734,2016-08-04,VeryLongDepartmentName123,85
1413,31,56616,2019-11-09,VeryLongDepartmentName123, 85 
1414,twenty five,133992,2022-08-03,Sales,71
1415,47,72468,2017-02-10,HR,79
1416,40,142215,32/13/2020,human resources,52
472,29,,2024-06-30,HR,258
1418,31,102253,not_a_date,VeryLongDepartmentName123,NaN
1419,twenty five,98765, 2023-07-10 ,Support,96
1420,60,39445, 2023-07-10 ,,62
1421,177,110897,2024-04-29,HR,
1422,20,81543,2015-07-06,Marketing,100
1423,30,1161792,2016-05-25,human resources,-10
1424,49,76982,2020-12-27,,70
1425,,38564,2020-09-13,Sales,68
1426,60,114025,2022-09-08,Support,72
1427,57,26463, 2023-07-10 ,,65
1428,35,56146,2015-01-26,Engg,-10
1429,27,48803,2019-07-02,Support,92
1430,41,56287,2019-01-20,human resources,
1431,45,148103,2022-07-20,human resources,-10
1432,55,79095,2024-01-10, SALES ,58
87,22,32595,2016-01-03, SALES ,86
1434,57,104838,2021-05-08,Marketing,NaN
1435, 30 ,4231674,2023-07-29,Sales,83
1436,40,47263,2022-10-31,Support!!,69
1437,19,122975,2017-01-14,HR,57
1438,49,abc,2023-12-19,VeryLongDepartmentName123,68
216,37,85065,,MKT,55
1440,45,abc,not_a_date,human resources,52
1441,57,34406,2022-04-16,human resources,64
1442,47,abc,not_a_date,Engg,65
1443, 30 ,94700,2019-05-31,human resources,65
1444,196,53737,32/13/2020,MKT,88
1445,34,49676,2024-11-01,Engineering,93
1446,,75067,2020-05-07,Support!!,84
1447,35,33075,2016-06-12,Sales,NaN
1448,51,$60000,2018-10-11,Engg,58
6,twenty five,28400,2017-07-04,MKT, 85 
1450,31,132521,2020-12-05,Support!!,-10
1451,53,30339,2015-10-09,Hr,62
1452,23,92185,not_a_date,Hr,60
1453,,44000,2022-05-11,sales,NaN
1454,61,127682,2015-05-14,Marketing,59
1455,21,31753,2020-06-18,Engg,62
1456,21,123727,2015-07-12, SALES ,67
1457,39,119454,not_a_date,Marketing,59
1458,31,46792,,Engg,57
1459,18,121699,2018-11-23,,53
1460,59,,2023-08-19,Hr,
1461,105,124799,2023-12-10,VeryLongDepartmentName123, 85 
1462,36,77586,2019-08-22,VeryLongDepartmentName123,99
1463,49,62089,2021-09-26,VeryLongDepartmentName123,217
1464,46,102434,2024-10-12,VeryLongDepartmentName123,-10
490,42,113403,2023-02-16,Support!!,90
1466,29,33071,2020-10-04,Sales,85
1467,65,4586372,2023-12-13,Support,87
1468,29,137623,2023-07-28, SALES ,74
1469,29,57914,, SALES ,66
1470,30,20197,2017-03-11,HR,51
1471,55,2386610,2015-02-12,,93
1472,30,53735,2017-01-14,Engineering,-10
1473,twenty five,124174,32/13/2020,MKT,75
1474,26,115043,32/13/2020,sales,99
1475,38,72720,2020-03-12,Support,61
1476,29,63938,2024/05/01,Sales,62
1477,20,131629,not_a_date,sales,
1478,200,34765,2016-09-21,,81
1479, 30 ,92911,32/13/2020,Hr,93
407,50,103660,2024-04-30,human resources,74
1481,65,36947,not_a_date,sales,77
1482,29,abc,2020-12-18,HR,NaN
1483,25,78525,2019-07-23,MKT,83
1484,25,,2019-08-06,Sales,53
480,195,134421, 2023-07-10 ,Sales,-10
1486,190,3890347,2016-12-01,Support,53
1487,28,142363,2016-12-27,,82
1488,31,137981,32/13/2020,Support,98
1489,24,146501,2023-09-18,HR,62
1490, 30 ,49334,2020-03-03,Support!!,70
1491,twenty five,84619,2023-02-10,human resources,-10
1492,59,78273,2024/05/01,Support!!,76
1493,182,116262, 2023-07-10 ,,74
1494,28,128715,,HR,60
1495,twenty five,3669514,not_a_date,MKT,90
1496,37,101098,2021-04-22,Sales,93
1497,54,50000 ,2023-12-29,Marketing,65
1498,39,90311,2019-04-09,Hr,66
1499, 30 ,62816,2016-12-01, SALES ,52
1500,21,55462,2019-01-08,Marketing,-10
1501,39,90891,2024/05/01,Support!!,97
1502,33,78599,2015-02-22,Sales,204
1503, 30 ,abc,2024/05/01,Hr,NaN
1504,54,139797,2022-05-01,sales, 85 
1505,31,36105,32/13/2020,Hr,52
1506,45,127282,2019-03-13,Engineering,182
1507,twenty five,,2018-09-20,HR,51
1508,37,62687,2021-09-26,Engineering,
1509,23,$60000,not_a_date,Support!!,
1510,22,51041,2022-02-07,Engg,67
1511,193,62104,2017-01-11,MKT,228
1512,50,31014,32/13/2020,VeryLongDepartmentName123,53
1513,twenty five,120228,2018-12-31,,83
1514,twenty five,112055,2020-02-25,HR,88
1515,52,50000 ,2024-10-19,, 85 
1516,20,136604,2021-03-30,sales,80
1517,38,36020,2019-08-01,human resources,96
1518, 30 ,109857,32/13/2020,,NaN
1519,43,abc,, SALES ,NaN
1520,39,96786,2023-11-12,sales,71
1521,32,64614,2016-11-01,Marketing,68
1522,183,87725,2024-05-31,Support,78
1523,39,118858,2024/05/01,Support!!,57
1524,56,102732,not_a_date,Hr,-10
1525,39,140049,2024-02-04,sales,63
1526,51,,2024/05/01,Marketing,57
1527,49,abc,2021-06-19,Support!!,60
1528,41,75735,2017-06-24,, 85 
1529,64,$60000, 2023-07-10 ,Engineering,
1530, 30 ,82168,32/13/2020,human resources,52
1531,52,114002,32/13/2020,Sales,NaN
1532,51,72698,2015-11-20,HR,88
1533,57,abc,2024-10-19,,68
1534,42,2575269,32/13/2020,,65
1535,,81805,2020-06-14,,99
1536,33,69507,2024-01-20,,95
1537,38,50000 ,2018-05-12,Engineering,57
343,twenty five,,2019-09-26, SALES ,176
1539,55,47710,2021-06-13,,66
1540,62,42692,2024-08-16,Hr,67
1541,33,90469,2016-07-10,,62
496,25,129988,2023-09-13,Support!!,
1543,31,117964,2017-06-30,Support!!,98
1544,18,34774, 2023-07-10 ,,
1545,20,,2015-12-15,MKT,58
389,twenty five,55666,2016-10-15,Hr,91
1547,37,38900,,Sales,97
1548,29,2565290,not_a_date, SALES , 85 
1549,24,24645,2020-11-23,Engineering,NaN
280,28,122109,32/13/2020,,76
1551,44,21307,2021-10-13,human resources,
1552,twenty five,44839,2022-05-04,Engg,
1553, 30 ,4710279,2020-07-23,Sales,95
1554,49,34543,2020-02-06,Hr,59
1555,26,$60000,32/13/2020, SALES ,63
1556,55,78468,2024-11-27, SALES ,
1557,32,30341,2024-03-05,Hr, 85 
1558,52,37224, 2023-07-10 ,sales,55
1559,62,90236,2020-05-15,Marketing,58
1560,50,53923,2017-08-03,Engg,86
1561, 30 ,25716,2023-04-07,Support!!,99
1562,64,122946,2018-02-15,Marketing,78
1563,,55955, 2023-07-10 ,,
1564,65,abc,2023-07-16,HR,-10
1565,43,100240,2024/05/01,MKT,57
1566,43,102283,2016-07-22,Support,97
1567,54,100973,2021-01-28,,55
1568,34,70922,2021-08-11,Marketing,67
1569,23,31162,2024/05/01,Marketing,71
1570,54,$60000,not_a_date,human resources,NaN
165,34,55826,2019-12-14, SALES ,-10
1572,,32006,2016-07-18,Support,99
1573,43,85640,32/13/2020,Support!!,100
1574,28,4903018,2015-03-13, SALES ,85
1575,53,29102, 2023-07-10 ,human resources, 85 
1576,21,80902,2015-04-07,Sales,83
1577,,$60000,2018-12-08,sales,66
1578,twenty five,145268,2023-03-12,VeryLongDepartmentName123,96
449,,48673,2019-04-18,,71
1580,58,60517,2017-11-28,HR,55
1581,168,36543,2017-01-20,Engineering,76
1582,43,56183,2021-12-20,VeryLongDepartmentName123,78
1583,twenty five,95783,2019-01-21,Sales,56
1584,37,abc,not_a_date,Hr,97
1585,27,76731, 2023-07-10 ,,86
1586,35,31526, 2023-07-10 ,Support!!,84
1587,18,60202,2021-07-31,,82
1588,35,23040,2024-09-17,,56
1589,111,56564,2017-02-02,HR,53
1590,33,$60000,2019-04-27,Sales, 85 
1591,55,26487,32/13/2020,Sales,NaN
1592,49,81162,2019-08-27,Sales,98
1593,40,118468,2017-11-24,sales,90
1594,18,1505331,2024/05/01, SALES ,
1595,18,98478,not_a_date,Engg,57
1596,48,,2023-07-03,MKT,NaN
1597,32,93355,2024-09-06, SALES , 85 
1598,50,abc,2017-03-06,,NaN
1599,20,120062,2024-06-30,Engg,51
1600,22,52231,2019-02-02,Support!!,97
1601,42,21264,2017-06-10,,100
1602,25,95744,32/13/2020,Marketing,206
1603,22,49967,32/13/2020,VeryLongDepartmentName123,73
1604,62,52121,2021-11-21,,55
1605,35,120756,2024-03-13,,57
1606,65,37932,2020-01-14,VeryLongDepartmentName123,58
1607,50,40285,2022-03-04,Sales, 85 
1608,45,68471,,Engg,78
1609, 30 ,125579,2020-05-22,Marketing,96
1610,32,136479,2019-12-17,,95
1611, 30 ,2393896,2016-08-27,VeryLongDepartmentName123,69
1612,26,69446,,sales,63
1613,26,50000 ,2024-05-16,Engg,92
1614,51,43116,2023-10-01,human resources,210
1615,56,95721,2018-09-02,MKT,99
99,44,85561,2020-08-09,Support!!,NaN
1617,33,39288,not_a_date,,63
1618,,83195,2019-02-28,Support,81
1619,28,34944,2024/05/01,Engineering,291
1620,18,43484,not_a_date,Support!!,50
1621,35,4476345,2021-02-15,Engg,55
1622,20,143386,not_a_date,HR,61
1623,25,93819,2019-11-10,HR,86
204,133,149320,2022-11-02,MKT, 85 
1625,23,127773, 2023-07-10 ,Sales,53
1626,43,79456, 2023-07-10 ,Hr,66
1627,46,91582,2015-01-12,Engineering,98
1628,19,94061,2021-09-03,Sales,73
1629,35,24534,not_a_date,human resources,62
1630,,125560,2015-09-01,sales,68
1631,32,126582,2018-03-12,Support!!,98
1632,,4855137,2024/05/01,Sales,84
1633,115,50000 ,2018-09-27,,89
1634,,29863,2021-08-05,human resources,67
1635,59,3375474,2023-12-08,sales,NaN
1636,32,2681002,2020-04-23,human resources,75
1637,57,120460,2024/05/01,MKT,70
1638,35,132729,2018-07-25,sales,58
1639,58,140235,2016-07-26,Hr,97
1640,50,53341,2018-08-09,Support!!,97
1641,48,103105,2017-03-23,HR,85
1642,21,91159,,Hr,82
1643,30,147488,2019-11-26,Support!!,
261,60,abc,2022-02-24,,-10
1645,120,,2022-06-11,VeryLongDepartmentName123,253
1646,152,31880,2023-11-22, SALES ,-10
1647,56,42313,2015-06-12, SALES ,252
1648,30,57360, 2023-07-10 ,HR,89
1649,52,abc,2015-12-22,MKT,94
495,twenty five,56829, 2023-07-10 ,Support!!,77
1651, 30 ,21930,2020-03-11, SALES ,78
1652,61,136137,2016-04-14,Sales,91
1653,63,137955, 2023-07-10 ,HR,92
1654,44,75311,2023-11-11,Hr,88
1655,39,22591,2020-07-18,MKT,294
1656,,abc,2016-11-20,HR,71
1657,46,41693,2023-09-01,Marketing,98
1658,twenty five,116199, 2023-07-10 ,Sales,236
1659,35,56507,2021-08-13,MKT,64
1660,21,103242,2018-04-17,HR,83
1661,twenty five,130525,2018-12-10,VeryLongDepartmentName123,79
1662, 30 ,122517,2018-05-01,VeryLongDepartmentName123,83
1663,27,41880,2015-02-15,,94
1664,,76151,2015-05-30,HR,77
1665,twenty five,22916,2022-11-10,,61
1666,48,121725,2023-08-25,Marketing,77
1667,56,4466389,,HR,94
1668,43,124702,2015-03-31,,58
1669, 30 ,30190,2022-08-28,Support!!,63
1670,,137481,not_a_date,,-10
1671,52,93643,2018-08-15,VeryLongDepartmentName123,64
1672,18,60365,,MKT, 85 
1673,33,,2022-03-05,MKT,154
1674,42,abc,2017-02-16,Sales,83
1675,50,,not_a_date,,84
1676,18,104003,2022-08-08,sales,98
1677,34,114727, 2023-07-10 ,Marketing,NaN
1678, 30 ,59104,2015-07-16,HR,52
1679,,74344,32/13/2020,,51
1680, 30 ,144703, 2023-07-10 ,Engg,NaN
1681,64,132535,,Engineering,75
1682,47,42967,32/13/2020,Hr,88
1683,39,83511,2015-01-25,Support!!,92
1684,31,73454,2020-02-22,human resources,152
1685, 30 ,20100,2018-04-17,HR, 85 
1686,twenty five,111738,2023-11-09,human resources,65
1687,50,$60000,2020-08-03,HR, 85 
1688,32,125748,2022-01-03,Marketing,58
1689,60,138630,2024/05/01,Engineering,86
1690,22,94605,2017-02-13,VeryLongDepartmentName123,87
1691,55,144695,2017-06-01,human resources,75
1692,57,76862,2017-10-08,Hr,194
1693,56,50000 ,not_a_date,Engineering,50
1694,62,130110,2015-10-03,,68
1695,54,95354,2022-02-16,,-10
1696,60,$60000,2022-10-27,human resources,
1697,49,124909,2017-12-05,Marketing,-10
1698,41,72730,2019-02-01,HR,76
1699,48,139977,2023-08-26,Hr,229
1700,,83197,2024-07-15,Engineering,NaN
1701,121,119296,2017-01-04,Sales,97
1702,,3031214, 2023-07-10 , SALES ,NaN
1703,49,145667,2016-06-11,,50
1704,56,24471,2023-10-05,human resources,92
1705,35,abc,2015-10-28,Marketing,72
1706,24,54153,2021-12-11,Engineering, 85 
1707,48,50000 ,2023-12-26,Sales,69
1708,33,91556,2024/05/01,Sales,75
1709, 30 ,92703,2018-02-15,Support,84
1710,56,2417448,2022-12-15,MKT,71
1711,,99285,2015-08-07,,82
1712,20,$60000, 2023-07-10 ,MKT,94
1713,,126267,2016-01-30,human resources,85
84,43,24239,2023-12-16,Support,190
1715,twenty five,56505,2022-10-30,,93
1716,58,127855,2023-03-06,HR,100
1717,twenty five,119476,2015-01-12,human resources,NaN
1718,138,78775,,Marketing,53
1719,45,36943,2022-03-10,sales,91
1720,,149556, 2023-07-10 ,HR,
135,47,111241,2024-08-13,sales,52
367,twenty five,84618,2017-11-21,,185
1723,39,50000 ,2016-05-09,Support!!,72
1724,43,,2019-02-28, SALES ,53
1725,twenty five,38289,2015-05-05,Engg,90
1726,,67968,2015-10-18,human resources,
1727,24,50000 ,2019-03-10, SALES ,63
1728,34,54631,2017-05-25,sales,79
1729,54,$60000,2020-12-17,Engineering,75
1730,25,abc,2017-12-16,Support,85
1731,29,110972,2023-12-27,Support!!,55
1732,24,51705,not_a_date,Support!!, 85 
1733,54,37481,not_a_date,,87
1734,33,49338,2018-10-17,Support, 85 
1735,54,49878,2020-10-15,Hr,185
1736,27,$60000,2018-08-08,,94
1737,46,99868,2024/05/01,HR,NaN
1738,29,101974,2016-06-09,Engg,63
1739,20,59156,2024-01-01,Engg,53
1740,28,37730, 2023-07-10 ,,69
1741,twenty five,86366,2019-09-18, SALES ,77
1742,twenty five,148727,2023-11-26,,96
1743, 30 ,33695,2021-08-01,Support!!,97
1744, 30 ,$60000,2021-08-10,Support!!,50
1745,31,134346,not_a_date, SALES ,66
1746, 30 ,89948,2022-05-29,,85
1747,32,117165,2024-10-26, SALES ,83
1748,58,80436,2020-07-06,sales,58
1749,48,147471,,Marketing,96
1750,41,148390,2024-10-02,Hr,70
1751,54,135814,2015-01-16,,NaN
1752,,37355,32/13/2020,human resources,76
1753,51,118514,2020-07-14,human resources,NaN
1754,46,74385,2016-06-27,Hr,76
1755,,54080,2021-08-08,MKT,
1756,19,abc,2015-06-21,Support!!,
1757,179,$60000,2019-08-12,,84
1758, 30 ,121824,2024/05/01,Sales,88
1759,26,40035,not_a_date,human resources,69
1760,twenty five,149480,2015-02-28,MKT,64
1761,55,25918,2019-11-06,Sales, 85 
1762,40,119969,2018-02-22,MKT,269
1763,46,89807,2021-11-02,human resources,NaN
1764,30,114884,2018-08-03,,94
1765,28,42061,2023-04-07,Support,89
1766,48,32931,2017-02-27,Support!!,87
1767,59,137115,2020-04-03,Marketing,
1768,44,23067,2017-08-22, SALES ,NaN
1769,19,49884,2021-06-05,Sales,67
1770,46,56774,2020-01-04,MKT,NaN
1771, 30 ,91387,2015-06-12,,54
1772,21,86837,2022-01-12,Engineering,63
1773,31,145761,2019-06-21,sales,93
1774,56,116760,2024-01-20,Marketing,91
1775,59,,2022-04-11,,74
1776,21,3458434,2024/05/01, SALES ,64
1777,45,79522,32/13/2020,Sales,82
1778,32,110507,,Engg,92
1779,39,120615,2015-05-15,human resources,89
1780,63,abc,2021-01-10,HR,69
1781,24,148159,2024-07-17,Sales,78
1782,52,96386,2024-10-14,Engg,59
1783,40,3149069,2018-04-16,Sales,77
1784,22,100367,2023-07-04,Engg,72
1785,28,39307,2016-03-03,Marketing,63
1786,39,106755,2024-03-19,HR,74
1787,147,,2019-05-13,Sales,NaN
1788,64,95012,2022-04-17,sales,-10
1789,22,30082,2019-07-15,MKT,68
1790,37,70672,2022-11-28,MKT,NaN
1791,26,36433,2022-06-14,Support,51
1792,65,96695,2017-02-05,sales,78
1793,44,20196,2023-05-17,Engineering,65
1794,32,25192,2017-05-05,Support!!,76
1795,twenty five,62912,2018-02-04,,75
1796,40,71832,2018-06-12, SALES ,NaN
1797, 30 ,116346,2021-11-13,Support,60
1798,34,126416,2024/05/01,human resources,71
1799,35,53530,2020-05-24, SALES ,64
1800,32,56174,2022-10-20,sales,
1801, 30 ,97286,2015-09-18, SALES ,-10
1802,45,26785,2019-03-12,Marketing, 85 
1803,55,31050,,Marketing,50
1804,24,102688,2018-05-18, SALES ,76
1805,twenty five,52032,2019-03-05,Hr,61
1806, 30 ,104807,2022-10-19,Sales,58
1807,,24806,2017-11-14,human resources,51
1808,31,36872,2018-02-12,Sales,-10
1809,twenty five,$60000,2015-07-09,,66
1810,30,,2016-04-23,,-10
1811,,2276239,2018-05-05,MKT,61
1812,35,50000 ,,Support,65
1813,41,50415,2023-09-07,sales,75
1814,35,145886,2017-10-05,,NaN
1815,41,96232,2018-03-27,VeryLongDepartmentName123,75
1816,,111712, 2023-07-10 ,VeryLongDepartmentName123,71
1817,twenty five,59034,2015-12-02, SALES ,94
1818,32,$60000,2018-09-07,Marketing,-10
402,27,103743,2023-06-08,VeryLongDepartmentName123,54
1820,50,122447,2022-10-16,Engg,NaN
1821,48,121353,2018-01-26,Marketing,85
1822,42,35443,2018-03-15,Engineering,69
1823,150,149957,2019-05-11,,75
1824,,125712,2018-05-16,Sales,66
1825,25,139412,2021-05-12,Engg,93
350,,1465305,2024/05/01,Sales,65
1827,23,abc,2022-06-20,Engineering,67
1828, 30 ,31614,2023-03-03,,52
1829,twenty five,113110,2015-12-07,,91
1830, 30 ,74656,2021-02-07,Sales,88
150,30,142491,2017-12-05,VeryLongDepartmentName123,
1832,60,141653,2024/05/01,Engineering,80
1833,25,$60000,2018-06-21,VeryLongDepartmentName123,79
1834,51,57922,2024/05/01,Engg,81
1835,31,86856,2018-04-21,,65
1836,49,106195,2024/05/01,Hr,57
1837,23,140596,2019-11-10,Support,-10
1838,143,116940,2015-01-09, SALES , 85 
1839,56,50000 ,2021-10-12,Hr,88
1840,55,64660,2022-06-10,VeryLongDepartmentName123,99
1841,64,2911280,2019-01-21,Engineering,73
1842,105,4518317,2019-09-21,, 85 
1843,twenty five,108121,2024-01-08,,
209,25,106455,not_a_date,Marketing,
1845,27,99429,2015-05-11,Sales,-10
1846,56,65485,32/13/2020,HR,60
1847,51,35421,2022-06-16,human resources,88
1848, 30 ,abc,2024-09-20,Support!!,89
1849,24,3750567,2020-02-04,Hr,61
1850,57,119091,2021-04-09,Support,64
1851,,101338,2019-12-27,Hr,50
1852,40,97641,2023-08-13,Sales, 85 
215,21,40083,2021-02-03,Engineering,50
1854,twenty five,137136,32/13/2020, SALES ,
1855, 30 ,103233,2017-03-07,Engg,60
1856,twenty five,139196,2024-10-29,,
1857,132,55901,2016-05-31,Hr,75
1858,47,141656,2024-05-09,Engg,246
1859,,abc,2019-01-09, SALES ,84
1860,20,38326,2017-01-22,VeryLongDepartmentName123,56
1861,,2266828,2016-12-25,VeryLongDepartmentName123,87
1862,48,,2023-06-06,Sales,87
1863,40,1775722,2015-07-19,sales,63
1864,23,$60000,2024/05/01,Support,
1865,61,87387,2021-09-22,Hr,89
1866,129,37919,,Support,100
1867,36,, 2023-07-10 ,sales,72
1868,23,76086,2018-10-24,Sales,91
1869, 30 ,$60000,2021-02-20,Sales,89
1870,26,109096, 2023-07-10 ,,
1871,52,,2020-10-17,Support!!,64
1872,,99465,2017-09-29,Engg,84
1873,62,abc,2022-05-22,Support,63
1874,63,92580,2020-07-28,Engineering,295
1875,51,23975,2018-12-17, SALES ,61
1876,,61408,not_a_date,Engg,98
1877,twenty five,40937,2024/05/01,Hr,51
1878,44,74893,2018-09-29,,53
1879,44,,2015-03-31,MKT,66
1880, 30 ,122574,2015-01-18, SALES ,NaN
1881,62,147463,2020-03-14,,-10
1882,31,37557,2024/05/01,Support, 85 
1883, 30 ,111582,2020-06-22,Engineering,
1884, 30 ,75881,2024-04-04, SALES ,96
1885,26,50000 ,not_a_date,Engineering,100
1886,49,111398,2024-07-21,human resources,68
1887,117,$60000,not_a_date, SALES ,55
1888,31,58243,32/13/2020,,53
1889,58,57465,2015-09-08,Hr,219
1890,,$60000,2024/05/01,Support,70
1891,21,142080,2020-01-07,sales,52
1892,twenty five,73057,2021-04-07,Support,56
1893,42,75364,2024/05/01,Engg,97
1894,twenty five,114295,2018-09-25,Marketing,245
1895,38,abc,2017-09-07,HR,
1896,twenty five,$60000,2018-01-01,VeryLongDepartmentName123,88
1897,,40655,2020-05-15,,91
1898,65,,2018-05-13,Engineering,-10
1899,54,$60000,,,60
1900,65,50000 ,not_a_date,Support!!,74
1901,56,,2016-07-30,HR,93
1902,62,32312,2023-10-16,Support!!,87
1903,57,72774,2018-04-27,Sales,65
1904,102,130051,2022-07-25,Engineering,NaN
1905,62,51965,2020-02-22,Sales,65
1906,58,abc,2016-01-29,Sales,59
1907,twenty five,47385,,VeryLongDepartmentName123,63
1908,31,98659,2024/05/01,Engineering,295
1909,58,,not_a_date,sales,76
1910,37,132500,2016-11-12,Support!!,81
1911,27,26505,2023-05-15,Engineering,87
393,,$60000,2024-11-09,Support,70
1913,63,126407,2015-02-22,Sales,83
1914,twenty five,126108,2020-12-17,Sales,64
1915,56,26628,2015-07-22,VeryLongDepartmentName123,76
1916,28,87088,2016-07-28, SALES ,72
1917,62,130992,2023-01-19,HR,172
1918,33,85168,2021-12-09,Marketing,-10
1919,twenty five,73502,2022-04-06,Sales,81
1920,48,106271,2017-06-06,Engineering,92
1921,43,41163,2016-12-05,MKT,77
1922,,144466,2018-08-23, SALES ,88
1923,18,51698,2021-01-02,sales,80
1924,56,23268,2021-03-31,human resources,97
1925,twenty five,70794,2021-07-14,HR,58
1926,23,104972,2018-06-17,Marketing, 85 
1927,29,103702,2020-01-06,Marketing,53
1928,55,$60000, 2023-07-10 ,Sales,90
141,19,65171,2016-10-25,HR,57
1930,19,103746,not_a_date,,91
1931,54,$60000,2022-02-14,Support!!,94
1932,twenty five,68166,2020-07-24,Hr,81
1933,41,28596,2019-10-24,VeryLongDepartmentName123,76
1934,35,93605,2022-06-01,VeryLongDepartmentName123,90
1935,twenty five,51501, 2023-07-10 ,,80
261,twenty five,48631,2017-10-28,Hr,94
1937,64,27808,2015-05-11,MKT,NaN
1938,35,99103,2023-07-04,Support!!, 85 
1939,58,102429,2024/05/01,VeryLongDepartmentName123,71
1940,61,20637,2015-04-05,Support,
1941,56,108124,not_a_date,, 85 
1942,114,,2024-12-03,Engg,93
1943,62,49287, 2023-07-10 ,Support,72
1944,58,30593,2018-05-31,human resources,64
1945,44,37788,2017-10-10,Engg,
1946,41,119941,2023-07-15,Engineering,NaN
132,59,50000 ,2019-10-03,MKT,77
1948,22,27774,2022-12-27,human resources,
1949,32,,not_a_date,,83
1950,23,27495,2024-02-24,HR,93
1951,24,abc,2019-03-31,Engg,166
1952,195,$60000,2017-10-15,Engineering,89
1953,60,35558,2018-08-06,Sales,57
1954,177,48000,2024-08-12,,55
1955,57,50000 ,2015-11-06,,NaN
1956,40,79142, 2023-07-10 ,Hr,62
1957,,69451,2017-09-26,Marketing,63
1958,21,72398,2015-07-13,HR,-10
1959,62,101976,2023-02-11, SALES ,56
455,46,abc,32/13/2020,Engineering,60
1961,53,42781,2023-04-20,HR,93
1962,44,51137,2022-06-27,Support,97
1963,55,76152,2020-05-28,Sales, 85 
1964,47,50000 ,2015-04-23,,70
1965,158,50000 ,32/13/2020,,73
1966,40,98648,2020-08-03,sales,93
1967,50,4146078,2019-06-30,sales,74
1968,46,80131,2024/05/01,Engg,52
1969,63,146014,2023-10-31,Engineering,63
1970,25,122122,2016-12-14,Support,68
1971,52,2767891,2024-06-09,Hr,86
1972,31,145998,32/13/2020,Marketing,91
1973,23,43740,2023-09-28,Support!!,60
1974,32,abc,2022-09-09, SALES ,NaN
1975,50,50000 ,2021-07-17,,80
1976,64,50000 ,2021-07-10,MKT,58
1977,twenty five,66654,2021-03-14,MKT,50
1978,61,73265,,HR,73
1979,44,99796,2024/05/01,Marketing,63
1980,55,50000 ,2016-04-11,,77
1981,62,125182,2022-10-01,,83
1982,20,27377,2016-10-31,MKT,99
1983,33,91848,2016-09-19,Engg,59
1984,39,29140,2023-04-19, SALES ,54
1985,29,$60000,2019-07-21,,75
1986,24,92726,2016-01-20,human resources,88
1987,60,101495,2019-10-22,Support!!,100
1988,64,100121,2022-11-17,sales,62
1989,22,50000 ,,Engg,57
1990,32,,not_a_date,Support!!,83
1991,21,44225,32/13/2020,Hr,56
1992,137,55487,2022-06-29,Sales,221
308,62,$60000,2022-05-16,sales,50
1994,twenty five,101270,not_a_date,Engg,90
1995,57,43472,2022-06-26,VeryLongDepartmentName123,
1996, 30 ,,2022-12-22,Engineering,77
1997,32,abc,2022-01-04,,51
1998,26,39503,,Support,67
1999,52,53731,2016-02-24,Support!!,89
2000,41,,2019-04-21,MKT,51
2001,19,147674,2022-02-08,VeryLongDepartmentName123,80
2002,56,,2024-05-31,,66
2003,53,64593,2024/05/01,Engg,97
2004,51,97207,2017-11-23,Engg,79
2005,45,abc,2015-12-03,sales,66
2006,twenty five,76640,2022-04-27,human resources,77
2007,60,114791,32/13/2020,Support!!,90
2008,35,104634,2019-08-01,,64
2009,105,76968,2022-11-19,Marketing,78
2010,61,134202,2019-10-19,Support!!,69
2011,33,,2024-08-21,Marketing,-10
2012,19,38520,2019-03-26,MKT,89
2013, 30 ,$60000,2020-11-17,Engineering,
2014,,abc, 2023-07-10 ,MKT,88
2015,65,39731,,Support,97
2016,46,80422,2016-12-09,Support,75
2017, 30 ,136192,2020-07-24,Hr,73
2018,36,38132,2017-02-18,Engg,51
2019,44,abc,,Engineering,-10
2020,138,105424,2024/05/01,MKT,52
2021,twenty five,86353,32/13/2020,Support!!,237
2022,,37056,2015-05-11,Support,52
2023,22,abc,2022-06-19,human resources, 85 
2024,43,31372,32/13/2020,Marketing,67
2025,48,86941,2019-07-31,Marketing,NaN
2026,42,50000 ,2022-12-26, SALES ,88
2027,22,, 2023-07-10 , SALES ,68
2028,61,42902,2016-09-29,human resources,84
2029,46,50000 ,,Support!!,66
2030,116,99391,2016-11-12,VeryLongDepartmentName123,80
2031,65,73252,2024-09-21,,63
2032,,69006,,,72
2033,41,84088,2018-11-08,VeryLongDepartmentName123,83
2034,53,125860,2024-09-14,sales,89
2035,24,119903, 2023-07-10 ,,84
2036,,42681,2016-02-26,Support!!,97
2037,24,40281,2018-04-24,sales,55
2038,40,144815,2015-06-09,HR,NaN
2039,21,67259,2022-06-11,,97
2040,37,122640,2017-01-22,MKT,-10
2041,21,142543,2024-01-05,sales,94
2042,23,136416,2023-02-24,Marketing,183
2043,27,36507,2022-02-05,,75
2044,42,,2024/05/01,,50
2045,58,103040,2023-07-11, SALES ,
2046,60,93250,2023-03-30, SALES ,57
2047,,63408,2024-12-02,VeryLongDepartmentName123,59
2048,twenty five,42741,2017-01-15,Hr,69
2049,43,25460,2017-11-19,,87
2050,34,1147963,2018-12-22,Engineering,81
2051,42,139448,2017-08-31,sales,53
2052,19,124774,2021-03-27,Engineering,87
2053,57,47173, 2023-07-10 ,Support!!,98
2054, 30 ,$60000,,,64
2055,171,73587,2020-04-26,,58
2056, 30 ,87773,2020-12-05,Support!!,71
2057,28,106825,2024-10-14,VeryLongDepartmentName123,95
2058,51,,2020-09-19,Marketing,69
2059,58,3107142,2021-03-09,HR,86
2060,23,30637,2018-11-12,Support,60
2061,52,31401, 2023-07-10 ,Hr,60
2062,38,75627,2018-01-03,MKT,54
2063,25,98492, 2023-07-10 ,Sales,72
2064,43,31254,2021-06-15,Engg,189
2065,65,98669,2019-08-08,Marketing,99
2066,59,147248,not_a_date,HR,291
2067, 30 ,83697,2018-08-29,Hr,72
2068,twenty five,$60000,2022-02-05,Support!!, 85 
2069,37,50000 ,2024/05/01,,90
2070,20,144420,2023-02-07,VeryLongDepartmentName123,51
2071,53,70630,2017-06-10,MKT,82
2072, 30 ,128945,2015-12-03,Support,56
2073,41,110176,32/13/2020,MKT,93
2074,51,87810,2022-06-08,MKT,77
2075,48,115064, 2023-07-10 ,HR,NaN
2076,twenty five,,2024/05/01,Hr,94
2077, 30 ,80792,2022-06-12,human resources,64
2078,57,110994,2016-12-09,human resources,71
2079,59,60503,2018-09-08,VeryLongDepartmentName123,89
2080,52,22313,2023-05-30,MKT,88
2081,24,40366,2020-12-14,,76
2082,58,59577,,,56
2083,64,52185,32/13/2020,Support!!,52
2084,41,36077,2024/05/01,,NaN
2085,20,24622,2023-11-13,Support,-10
2086,38,$60000,32/13/2020,MKT,99
2087,61,123623,2017-09-10,human resources,88
2088,26,89989,32/13/2020,,54
2089,37,147871,,,95
2090,22,144609,2024-07-30,VeryLongDepartmentName123,79
2091,45,40102,2020-10-04, SALES ,92
2092,34,38545,2023-07-25,Marketing,56
2093,,abc,2018-08-13,,60
2094,27,133396,2023-07-03,,90
2095,29,56721,2016-03-24,Marketing,98
2096,twenty five,110066,not_a_date,Marketing,-10
2097,24,132978,2017-12-01,Engineering,92
2098,131,34587,2021-01-27,HR,-10
2099,48,149942,2020-06-02,Engineering,NaN
2100,48,129882,2017-01-29,sales,-10
2101,60,126682,not_a_date,VeryLongDepartmentName123,69
2102,47,30920, 2023-07-10 ,VeryLongDepartmentName123,51
2103, 30 ,104564,not_a_date,human resources,88
2104,65,33086,2021-02-09, SALES ,50
2105,33,3509708,32/13/2020, SALES ,75
2106, 30 ,87423,2024/05/01,HR,98
2107,57,abc,32/13/2020,,66
2108,40,116259,2024-01-22,,65
2109,58,95784,2018-10-20,,NaN
2110,49,138955,2018-05-27,sales,94
2111,34,$60000,2018-08-06,HR,66
2112,43,77092,,Hr,91
2113,58,107594,2023-07-12,HR,208
2114,64,148926,2017-12-17,,69
2115,62,48471,2024-06-17,human resources,68
2116,55,95985,2024-01-02,Engg,76
2117,46,66018,2016-09-05,Marketing,NaN
2118,35,,2024/05/01,Hr,72
2119,55,$60000,2015-10-05,HR,100
2120,46,77544,2015-06-17,,76
2121,29,140953,2019-12-24,Sales,57
2122,56,105610,not_a_date,HR,
2123,twenty five,112847,,MKT,50
2124,183,62351,32/13/2020,sales,80
2125,34,92834,,,-10
2126,,138556,2015-01-27,human resources,69
2127,48,75610,2020-01-04,Marketing,52
2128,,24480,2023-01-16,VeryLongDepartmentName123,76
2129,26,88745,2024-12-06,Marketing,94
2130,44,82113,2018-06-22,Hr,
2131,48,111957,,Hr,71
2132,18,67297,2018-01-17,sales,89
2133,108,2740856,2015-03-15,, 85 
2134,46,27261,2023-08-08,human resources,62
2135,49,50000 ,2022-12-06,Support,50
2136,27,29892,2020-12-17,human resources,79
187,twenty five,147851,2015-04-24,MKT,
435,64,$60000,2020-01-18,,62
2139,55,146440,2018-08-14,,63
2140, 30 ,81164,2020-02-26,Hr,69
2141,33,,2020-10-19,VeryLongDepartmentName123,61
2142,33,112835,2016-12-04,VeryLongDepartmentName123, 85 
2143,57,41599,2019-03-22,human resources,75
2144,61,100397,not_a_date,Hr,58
2145,58,abc,2019-09-13,Support!!,NaN
2146,62,abc,2021-08-29,HR,76
2147,24,,2016-04-10,,75
2148,39,21670,2024-11-08,Marketing,64
2149,65,41441,2022-02-23,HR,93
2150,23,50000 ,2016-11-11,Engineering,79
2151,20,50000 ,2022-11-20,Support,79
2152,46,$60000,2017-11-30,Support,
2153,64,4145413,2024-02-06,,
2154,55,47788,2021-08-13,,NaN
2155,33,32924,,HR, 85 
2156,24,1749578,2024/05/01,Marketing,79
2157,38,36451,2018-08-30,sales,73
2158,21,54966,2015-08-03,Hr,93
2159,23,abc,32/13/2020,HR,99
2160,64,22794,2017-07-03,Support!!,66
2161,48,132501,2020-07-25,sales,61
2162,183,2031930,2016-07-03,,95
2163,38,60981,2015-06-20,human resources,82
2164,46,,,Sales,87
23,44,116033,2020-06-11,,56
2166,twenty five,51860,2019-07-28,Marketing,55
2167,56,106617,2019-06-28,,74
2168,,113655,2021-03-19,sales,90
2169,19,$60000,2020-12-25,HR,83
2170,41,abc,2019-08-14,Engg,66
2171,64,133822,2020-07-05,VeryLongDepartmentName123,72
2172,41,abc,2016-01-02,Marketing,
17,40,48039,2022-11-21,Engg,
2174,24,4283153,2021-02-20,Engg,93
2175,107,abc,2018-11-02,Hr,97
2176,53,85008,2017-08-28,Marketing,NaN
2177,101,$60000,2024/05/01,sales,89
2178,63,94467,2019-08-18,human resources,59
2179,49,40547,2020-01-27,,
2180,116,81354,2016-02-23, SALES ,83
2181, 30 ,50000 ,2018-10-11,sales,95
2182,,121098,2021-11-20,Sales,62
2183,57,126432,2018-05-25,Hr,153
2184,43,4037460,2018-05-14,human resources,57
2185,twenty five,140597,2021-10-11,,74
2186,23,117564,2024-02-19,MKT,74
2187,176,92379,2018-03-31,sales,206
2188, 30 ,144358,2022-10-27,Support!!,57
2189,185,74273,2018-01-30,,68
2190,22,abc,2018-01-18,human resources,59
2191,21,,2020-01-17,Hr,83
2192,56,147096,not_a_date,,54
198,twenty five,112120,2018-11-25,Engg,75
2194,39,41724,2018-08-12,Engineering,NaN
2195,37,103306,2020-10-26,MKT,67
2196,24,79768,2023-06-14,sales,98
2197,37,126938,2016-02-27,sales, 85 
2198,21,abc,32/13/2020,human resources,64
2199,60,111924,2016-10-24,HR,93
109,18,60778,2021-07-26,MKT,72
2201, 30 ,50848,2017-06-05,MKT,59
2202,30,127830,2019-03-21,,59
2203,60,149896,not_a_date,,74
2204,155,,2021-10-24, SALES ,71
358,41,72513,2020-12-31,Support!!,264
2206,49,98551, 2023-07-10 , SALES ,75
2207,41,131705,2022-04-10,MKT,50
42,21,29673,2024/05/01,Engg,293
2209,23,, 2023-07-10 ,Marketing,62
2210,54,109993,2024-03-12,Marketing, 85 
2211,107,136518,2017-09-30,Support,96
2212,56,135184,not_a_date,,75
2213,58,49274,not_a_date,Engineering,77
2214, 30 ,80613,not_a_date, SALES ,95
2215,184,39553,2024-01-11,Engineering,-10
2216,57,41681,2021-11-23,Engineering, 85 
2217,63,34806,2016-04-20,sales,NaN
2218,38,130219,2018-11-25,MKT,74
2219,48,abc,not_a_date,Sales,65
2220,twenty five,,2018-05-01,sales,151
2221,49,4227776,2021-09-30,,70
2222,27,109415,,Support,79
364,154,76503,32/13/2020,Marketing,68
2224,33,111675,2016-11-11,Support,NaN
2225,twenty five,46571,,HR,98
2226,52,50000 ,2021-03-04,Hr,93
2227, 30 ,47438,2015-09-29, SALES ,55
2228,23,abc,2017-11-14,Support!!,61
2229,21,abc, 2023-07-10 ,Marketing,62
2230,58,63370,2024-01-18,Engineering,-10
311,32,122833,2024-05-17,Marketing,
2232,147,28424,2021-07-04,Engg,68
2233,24,84199,2024/05/01,Engineering,87
2234,38,146395,2021-06-05,Support!!,99
2235,41,,2021-03-13,VeryLongDepartmentName123,85
2236,37,117015,2024-07-17,Support!!,61
2237,186,26124,2024-02-29,human resources,61
2238,29,1169352,2015-03-18,HR,72
2239, 30 ,76592,2024-07-11,,
2240,36,135249, 2023-07-10 ,,70
2241,23,3854724,2017-07-04,Sales,79
2242,38,31503,2024/05/01,VeryLongDepartmentName123,52
2243,28,46400,2021-09-03,,-10
2244,22,95729,2021-12-03,Support!!,81
2245,,118972,2024-11-29,,90
2246,21,48878,2020-06-12,Support!!,59
2247,53,87178,32/13/2020,,94
2248,63,57298,2021-11-10,,70
2249,184,25664,2024-04-15, SALES , 85 
2250,37,94454,2015-05-07,VeryLongDepartmentName123,-10
2251,51,133012,2020-03-07,,73
2252,32,74609,2021-03-11,sales,63
2253,62,105479, 2023-07-10 ,,56
2254,38,20342,2017-06-11,Engineering,
2255,,97053,2021-03-20,human resources,64
2256,38,61099,2018-09-17,,59
2257,,29808,2021-11-13,human resources,299
2258,20,1624097,2015-10-29,HR,229
2259,,141526,2022-02-13, SALES ,70
377,28,90912, 2023-07-10 ,Support,68
2261,62,62446,2021-07-06,human resources,63
2262,49,108101,2017-06-05,HR,62
2263,twenty five,111000,2019-06-28,MKT,77
2264,,69089,2019-06-29,sales,79
370,29,,2015-05-16,Engg,57
2266,30,127203,2022-02-14,,74
2267,118,40921,2015-06-22,,
2268,35,61360,2018-08-20,Engg,78
2269,,87967,2023-04-30,Sales,86
2270,44,38003,2020-07-04,Engineering,94
2271,34,53694,2016-12-25,human resources,79
2272,52,126229,2018-01-21,Engineering,99
2273, 30 ,144976,2016-09-27,Engineering,58
2274,22,53706,2015-01-06,human resources,-10
2275,63,124188, 2023-07-10 ,Engineering,86
2276, 30 ,135358,2017-12-11, SALES ,242
2277,19,148070,2017-12-07,Marketing,94
2278,64,137756,2015-06-11,Engg,53
2279,,115945,2020-01-30,Support!!,92
2280, 30 ,1002113,2020-07-26,Marketing,
25,54,141934, 2023-07-10 ,MKT, 85 
2282,56,108400,2024-08-23,VeryLongDepartmentName123,77
2283,34,,2022-08-19,MKT,60
2284,151,abc,2023-10-29,Support,62
2285,twenty five,71835,2023-10-14,Support,57
2286,51,31587,2018-05-18,MKT,83
2287,23,24569,32/13/2020,Marketing,75
2288,46,77243,32/13/2020,,NaN
2289,23,87905,2024-08-30,sales,77
2290,64,,2024/05/01,Engineering,53
2291,59,89713,2015-06-13,VeryLongDepartmentName123,76
2292,49,abc,2021-02-17,,80
2293,27,125429,2022-08-29,Hr,288
2294,47,91780,2023-11-28,VeryLongDepartmentName123,61
2295,35,,2024-05-29,Engineering,89
2296,48,50000 ,2023-07-04,Hr,54
2297,62,136722,2021-10-02,Engineering,54
2298,,,2024/05/01,Hr,65
2299,22,125292,not_a_date,Support!!,79
215,39,33387, 2023-07-10 , SALES ,78
2301,twenty five,105026,,,72
2302,31,50000 ,,Marketing,76
2303,50,50362,2022-12-12,,51
2304,39,139913,2021-01-22,Engineering,299
2305,63,43016,2016-10-02,Support!!,52
2306,,50000 ,2020-02-29,sales,
2307,51,2228846,2021-02-10,Engineering,94
2308,51,23808,2023-02-06,Marketing,67
2309,,,2018-11-22,,71
2310,26,79364,2023-08-09,Sales,71
2311,21,48917,2024-04-01, SALES ,78
2312,34,39974,2018-04-04,VeryLongDepartmentName123,100
2313,47,105097,2021-04-04,Marketing,76
2314,47,123123,2021-10-29,Sales,66
2315,31,44564,2024/05/01,MKT,94
2316,28,143209,2021-08-25,Support,52
2317,38,$60000,not_a_date,MKT,65
2318,twenty five,abc,2015-08-07,human resources, 85 
60,127,4389485, 2023-07-10 ,Support,NaN
2320,45,111335,2018-04-26,human resources,89
2321,38,$60000, 2023-07-10 ,Support,-10
2322,57,abc,2022-06-07,VeryLongDepartmentName123,53
2323,50,71689,2024-10-18,sales,197
2324,21,$60000,2019-04-29,,51
2325,21,109548, 2023-07-10 ,VeryLongDepartmentName123,68
2326,29,77213,2017-08-14,MKT, 85 
2327,60,61547,2022-12-07,Sales,66
2328,38,50000 ,2021-08-31,HR,-10
2329, 30 ,110689,2019-10-18,Marketing,
2330,27,23397,2017-04-14,Marketing,207
2331, 30 ,92883,2022-12-23,sales,69
2332, 30 ,97344,2015-10-15,Support,85
2333,,133059,2015-08-09,Hr,55
336,54,50000 ,2018-04-05,Sales, 85 
2335,33,97651,2020-07-12,sales,75
2336,63,105592,2020-02-25,,74
2337,50,$60000,2015-08-13,human resources,51
2338,31,80510,2024/05/01,MKT,75
2339,26,$60000,,sales,50
2340,22,3751313,not_a_date,Hr,75
2341,36,88961, 2023-07-10 , SALES ,96
296,123,38530,2018-10-15,Support!!,57
2343,19,88076,not_a_date,Engineering,63
2344,54,,32/13/2020,Support!!,255
2345,35,143696,,HR,NaN
2346,28,24891,2024/05/01,Hr, 85 
2347,29,113236,2024-12-31,sales,57
2348,42,41808,2015-04-01,,90
2349,twenty five,118705,2023-09-26,,67
2350,61,56806,2018-12-21,Support,
2351,44,,2019-03-22,,93
2352,46,71193,2020-12-31,human resources,70
2353, 30 ,$60000,2019-07-23,Support,54
2354,19,102361,2017-02-12,,52
216,39,134854,not_a_date,MKT, 85 
2356,54,82387,2018-12-19,,60
2357,65,133291,2020-01-05,HR,92
2358,29,126969,2021-03-06,HR, 85 
2359,49,80964,2016-02-28, SALES ,71
2360,20,121998,2018-02-28,sales, 85 
2361,27,91017,2020-06-02, SALES ,95
2362,53,,2019-03-30,Hr,80
2363,26,28486,2020-04-03,Sales,67
2364,54,35631,2019-07-02,Hr,55
2365, 30 ,42604,2024-10-16,VeryLongDepartmentName123,99
2366,63,114583,2018-04-12,Marketing,53
2367,39,32426, 2023-07-10 ,Support!!,85
2368,55,73197,2016-08-30,Marketing,63
2369,41,72757,2020-12-09, SALES ,62
2370, 30 ,126265,2023-09-17,Sales,76
2371,55,$60000,2024-12-21,VeryLongDepartmentName123,210
2372,49,133407,2016-12-21,MKT,NaN
2373,43,2852379,2018-02-05,sales,99
2374,54,125705,32/13/2020,,NaN
2375,32,$60000,2017-11-13,human resources,64
2376,47,121654,,HR,71
2377,65,abc,2020-05-29,,51
2378,44,,2017-06-08,Hr,72
2379,51,,2017-02-01,human resources,98
2380,64,20905,2018-07-02, SALES ,91
2381,,109495,2021-01-10,VeryLongDepartmentName123,73
2382,49,21656,2019-12-07,sales,91
2383,twenty five,22170,2018-04-26,human resources,96
2384,60,80760,2019-11-18,Hr,
2385,56,100837,not_a_date,Marketing,86
309,47,87879,not_a_date,sales,
2387,61,122154,2023-02-27,Sales,NaN
2388,58,$60000,32/13/2020,Engg,270
2389,33,114916, 2023-07-10 ,Sales,69
2390,48,72486,2019-12-15,Hr,76
2391,56,50000 ,2023-05-06,Hr,92
2392,50,,2015-03-06,Support,74
2393,28,124166, 2023-07-10 ,,63
2394,,71306,2021-07-04,sales,83
2395,twenty five,74178,2023-06-22,Engg,90
2396,57,31975,2023-12-01,Sales,81
2397,63,144464,32/13/2020,human resources,95
2398,34,110264,2023-08-13,Marketing,-10
170,23,124706,2019-12-18,sales,84
2400,135,72858,2017-05-27,Marketing,251
2401,54,71109,2021-10-27,Support,69
2402,twenty five,97970,2022-09-10,human resources,82
2403,31,101513,2015-01-03,VeryLongDepartmentName123,63
2404,twenty five,106123,2019-10-12,sales,195
387,61,66025,2022-12-18,Marketing,90
404,56,,2023-01-06,Support!!,
2407,38,132011,2024/05/01,Sales,157
2408,23,70432,2024-01-25,sales,99
2409,64,64045,2022-07-14,,86
2410,60,90289,2021-11-04, SALES ,98
2411,41,112011,2015-12-09, SALES ,
2412,28,abc,2024-04-09,HR,80
2413,27,113893,2015-10-07,Support!!,97
2414,20,68575,2020-07-01,Support,-10
2415,25,$60000,2017-07-31,,
2416,49,27807,2017-06-24,sales,71
2417,62,130863,2022-11-23,Engineering,75
2418,40,41401,,Sales,67
2419,34,73355,2024/05/01,Support!!,66
397, 30 ,abc,2015-02-17,MKT,82
424,34,93072,2022-02-24,Marketing,81
2422,,58057,2024-08-21,Support,
2423,twenty five,135099,2017-03-10,Sales,68
2424,48,69194,2021-07-13,VeryLongDepartmentName123,93
2425,23,37970,2019-06-23,Engineering,83
2426,58,105257,32/13/2020,Engineering,93
2427,49,$60000,2018-01-25, SALES , 85 
2428,65,60488,2015-09-14,Engg,53
2429,64,120603,2015-12-26,Marketing,51
2430,,$60000,2024/05/01,sales,298
2431,192,29844,2024-01-21,VeryLongDepartmentName123,66
2432,47,119884,32/13/2020,Sales,98
2433,,133442,2020-10-18,sales,52
2434,149,80707,2023-06-19,,73
2435,40,120564,2020-11-10,Marketing,81
2436,65,46555,,Marketing,85
24,32,86949,32/13/2020,Engg,74
2438,49,128500,2023-02-09,Support,70
2439,42,33464,2022-12-15, SALES , 85 
431,23,48818,2016-05-13,Sales,170
2441,42,80471,not_a_date,HR,54
2442,,142268,,,89
2443,37,98597,2022-12-24,Marketing,95
2444,50,87074, 2023-07-10 ,VeryLongDepartmentName123,87
2445,twenty five,,2021-07-17,,
2446,53,21806,2022-09-09,sales,NaN
2447,49,48990,2024-08-22,, 85 
2448, 30 ,,2021-01-15, SALES ,63
2449,52,54287,2019-10-14,Hr,62
2450,59,41771,2019-07-06,Engineering,251
2451,112,abc,2018-02-09,MKT,-10
2452,144,1496403,2024/05/01,Support,51
2453,42,32431,2023-02-24,human resources,97
2454,54,50000 ,2023-06-19,HR,76
2455,49,76055,2020-06-22,human resources,85
2456,49,abc,2021-03-24,Sales,61
2457, 30 ,84226,2019-01-28,,51
2458,18,,2020-08-07,MKT,-10
2459,51,2651633,2024-03-26,Hr,90
2460,23,89509,2019-04-12,Engg,92
2461,55,,not_a_date,Engineering,53
2462,28,101323, 2023-07-10 ,human resources,60
2463,49,101078,2020-03-25,Support,61
2464,55,86635,2024-09-23,Support,54
388,48,69611,2024-03-03,VeryLongDepartmentName123,94
2466,twenty five,39710,2020-07-11,Support,66
2467,42,50000 ,,Support!!,90
2468,34,113965,2022-02-28,,60
2469,61,72214,2022-03-13,MKT,65
2470,20,69099,2017-03-24,Support!!,87
2471,twenty five,117036,32/13/2020,,79
2472,64,$60000,2018-07-11,sales,83
2473,45,141179,2022-04-07,Engineering,97
112, 30 ,abc,2021-09-01,Support!!,98
2475,twenty five,89903,2021-09-08,human resources,-10
2476,48,,2019-10-16,sales,214
2477,twenty five,abc,2018-11-09,Support,61
2478,51,81662,2022-02-20,,57
2479,twenty five,94709,,Engg,87
2480,,4830974,2018-10-01,VeryLongDepartmentName123,50
2481,twenty five,136188,2017-12-30,Sales,83
2482,46,,32/13/2020,Marketing,77
2483,39,101289,2020-10-06,Sales,NaN
2484,42,125327,2020-10-27,human resources,66
2485,54,97021,not_a_date,Support,73
2486, 30 ,$60000, 2023-07-10 ,Sales,64
308,43,148250,2024/05/01,Support,67
2488,31,,2021-10-31,human resources,70
150, 30 ,$60000,2020-10-19, SALES ,57
2490,20,abc,2020-10-15,human resources,63
2491,195,88978,2024-04-22,Marketing, 85 
2492,35,133780,2017-01-26,,93
2493,64,97561,2024/05/01,sales,89
2494,47,64378,2023-07-19,Hr, 85 
2495,50,57762,2015-06-18,HR,76
2496,56,47568,2020-09-13,Marketing,95
2497,39,79247,2020-07-12,Hr,73
2498, 30 ,116555,2017-10-14,Engg,51
2499,41,60703,2019-09-01,Engg,58
2500,60,abc,2018-11-08,VeryLongDepartmentName123,77
2501,42,139441,2020-07-03, SALES ,62
2502,62,1847074,2015-08-17,human resources,65
2503,39,77034,2023-12-27,Engineering, 85 
2504,53,119434,2024-01-05,Support!!,NaN
2505,twenty five,109193,2023-08-04, SALES ,64
2506,57,107586,2020-11-14,MKT,91
2507,53,45808,2016-12-10,Sales,60
2508,33,76810,2015-06-24, SALES ,90
2509,22,89233,,Marketing,77
2510,26,59187,2017-01-30,Hr,80
2511,19,45444,2016-11-12,,78
2512,61,128106,2021-11-01,MKT,78
2513,57,112161,32/13/2020,human resources,59
2514,58,119484,2021-05-04,,87
2515,51,50000 ,2021-06-19,, 85 
2516, 30 ,84309,2017-08-01,Engg,53
2517, 30 ,112647,2018-08-31,Engg,212
2518,38,72349,2023-11-14,human resources,93
454,,82780,2022-03-02,Hr,NaN
2520,twenty five,66547,2023-12-20,Hr,
2521,34,abc,32/13/2020,sales,-10
2522,44,,2021-02-19,human resources,289
2523,50,75484,2017-04-18, SALES ,58
2524,53,100688,2020-07-04,Sales,-10
2525,59,96071,2019-01-22,MKT,58
2526,57,125090,2024/05/01,,50
2527,64,1518007,not_a_date,VeryLongDepartmentName123,87
2528,25,,2015-06-29,MKT,58
2529,20,43007,2018-10-23,Marketing,66
2530,twenty five,108401,2024-12-31,Engg, 85 
2531,40,140259,2021-03-02,Engg,70
2532,,131331,2022-09-19,MKT,73
2533,62,abc,2023-03-26,MKT,76
2534,30,50000 ,32/13/2020, SALES ,83
2535,25,95174, 2023-07-10 ,VeryLongDepartmentName123,84
2536,,67844,,HR,NaN
2537,47,50000 ,2018-02-28,sales,NaN
332,18,128587,2018-10-28,Support!!,93
2539,58,32128,2024-06-30,Marketing,79
2540, 30 ,51031,2017-09-05,Sales,93
2541,twenty five,52420,2020-06-22,MKT,NaN
309,20,125045,32/13/2020,,73
2543,42,abc,2019-05-25,Engg,91
2544,,148213,2019-04-18,,NaN
2545, 30 ,77148, 2023-07-10 ,sales,50
2546,21,85482,2016-11-19,Marketing,92
2547,49,31092,2020-03-16, SALES ,56
2548,65,76887,2020-01-16,HR,73
2549, 30 ,abc,2024-06-20,sales,96
2550,36,99929,2015-07-19,Engg,97
2551,48,92220,2020-06-30,Support!!,68
2552,57,143879,2018-06-11,HR,88
2553,196,38952, 2023-07-10 ,Engineering,57
2554,54,47632,2019-02-22,HR,-10
2555,43,116736,2019-03-12,HR,61
2556,106,53237,2016-04-10, SALES ,92
2557,46,124941,not_a_date,sales,71
2558,35,77590,2022-03-23,Support,80
2559,54,29720,2017-05-17,Hr,
2560,109,50000 ,2020-02-25, SALES ,96
2561,41,74749,2017-11-16,HR,-10
2562,52,50000 ,2024/05/01,Support,53
2563,twenty five,54136,32/13/2020,,87
2564,58,142954,2017-05-27, SALES ,NaN
2565,50,136357,2015-06-03,,75
2566,,143313,2018-03-08,Engineering,57
2567,twenty five,38885,32/13/2020,Sales,65
2568,21,141361,2017-11-27,Engg,53
2569,22,121422,not_a_date,human resources, 85 
2570,28,abc,2024/05/01,Sales,92
2571,39,$60000,2019-01-13,Support!!,88
2572,62,35279,2016-02-10,Support,86
2573,37,50000 , 2023-07-10 ,sales,-10
2574,35,48363,2019-01-22,Support!!,87
2575,44,62132, 2023-07-10 ,Sales,52
2576,62,85954,2019-05-21,Engineering,94
2577,56,79908,2021-10-20,sales,94
2578,,23334,2016-01-25,Marketing,185
2579,,142432,2023-02-26, SALES ,75
2580,,142852,2024-11-18,Hr,78
2581,37,115910,2022-02-11,VeryLongDepartmentName123,95
2582,48,111855,2020-08-06,Engg, 85 
2583,,135667,2015-10-27,Sales,59
2584,29,76657,2022-06-22,Marketing,81
2585,63,61820,2024/05/01,Support,-10
2586,,105316,2020-05-12,VeryLongDepartmentName123, 85 
2587,32,68131,2021-06-28,Support!!,93
2588,twenty five,126836,2022-05-08,Sales,96
2589, 30 ,72363,2020-02-12,Engineering,76
2590,18,66976,2024-03-25,Hr,67
2591,39,128064,2023-04-30,human resources,56
2592,25,140157,,Engg,
2593,40,abc,2023-03-26,Engg,59
2594,62,126147,2015-06-11,Support!!,-10
2595,51,94737,32/13/2020,Support,57
2596,55,85279,2015-10-16,sales,69
2597,33,120512,2021-07-09,VeryLongDepartmentName123,-10
2598,37,32147,2022-08-07, SALES ,54
2599,19,3171793,2021-03-03,Engg,90
2600,54,21408,2015-03-26,Hr,66
2601,24,134136,2018-04-20,, 85 
2602,115,59775,,,88
2603,62,84110,2015-11-11,Support!!,85
2604,48,133346,,Engg,
2605,32,124842,2024/05/01,Engg,64
2606,44,31074,2020-02-12,,-10
2607,55,115409, 2023-07-10 ,Support,81
2608,54,103566,,Support!!,67
2609,55,50000 ,,HR,79
28,22,50000 ,2022-05-13,Support,72
2611,36,79005,2020-10-15,Support!!,94
2612,55,$60000,2023-03-09,,58
2613, 30 ,28919,2018-04-23,Engineering,81
2614,18,92345,2015-12-02,Marketing,59
2615,twenty five,50000 ,2016-04-15,,79
2616,twenty five,106456,2018-04-18,Engg,74
2617,48,$60000,2022-03-02,,64
2618,56,97317,,,86
2619,,120637,not_a_date,sales,73
2620,56,27453,not_a_date,VeryLongDepartmentName123, 85 
2621,48,124064,2017-05-10,Engineering, 85 
2622,115,34882,2015-04-21,Support,81
2623,31,, 2023-07-10 ,Hr,77
2624,33,46236,not_a_date,human resources,NaN
2625,57,55407, 2023-07-10 ,sales,71
2626,38,36679,2019-02-19,Sales,-10
2627,29,abc,2017-07-31,,
2628,59,64048,2020-07-23,human resources,82
2629,31,127799,2019-01-06, SALES ,80
2630,55,57003,,Sales,82
2631,26,67730,2017-05-01,Engg,85
2632,42,22712,2017-11-07,Sales,66
2633,twenty five,27922,2021-11-21,,97
2634,43,142955,,Hr,99
2635,,121841, 2023-07-10 ,Support,66
2636,40,76017,2020-08-07,MKT,66
2637,40,79823,2016-04-20, SALES ,81
2638,60,33955,not_a_date,VeryLongDepartmentName123,60
2639,26,2625137,2024-02-24,,67
2640,24,50330,2020-08-29,Sales,95
2641,28,58266,2021-08-04,human resources,58
2642,35,61726,not_a_date,,
2643,65,abc,not_a_date,Engineering,60
2644,62,94612,2023-11-11,VeryLongDepartmentName123,54
2645,40,50000 ,2024/05/01,Engg,86
2646,32,138562,not_a_date,MKT,67
2647,21,$60000,2019-03-09,MKT,76
2648,48,$60000,2024-10-09, SALES ,98
2649,123,37223,32/13/2020,,72
2650,19,50000 ,2023-11-28,Engineering,79
2651,,50000 ,2020-07-14,Support,81
2652,18,32709,2018-04-30,MKT,75
2653,46,64448,2016-05-26,Hr,
2654,20,3888930,,Hr,88
2655,twenty five,77883,2021-04-11,Support,97
2656,46,55485,2024-02-05,VeryLongDepartmentName123,77
2657,33,100104,,Sales,
2658,40,39296,2019-12-02,Marketing,68
322,22,68925,2016-12-31,Engineering,94
2660,64,146340,2016-04-27, SALES ,61
2661, 30 ,86315,2023-11-01,MKT, 85 
2662,19,114893,32/13/2020,VeryLongDepartmentName123, 85 
2663,126,52229,2018-10-17,Support,70
2664,61,114388,2015-04-24,Support!!,51
2665,33,26669,2024/05/01,sales,68
2666,twenty five,80087,2019-11-24,VeryLongDepartmentName123,69
2667,141,35982,2024/05/01,Support!!,
2668,34,85944,2019-09-10,HR,61
2669,,124989,2024-03-01,VeryLongDepartmentName123,100
237,,$60000,2017-11-25,VeryLongDepartmentName123,100
2671,twenty five,20926,2021-02-22,MKT,64
2672,59,127379,2023-06-07,,96
2673,43,21103,2018-11-01,,69
2674,123,90423,2016-07-04,MKT,59
2675,,$60000,2015-06-16,Engineering,84
2676,45,122907,2016-07-26,Hr,76
2677,,94274,2017-09-17,,51
2678,43,62386,2018-08-02,human resources,86
2679,twenty five,65408,2020-11-13,HR,86
2680,63,63015,2019-10-04,VeryLongDepartmentName123,65
2681,54,90411,2015-10-07,Engg,70
2682,56,34528,2023-03-30,Engineering,88
2683,28,136041,2018-03-09, SALES ,57
2684,twenty five,136188,2015-07-19, SALES ,88
2685,38,133229,2017-02-08,Marketing,
2686,41,115814,2024-04-07,Hr,61
2687,44,98856,2018-12-16,Sales, 85 
2688, 30 ,31972,2018-07-07,,54
2689,107,abc,2019-02-20,Sales,65
2690,58,123706,32/13/2020,Hr,62
2691,24,$60000,2017-09-16,VeryLongDepartmentName123,91
2692,46,78171,2017-07-11,human resources,56
2693,44,109566,2023-12-16,,61
2694,40,47222,not_a_date,Support,
2695,59,136868,2020-04-22,HR,
2696,56,3518739,2021-05-12,Support!!,92
2697,36,148846, 2023-07-10 ,Engineering,52
142,31,,2024/05/01,,66
2699,63,$60000,,Engineering,
2700,46,83229,not_a_date,HR,84
23,58,115798,2020-05-03,VeryLongDepartmentName123,234
2702,161,51631,,Support,206
2703,60,57361,2018-09-30,Hr,71
2704,38,123233,2020-08-08,Engineering,86
2705,44,103960,2017-07-25,Support!!,59
2706,194,50000 ,not_a_date,human resources,80
2707,30,3689278,2018-01-23,sales,69
2708,20,1324968,2024/05/01, SALES ,62
2709,60,50000 ,2015-12-23,Support!!,58
2710,61,63046,2021-02-13,Engg,92
2711,57,77449,32/13/2020,Engineering,69
2712,18,47572,2016-10-12,VeryLongDepartmentName123,51
2713,twenty five,44164,2023-06-03,,99
2714,49,114088,2021-01-22,,53
2715,,3676106,2015-07-08,human resources,97
2716,50,91945,2023-05-15,Marketing,89
2717,34,109152,2022-07-31,VeryLongDepartmentName123,NaN
2718,32,50000 , 2023-07-10 ,HR,56
2719,twenty five,,2017-04-13,Engg,89
2720,28,30063,2024/05/01,, 85 
2721,31,4893071,2017-06-07,Support,87
2722,29,139949,2015-05-24,,88
435,47,138495,2015-02-26,Sales,91
2724,42,135811,2016-12-14,Hr,
2725,41,114212,2021-12-09,sales,53
2726,26,44428,2015-08-07,Sales,96
2727,30,104084,not_a_date, SALES ,50
441,190,38197,2018-12-05, SALES ,73
2729,20,65393,2024/05/01,VeryLongDepartmentName123,NaN
2730,23,34803,2020-04-02,,58
2731,39,53631,,HR,99
2732,39,57082,not_a_date,sales,88
2733,38,abc,2019-08-19,VeryLongDepartmentName123,NaN
2734,21,115168,2022-04-18,Engg,52
2735,63,, 2023-07-10 ,MKT,58
2736, 30 ,abc,not_a_date,sales,
2737, 30 ,43431,32/13/2020,sales,67
2738,47,90879,2024-08-14,Engg,85
2739,28,128718,2022-05-28,MKT,84
2740,51,35790,2024-06-21,Hr,94
2741,55,50000 ,2016-01-30,Engg,52
2742,twenty five,124665,not_a_date,Support, 85 
2743,28,62283,not_a_date,Sales,91
2744,53,$60000,2020-02-22, SALES , 85 
2745,28,50000 ,2019-07-01,Support,83
2746,35,96747, 2023-07-10 ,,
2747,60,,not_a_date,,74
2748,30,35294,2016-06-29,sales,66
2749,44,50000 ,2024-12-11,HR,68
2750,25,143639,32/13/2020,VeryLongDepartmentName123,NaN
2751, 30 ,41849,2022-01-31,Marketing, 85 
2752,41,36124,,Support,92
2753,50,2854551,not_a_date,Support,73
2754,18,35627,2022-04-20,sales,80
2755,21,93099, 2023-07-10 ,HR,55
2756,33,109201,2016-11-19,Hr,90
2757,45,71020,2019-03-27,,NaN
2758,27,88009,2022-11-07,Support,77
2759, 30 ,, 2023-07-10 ,HR,256
2760, 30 ,146122,2017-07-18,Support,53
2761,57,91826,2019-06-07,,66
2762,21,abc,,HR,-10
2763,55,141452,2021-09-19,Support!!,70
2764,twenty five,42339,32/13/2020,human resources,92
2765,31,81478,2016-02-13,Sales,300
2766,35,127126,2024-01-25,Engineering,83
2767,58,21976,2017-05-16,human resources,75
249,23,36977,not_a_date,Engineering,83
402,36,123045,2018-08-10,Engineering,67
2770,64,127866,2019-09-06,VeryLongDepartmentName123,70
2771,34,115256,2023-05-30, SALES ,169
2772,44,103915,,,80
2773,54,76112,2017-05-06,,93
2774,54,64488,2018-01-07,Sales,71
2775,twenty five,136515, 2023-07-10 ,Marketing,62
2776,33,74687,2023-02-09,Engineering,97
2777,33,29991,2020-08-02,Marketing,83
2778,30,25382,2024/05/01,sales,74
126,32,58256, 2023-07-10 ,Hr,77
2780, 30 ,1835574,2023-03-14, SALES ,
2781,44,80788,,human resources,72
2782,31,34526,2024-08-27,Support!!,97
2783, 30 ,46925,2021-01-10,MKT,
2784,65,105829,2023-05-17,,NaN
2785,45,114018,2016-05-20,Support!!,80
2786,53,53420, 2023-07-10 ,VeryLongDepartmentName123,
2787,48,107385, 2023-07-10 ,,63
2788,29,120468,2015-12-13,MKT,69
2789,64,118191,2018-02-05,human resources,77
2790, 30 ,abc,2016-10-01,VeryLongDepartmentName123,84
2791,22,83972,2023-07-29,Sales,52
2792,45,144918,2023-05-01, SALES , 85 
2793,63,51629,2019-10-01,Sales,93
2794,55,117747,2018-01-03,human resources,81
2795,63,133928,2023-06-18,Engineering,55
2796,43,65550,2016-03-25,Support!!,93
2797,55,94143,2023-05-15,HR,50
2798,twenty five,48715,2019-08-29,HR,183
2799,56,30685,2019-10-26,VeryLongDepartmentName123,69
2800,53,118784,2021-10-20,Engineering,NaN
2801,21,50000 ,2017-01-20, SALES ,96
2802,34,50000 ,2016-03-29,Engg,98
2803,33,129688,2018-11-17,HR,59
2804,twenty five,66240,2019-05-23,MKT,-10
2805,18,$60000,2015-03-17,HR,83
2806,42,36688,2023-10-29,human resources,-10
2807,52,132321,2023-01-27,MKT,76
2808,30,134638,2016-01-20,Support,79
2809,31,71543,2023-01-28,MKT,69
2810,38,96220, 2023-07-10 ,Engg,92
2811,49,110242,2016-03-16,Support,97
2812,39,96290,2024-02-14,,NaN
2813,22,72168,2024/05/01,Hr,82
2814,33,139186,2015-10-30,human resources,78
2815,twenty five,66143,2018-11-19, SALES ,95
2816,59,50000 ,2024-12-21,,66
2817,65,61922,2024-01-26,Engineering,65
2818,39,135551,2021-07-14,,96
2819,,117156,2023-06-27,MKT,50
2820,,2928015,2018-09-02,Support,-10
2821,,49293,2021-03-05,Marketing,-10
2822,32,46128,2018-04-24,,NaN
2823,24,65548,2018-08-28,Engg,81
2824,46,3520930,2015-01-24,MKT,NaN
2825,33,abc,2019-10-23,Marketing,71
2826,29,36748,,,86
2827,21,129049,2020-03-27,,96
2828,20,142969,,VeryLongDepartmentName123,96
2829,32,24251,2016-03-04,HR,86
2830,22,36495,2017-11-02,Support,54
2831,183,21887, 2023-07-10 ,MKT,70
2832,55,119658,2024/05/01,Marketing,79
2833,42,88627,2024-05-23,sales,
2834,twenty five,105521,2017-03-07,Marketing, 85 
2835,61,43640,2017-09-19,Marketing,72
2836,25,33820,2020-09-17,Engineering,78
2837,,126534,2021-10-21, SALES ,53
2838,46,101821,2017-09-02,Support,74
2839,,106820,2018-10-31,,NaN
2840,62,60524,32/13/2020,,69
2841,51,62354,2022-05-05,,95
2842,24,76725,2023-10-30,HR,NaN
2843,20,2544633,2020-12-19,Sales, 85 
2844,twenty five,3946698,2019-10-21,Sales,72
2845,52,50000 ,2018-02-16,,70
2846,51,72747,2015-01-31,,67
2847,42,108043,2023-01-08,VeryLongDepartmentName123,74
2848,twenty five,,2017-05-06,Support,67
2849,29,,2016-09-26, SALES ,55
2850,62,111384,2023-07-28,,93
2851,41,28444,2016-11-03,human resources,65
2852,40,,,HR,50
2853,52,33141,2020-08-25,MKT,55
2854,twenty five,138911,2018-04-11,Support,53
2855,51,91352,2024/05/01,,92
2856,33,70783,not_a_date,Support!!,50
2857,37,126160,2022-06-27,Engg,68
2858,63,24531,2015-09-08,Support!!,65
2859,27,61701,2018-06-07,Marketing,74
2860,54,89081,,Support!!,97
2861,18,103511,2021-11-13,Support,90
2862,26,138164,2020-07-06,Marketing,80
2863,45,139429,not_a_date,,296
2864,18,4879751,2024/05/01,human resources, 85 
178,twenty five,50000 ,not_a_date,Support,55
2866,34,50000 ,2022-10-17, SALES ,68
2867,53,43723,2024-08-21,Support,NaN
2868,,63799,2023-07-07,Sales,58
2869, 30 ,$60000,2023-06-01,Support!!,88
2870,53,58756,2022-08-13,,72
2871,27,66709,2017-02-21,HR,66
2872,33,26135,2015-03-25,human resources,82
2873,19,,2016-11-28,sales,68
2874,54,83494,2015-02-10,Sales,83
2875, 30 ,83801,32/13/2020,,50
2876,21,124192,not_a_date,Sales,62
2877,27,123614,2021-07-26,Support,87
2878,26,63071,2019-03-10, SALES ,68
2879,24,88582,2016-09-04,Hr,291
2880, 30 ,21497,2023-07-22,human resources, 85 
2881,52,50000 ,2020-03-31,VeryLongDepartmentName123,51
2882,49,148224,,HR,52
2883,twenty five,abc,2019-05-14,,78
2884,20,52875,2017-04-22,VeryLongDepartmentName123,96
2885,19,$60000,2018-07-09,Engineering,52
2886,61,79810,2015-10-07,Support,86
2887,29,50356,2024/05/01,,95
2888,48,28739,2024-06-06,,NaN
2889,50,53849,2021-07-13,sales,-10
2890,53,45336,2015-09-10,Support!!,NaN
2891,43,147263,2024-05-11,Hr,56
2892,100,73778,2015-07-04,Sales,99
394,twenty five,$60000,2018-09-14,Support!!,
2894,54,137457,2023-12-09,,76
2895,41,129617,2022-06-25,Support!!,53
2896,65,113578,,Support!!,267
2897,24,111834,not_a_date,human resources,74
2898,49,80928,not_a_date,VeryLongDepartmentName123,97
2899,65,abc,2020-02-22, SALES ,63
2900,64,142280,,Sales,54
2901, 30 ,2765834,2015-08-10,,82
2902,45,139019,2023-12-03,Support!!,61
2903, 30 ,,2022-07-15,Sales,77
2904,38,56400,2022-04-24,sales,67
2905, 30 ,81126,2019-02-06,Marketing,83
171,,132362,2022-04-30,Marketing,73
2907,twenty five,67893,not_a_date,MKT,84
2908,,96354,2022-11-01,Marketing,70
2909,33,2807265, 2023-07-10 ,human resources,-10
2910,22,50000 ,2017-06-11,sales,67
2911,19,84554,2016-04-03,HR,75
2912,62,63959,not_a_date, SALES ,99
2913,18,34174,2019-12-19,sales,52
2914,60,123668,2023-07-28,VeryLongDepartmentName123,75
2915,33,21086,2024-01-17,MKT,91
2916,35,$60000,2024-05-30,Marketing,53
2917,59,76638,2021-08-14,Sales,99
2918,44,136615,2015-11-04, SALES ,77
2919,164,71975,,,100
2920,56,29810,2015-01-02,HR,66
2921,40,35726,2018-12-22,Engg,174
2922,37,108527,2022-04-13,sales,83
2923,38,120776,2015-04-05,Engg,85
2924,,107752,2024-02-20,,70
2925,62,95577,2015-05-29,Marketing,244
2926,51,86839,2015-03-04,Engineering,89
2927,44,77093,not_a_date,Engineering,
2928,,118643,2022-02-13,Engg,
2929,49,75115,2019-01-26,,92
2930,41,$60000,2021-12-19,sales,
2931,60,132295,2024-12-18,Engineering,66
2932,59,$60000,2024-10-13,Marketing, 85 
2933,23,113266,2023-06-12,human resources, 85 
2934,55,37554,,Engg,66
2935,61,134984,2018-11-11,VeryLongDepartmentName123,52
2936,55,90022,2020-09-01,,51
2937,62,121168, 2023-07-10 ,Marketing,80
2938,64,43286,2016-06-19,Support,163
2939,63,57986,2019-12-29,Support,54
2940,31,30279,2024/05/01,human resources,70
2941,22,118084, 2023-07-10 ,human resources,163
2942,26,50000 ,2018-12-17,Hr,81
2943,53,, 2023-07-10 ,Support,56
2944,60,,,human resources,-10
2945,46,107908,2024/05/01,Sales,72
2946,,104031,2023-01-30,Support!!,95
2947,30,65263,2021-07-29,Engg, 85 
2948,33,80725,2022-08-16,Engg, 85 
2949,39,26303,2015-02-07,Hr,66
468,61,23911,2022-05-28,MKT,66
2951,56,55776, 2023-07-10 ,sales,60
2952,50,$60000,32/13/2020,,86
2953,46,84175,2015-02-13,Engg,92
2954, 30 ,70594,2019-08-28,Support!!,NaN
2955,56,142163,2024/05/01,Engineering,94
2956,20,50000 ,2024-12-19,Engineering,NaN
2957,21,abc,2020-03-08,,82
2958,30,82445,2022-07-10,Support,60
2959,56,71454,2022-10-25,Sales,-10
2960,,70355,2016-01-29,human resources,NaN
337,26,94963,2017-12-08,Engineering,NaN
2962,twenty five,117235,2020-11-25,Hr,-10
2963,twenty five,93134,not_a_date,Support!!,94
2964,45,39839, 2023-07-10 , SALES ,72
2965,49,45413,2021-09-17,Support,60
2966,49,abc, 2023-07-10 , SALES ,83
2967,64,26437,2019-07-10,Support!!,97
2968,38,50000 ,2022-08-19,,66
2969,46,91834,2024-04-22,Engineering,71
2970,46,73532,,MKT,94
2971,28,1002174, 2023-07-10 ,Engg,53
2972,18,53095,,Sales,91
2973,176,50964,2021-06-01,Marketing,88
2974,,100477,2020-11-29,human resources,82
2975,59,52078,2021-11-12,Marketing, 85 
2976,33,64426,,Engg,60
2977,twenty five,126800,2021-12-17,sales,80
2978,52,,2022-03-03,,50
2979,,57274,2021-05-12,sales,
2980,48,,2015-08-15,,62
2981,48,96718,2021-05-25,Engineering, 85 
2982,53,102954,2024-08-21,Marketing,79
2983,twenty five,126555,2024-09-23,Engineering,NaN
2984,39,118838,2018-04-12,Hr,58
2985,64,109950,,MKT,59
2986,40,abc,2015-11-18,Support!!,54
2987,64,56432,2021-03-17,sales,52
2988,49,46277,2015-01-10,human resources,90
2989, 30 ,2555910,2015-04-09,human resources,76
2990,,91763,2023-10-06,Sales,83
2991,53,$60000,2021-06-07,HR,50
2992,45,48278,2017-12-04,Support,77
2993,28,64036,2019-06-23,Engg,72
2994,200,61740,2022-07-03,VeryLongDepartmentName123,58
2995,137,89886,2020-08-18,Marketing,70
2996,157,abc,2016-09-02,Sales,83
147,twenty five,59711,,Engineering,77
2998,41,31708,2015-03-10,Support!!,72
22,20,38058,2015-04-05,Engineering,74
3000,twenty five,131712,2015-06-16,VeryLongDepartmentName123,75
3001,,62625,2023-05-05,sales,64
3002,36,54161,2024-10-11,,65
3003,20,$60000, 2023-07-10 ,,84
3004,38,50000 ,,Sales,78
3005,50,147091,2021-04-16,sales, 85 
3006,,33257,32/13/2020,VeryLongDepartmentName123,73
3007,32,1453005,2019-06-05, SALES ,87
3008,37,92793,2022-04-06,Marketing,
3009,49,137152,2018-02-11,Hr,76
3010,41,abc,2023-04-19,Support,68
3011, 30 ,,2021-04-03,Sales,77
3012,30,142015,2018-07-03,VeryLongDepartmentName123,50
3013,25,abc,2019-11-19,Support!!,68
3014,53,76392,2023-01-27,HR,94
3015,40,$60000,2024-09-18,Engg,84
3016,59,111373,2020-04-12,sales,250
340,49,,2016-10-10,Engg,NaN
3018,36,139474,2024-08-23,sales,84
3019,36,50000 ,2024/05/01,HR,NaN
3020,64,86143,2021-10-08,VeryLongDepartmentName123, 85 
3021,29,24161,2017-04-25,,50
3022,53,,2023-12-03,Support,56
3023,28,52706,2024/05/01,HR,97
3024,22,$60000,2021-02-06,VeryLongDepartmentName123,66
3025,19,21613,2017-01-21,HR,68
3026,59,4396292,2016-06-23, SALES ,85
3027,24,64217,2016-05-28,sales,53
3028,49,,2020-11-14,sales,80
3029,44,50000 ,2016-01-16,,93
3030,,$60000,32/13/2020,,-10
458,39,71269,2015-06-12,Engg,68
3032,46,130508,2015-09-16,HR,60
3033,31,107899,32/13/2020,Hr, 85 
3034,36,58225,2020-09-03,Marketing,67
3035,58,116527,2017-06-06,Engineering,283
3036,19,91323,2019-01-18,Sales,52
3037,twenty five,123487,32/13/2020,MKT,
3038,44,96111,,Sales,63
3039,,50000 ,,Support!!,75
3040,32,144968,2016-10-01,sales,57
3041,65,34435,2021-06-03,human resources, 85 
431,32,2502026,2019-02-20,sales,
3043,27,147486,2019-03-22,Engg,70
3044,,78425,2015-11-29,Support,NaN
3045,twenty five,101020,2022-10-14,,93
3046,51,72565,2024-08-31,HR,70
3047,,abc,2018-06-30,human resources,54
3048,twenty five,54563,2015-01-03,Support,69
3049,183,45173,2017-11-07,Support,75
3050,23,34857,2020-01-26,HR,92
3051,,abc,2019-01-04,,77
3052,65,,2015-08-23,Support!!,59
3053,35,42613,2022-12-07,,NaN
3054,45,89228,2016-08-20,Support,77
3055,45,143392,2016-02-05,Support,65
3056,27,57568,not_a_date,,98
3057,55,57747,not_a_date,Engg,91
3058,33,21557,2024-07-04,Support,86
3059,42,120396,2020-11-28,Hr,67
3060,33,68643,2024-08-09,MKT,88
3061,41,129665, 2023-07-10 ,Engg,70
3062,31,93008,2018-01-05,Support,51
3063,145,85823,2020-01-05,Support!!,53
3064,56,103244,2016-01-24,sales,52
3065,58,43265,2022-03-31,VeryLongDepartmentName123,84
3066, 30 ,124734,2024-03-19,sales,58
3067,28,44297,2020-08-03, SALES ,95
3068,45,2780978,32/13/2020,sales,81
3069,124,3063168,2024-09-04,Support,188
3070,twenty five,86608, 2023-07-10 ,MKT,92
3071,39,104016,2024-09-06,,97
3072,63,108002,not_a_date,Engg,64
3073,61,50000 ,32/13/2020,sales,
3074,41,43346,2024/05/01,Hr,56
3075,,93100,2020-11-15,, 85 
3076,24,50000 ,2019-12-06,Marketing,57
3077,65,$60000,2021-12-03,,73
3078,52,91364,2024-01-07,HR, 85 
3079,32,,32/13/2020,MKT,251
3080,18,140352,2020-09-10,Marketing,85
3081,19,94009,2020-10-20,human resources,84
3082,28,116511,2018-12-21,human resources,
3083,42,84673,2022-06-06,Support!!,64
3084,63,76459,2023-05-04,HR,96
3085,32,147471,not_a_date,Engg,86
3086,18,36985,2024-01-17,sales,78
3087, 30 ,39324,2018-08-08,Sales,58
3088,32,77823,2016-06-13,Sales,97
3089,60,,2022-11-14,human resources,-10
3090,65,62813,2023-05-06,Support!!,96
3091,123,103341,2019-02-24,VeryLongDepartmentName123,67
403,twenty five,98829,2017-09-21,Sales,168
3093,40,70803,2021-05-27,sales,72
3094,18,25269,2017-11-09,,74
3095,52,67353,2024/05/01,MKT,75
3096,23,111315,2023-04-13,sales, 85 
3097,145,68252,2015-04-03,Hr,51
3098,22,83049,2023-08-05,Support!!,99
3099,,,2019-07-05,Engg,74
3100,35,67903,2020-08-30,MKT,196
3101, 30 ,137274,2017-09-18,, 85 
3102,63,122385,2023-01-15,human resources,67
3103,54,95292,2018-10-23,,NaN
3104,36,85947,2022-03-22,Engg,92
3105,54,50000 ,2018-01-28,,59
3106,52,77044,2019-10-08,Support!!,55
3107,28,abc,2021-11-08,HR,87
3108,44,95387,32/13/2020,,63
3109,44,132161,2020-05-09,Engg,NaN
3110,107,144732,2018-03-01,Hr,-10
3111,38,102566,2017-12-30,VeryLongDepartmentName123,290
3112,42,108226,32/13/2020,Support!!,197
290,61,116171, 2023-07-10 ,Support!!,86
3114,63,130296, 2023-07-10 ,Engineering,NaN
3115,29,134706,not_a_date,Support,223
492,24,2488504,2022-08-20,Marketing,66
3117,55,$60000,2015-03-30,,71
3118, 30 ,82446,2024/05/01,Marketing, 85 
269,125,38536,2020-05-21,Hr,77
3120,35,101725,2022-07-18,MKT,89
3121,188,,2021-01-30, SALES ,56
3122,23,, 2023-07-10 ,Sales,93
3123, 30 ,,2023-02-01,Engg,83
3124,48,102564,2023-03-31,HR,80
3125,54,,32/13/2020,human resources,89
3126,61,110567,2024/05/01,Support!!,65
3127,35,,2019-11-22,Engg,66
3128,23,2235491,2023-10-18, SALES ,100
3129,195,50000 ,32/13/2020,Sales,50
3130, 30 ,$60000,2017-01-07,Engineering,56
3131,38,68500,2022-06-03,sales,82
3132,23,111017,2023-01-11,sales,
3133,19,20892,2022-11-30,VeryLongDepartmentName123,
3134,60,134655,32/13/2020,MKT,-10
3135,61,137500,2024/05/01,Engineering,87
3136,106,55500,2023-02-04,Sales,-10
3137,200,abc,2023-05-16,Support!!,89
3138,,44974,2024-09-02,Hr,88
3139, 30 ,39617,2015-02-03,,NaN
3140,34,74398, 2023-07-10 ,,56
3141,24,93148,2019-04-17,Sales,73
3142,40,,2021-02-24,Engineering, 85 
3143,57,,2023-11-14,Support,94
3144,25,106235,2024-11-21, SALES ,-10
3145,105,107200,not_a_date,,92
3146,twenty five,48831,2020-04-18, SALES ,91
3147,61,2312351,2023-10-14,Sales,55
3148,25,20782,2020-04-22,Marketing,73
3149,45,25995,2016-06-21,Support!!,61
3150,25,$60000,2016-03-29,human resources,97
3151,twenty five,147531,2015-08-11,VeryLongDepartmentName123, 85 
3152,35,102319,2021-08-17,Support!!,
3153,26,27972,2024/05/01,Marketing,92
36,43,51582,32/13/2020,VeryLongDepartmentName123,89
3155,42,74178,2019-07-21,VeryLongDepartmentName123,97
3156,33,83986,2024-01-29,Sales,187
3157,35,124956,2024-03-22,VeryLongDepartmentName123,56
3158,36,148744,2019-11-26,Engineering,288
3159,54,56261, 2023-07-10 ,,-10
3160,42,109553,2021-12-30,,-10
3161,33,36579,2021-06-21,Sales,73
3162,21,26544,2024/05/01,Marketing,80
3163,52,23193,not_a_date,Marketing,72
3164,26,61890,2015-08-18,sales,NaN
3165,61,114313,2024/05/01,Support!!,90
3166,23,127704,2015-01-14,Engg,97
3167,56,,2022-01-03, SALES ,87
3168,57,39772,2024-07-16,HR,53
3169,46,126563,,HR,58
3170,45,,,human resources,199
3171,35,119697,2023-06-16,Marketing,68
3172,24,95882,2023-10-05,HR,65
3173,62,51367,2019-05-03,Sales,89
3174,34,52133,2019-11-19,VeryLongDepartmentName123,79
256,65,116166,2019-10-14,HR,
3176,53,39298,2017-04-04,MKT,-10
3177,58,88634,2016-07-21,sales,90
3178,43,109862,2022-04-17,sales,74
194,51,83746, 2023-07-10 ,, 85 
3180,45,4255796, 2023-07-10 ,Hr,78
64,,100976,2018-11-17,VeryLongDepartmentName123,-10
3182,173,45217,2023-12-05,human resources,79
3183,29,50000 , 2023-07-10 ,Engineering,256
3184,61,89626,2015-02-05,,61
3185,33,$60000,2020-11-30,Engg,55
3186,58,77620,2018-03-08,,92
3187,56,,2024/05/01, SALES ,52
3188,26,21839,2023-01-07,VeryLongDepartmentName123,98
3189,twenty five,111484,2018-07-20,,70
3190,138,79561,2021-06-03,MKT, 85 
3191,57,54050,not_a_date,Engg,92
3192,30,99406,2016-09-27,human resources,82
3193,45,abc,2018-01-05,Support,69
3194,55,,2022-04-06,Engineering,59
3195,58,76877,2015-11-06,MKT,55
3196,38,142616,2023-01-29,sales,75
3197,59,20556,2024-03-18,Support!!,85
3198,30,45990,,human resources,56
230,60,133315,2016-01-17,HR,
3200,,139033,32/13/2020,,76
3201,40,45226,2020-07-01,Support,NaN
261,40,138386,2020-08-03,human resources,70
3203,65,41450,2023-04-10,,60
3204,,84881,2018-04-22,Support, 85 
3205,61,140446,2023-03-16,Hr,NaN
3206,43,83022,2023-11-07,Support!!,68
3207,60,50000 ,2018-04-09,Hr,-10
3208,42,abc,2021-10-11,Engg,99
3209,175,95101,2024/05/01,Support!!,208
3210,32,56075,2020-03-29,Support!!,76
3211,33,58333,2020-01-17,Marketing,89
242,25,$60000,2017-01-17,Engineering, 85 
3213,twenty five,48496,2020-02-10,Sales,51
3214,64,37058,2017-01-29,Engg,95
3215,46,85015,2017-11-11,Support!!,89
3216, 30 ,106974, 2023-07-10 ,HR,62
3217,35,125709,2017-07-08,Marketing,86
3218,65,abc,2023-02-11,MKT,68
3219,24,49344,2015-10-17,Support,64
3220,49,28332,2023-05-28,sales,53
3221,28,106889,2019-01-01,VeryLongDepartmentName123,83
3222,32,134633,2017-03-02,sales,63
3223, 30 ,128534,,Hr,61
3224,38,abc,2023-07-09,,92
167,46,52911,2024-01-28,,67
3226,59,107704,2015-01-26,MKT,78
3227,32,63438,2015-08-29,human resources,59
3228,30,79366,2020-05-07,human resources, 85 
3229,43,124359,2023-01-27,human resources,53
3230,41,59858,2024-06-19,Support,79
3231,48,82874,2024/05/01,human resources,96
3232,37,112098, 2023-07-10 ,Engg,56
3233,47,21663,32/13/2020, SALES ,95
3234,,105110,2019-03-28,Engg,57
3235,47,55283, 2023-07-10 ,,77
3236,36,50000 ,2021-02-28,Engg,59
3237,twenty five,81484,2021-01-17,Marketing,
3238,65,43195,2020-08-19, SALES ,94
3239,34,149497,not_a_date,,59
3240,42,146754,2024/05/01, SALES ,98
3241,25,75068,2021-05-15,Hr,100
3242,44,90606,2016-04-28,VeryLongDepartmentName123,82
3243,55,1098285,,Support!!,53
3244,61,abc,2021-05-01,VeryLongDepartmentName123,93
3245, 30 ,145464,,,68
3246,45,33477,2022-09-06, SALES ,88
3247,19,148274,2018-02-21,Support,80
3248,38,111968,not_a_date,sales,83
3249,53,,2018-05-29,Support,79
3250,31,50000 ,not_a_date,,-10
3251,49,89665,2024-07-14,Support,65
3252,34,50000 ,not_a_date,Marketing,151
3253,35,68582,2017-05-13,MKT,65
3254,50,51747,2016-11-14,,95
3255,,abc,2023-11-17,MKT,60
3256,41,53951,2023-08-26,human resources,283
3257,20,40871,2019-02-05,Support!!,61
3258,45,$60000,2020-03-11,Support!!,63
3259,26,142824,2019-08-02,Engg,155
3260,65,abc,32/13/2020,VeryLongDepartmentName123,98
3261,61,31763,2021-08-14,MKT,84
3262,,116810,2022-11-25, SALES ,89
3263,41,83795,2018-01-10,, 85 
3264,27,106088,2023-08-27,Engineering,58
3265,31,93269,2019-03-21,Sales,91
3266,20,89373,2016-09-14,MKT,87
3267,,84928,2023-05-31,Sales,90
193,59,61415,2024/05/01,Engineering,
3269,55,108783,2023-07-09,,83
3270, 30 ,46782,2017-09-28,, 85 
3271,34,4229080,2024-06-04,HR,95
3272, 30 ,122411,2022-09-02,VeryLongDepartmentName123,64
3273, 30 ,83990,2019-03-20,Marketing,-10
3274,65,98431,2022-10-07,VeryLongDepartmentName123,NaN
3275,18,,,Marketing,51
3276,49,92273,2020-12-23,human resources,
134,47,92513,2015-02-09,MKT,72
461,29,2358342,2016-10-01,HR, 85 
3279, 30 ,131051,2018-06-30,Sales,74
3280,20,137241, 2023-07-10 ,Support!!, 85 
3281,31,65984,not_a_date,human resources,95
3282,20,55665,2020-06-10,HR,96
3283,,46609,2021-07-30,,100
3284,39,74378,2024/05/01,Sales,-10
3285,,134503,2020-08-27,Sales,NaN
3286,23,51610,,human resources,154
3287,61,70922,2022-03-18, SALES ,98
3288,,65620,2021-02-20,VeryLongDepartmentName123,51
3289,20,$60000,2019-05-16,,51
3290,60,87528,2017-03-14,Support!!,84
3291,58,21331,2017-11-19,,85
3292,32,58712,not_a_date,Support!!,-10
3293,143,22008,2015-07-23, SALES ,96
3294,160,37725,2016-07-23,MKT,55
402,28,50000 ,,Support,
3296,46,,32/13/2020,VeryLongDepartmentName123, 85 
3297,52,59212,2017-12-25,Support,78
3298,53,,2024/05/01,Support!!,-10
3299,40,76894,2019-04-17,Hr,80
3300,42,92755,2015-08-26,Support!!,69
3301,40,50000 ,2020-10-08,Engineering,152
3302,,21468, 2023-07-10 ,,71
3303,25,131986,32/13/2020, SALES ,99
3304,twenty five,116200,2024-02-08,Sales,68
378,43,134162,2022-04-02,sales,81
3306,158,abc,2018-02-10,Sales,65
3307,160,141340,2023-12-25,human resources,70
3308,twenty five,41504,2016-11-16,Hr,62
3309,58,62093,2016-03-23,VeryLongDepartmentName123,69
3310,32,86455,2022-10-18,Marketing,260
3311,48,abc,2019-10-19,Support!!, 85 
3312,,54444,not_a_date,human resources,77
3313,27,141268,not_a_date,Hr,100
3314,35,124005,2020-01-26,VeryLongDepartmentName123,99
3315,43,115178, 2023-07-10 ,Marketing,
153,50,abc,2024/05/01,Sales,82
3317,26,125700,2024/05/01,,
3318,52,76876,32/13/2020,MKT,62
3319,,60046,not_a_date,Sales,64
3320,183,,2021-04-16,Support!!,63
3321,62,111172,2021-04-05,sales,92
3322,33,,2019-07-30,Sales,211
3323,47,1055949,2015-02-28,Engg,93
3324,50,3464825,2024/05/01,Marketing,90
3325,58,27584,2016-09-27,,83
3326,55,75278,2016-08-31,HR,
3327,50,108084,2023-06-10, SALES ,74
3328,35,70556,2015-11-14,,50
3329,28,3356532,,Hr,63
3330,45,49014,2023-12-12,Engg,NaN
3331,61,,2024-08-22,MKT,80
3332,34,74422,2017-09-25,Support,73
3333,,113647,2019-01-23,MKT,82
3334,50,abc,2021-05-05,VeryLongDepartmentName123,74
67,29,85081,2022-03-08,Engg,100
3336,43,146161,2019-08-11,HR,50
3337,37,$60000,2024-03-20,Marketing,70
3338,24,140316,2024-07-05,Support!!,
3339,20,68122,32/13/2020,VeryLongDepartmentName123,75
3340,37,,2021-03-24,Support,98
175,39,88599,2024-05-25,Hr,50
3342,25,108348,32/13/2020,HR,51
3343,137,97315,2018-04-16,HR,78
3344,39,,not_a_date,HR, 85 
3345,55,91661,2023-02-21,,98
3346,104,,2017-12-01,human resources,74
3347,57,$60000,2017-05-03,VeryLongDepartmentName123,51
3348,125,100062,2021-09-09,Engg,100
3349,,143358,2024-09-06,Marketing,91
3350,24,83343,2021-10-19,human resources,96
3351,31,81820,2020-01-24,MKT,-10
3352,,110144,2017-04-13,Marketing,-10
3353,33,55328,2019-10-13,,50
3354,54,58930,2017-09-07,human resources,89
3355,187,2956495,2019-01-23,Hr,80
3356,34,92038,2020-04-30,Engg,65
3357,33,50000 ,32/13/2020,Engineering,51
3358,48,81563,not_a_date,MKT,88
3359,46,82671,2023-09-03,Support,NaN
3360,44,120300,2015-10-14,Engineering,75
3361,,37016,2021-11-23,Marketing,227
3362,46,71661,not_a_date,,68
3363,28,24116,not_a_date,,82
3364,55,,2015-04-17,Hr,77
3365,56,44660,2018-07-18, SALES ,57
3366,62,80577,2024-06-25,sales,96
3367,33,77132,2016-09-25,Sales,291
3368,63,50000 ,2023-01-07,,68
3369,22,149929,2022-06-30, SALES ,58
3370,41,36708,2015-09-10,HR,NaN
3371,29,127753,2016-12-09,Support!!,93
3372,58,$60000,2019-10-27, SALES ,91
356,33,$60000,2024-06-30,sales,79
3374,65,134941,2016-07-21,Support,92
3375,22,23025,2019-10-31,sales,79
3376,18,55765,2023-07-26,MKT,
3377,62,122187,2016-03-16,MKT,85
3378,55,abc,2022-02-03,HR,59
170,41,115004,2024-12-16,Marketing,100
3380,32,121302,2018-03-30,MKT,-10
3381,46,50000 ,2024/05/01,human resources,82
3382,46,126643,2021-08-07,, 85 
3383,39,abc,2022-03-07,Engg,78
3384,40,27006,2024-10-06,Sales,183
3385,twenty five,26159,2018-03-23,HR,66
3386,30,abc,2024-03-31,VeryLongDepartmentName123,NaN
3387,52,20054,2016-05-09,,61
3388,57,, 2023-07-10 ,,67
3389,32,75089, 2023-07-10 ,Support!!, 85 
3390,22,50000 ,32/13/2020, SALES ,NaN
3391,63,111191,2024-01-02,Hr,65
3392,117,149170,2015-06-06,Engineering,NaN
3393,51,29489,2017-11-13,Sales,-10
339,52,105891,2023-03-29,human resources, 85 
3395,58,78964,not_a_date,,79
3396,64,142115,2024-05-06,Sales,63
3397,twenty five,61220,32/13/2020,,
314,twenty five,,2020-04-03,human resources,62
3399,63,89337,2016-03-02,Engg,201
3400,29,109804,2021-02-06,,90
3401,50,30364,32/13/2020,Marketing,64
3402,47,140926,2022-11-16,Engineering,-10
3403,45,36868,2019-09-10,Engg,62
3404,51,$60000,2018-04-06,Engg,69
3405,twenty five,61616,2019-04-05,Marketing,81
3406,41,70560,not_a_date,Support,97
3407,19,104735,2023-12-05,Support,99
3408,58,116655,2020-07-05, SALES ,71
3409,40,50138,2020-08-30,,98
3410,19,120131, 2023-07-10 ,Support!!,92
3411,54,30990,2017-12-13,VeryLongDepartmentName123,63
3412,62,100680,2017-10-16,Hr, 85 
3413,27,117673,2024/05/01,Engineering,88
3414,64,99172,2016-12-06,MKT,60
3415,40,69496,2017-04-22,HR,56
3416,43,49221,2024-09-21,Support!!,79
3417,26,72574,2023-07-21,sales,195
3418,60,62952,2015-04-30,Support!!,90
3419,63,74985,2020-10-21,Hr,65
3420, 30 ,50000 ,2022-02-22,VeryLongDepartmentName123,73
3421,52,125765,2020-06-18,Engineering,56
3422,55,105955,2020-03-09,,93
3423,50,abc,2024/05/01,VeryLongDepartmentName123,58
3424,49,70485,2018-10-16,HR,56
3425,34,106116,2024/05/01,MKT, 85 
207,42,24317,2017-09-30,Engg,76
3427,51,50000 ,2019-09-16, SALES ,85
297,25,87037,not_a_date,Sales,79
3429,65,$60000,2016-09-25,Sales,98
3430,45,,2021-08-14,Engg,250
3431, 30 ,129889,2016-06-03,Engg,60
3432,27,63533,2017-08-31,Hr,74
3433,52,100709,2015-12-29,Sales,97
3434,51,146663,2022-04-14,HR,91
3435,23,abc,2017-05-01,Sales,55
3436,21,132496,2018-05-04,sales,90
3437, 30 ,109421,2018-01-30,human resources,66
3438,28,87644,2020-06-04,Hr,87
3439, 30 ,90787,,Support,85
3440,19,57384, 2023-07-10 ,Support,59
3441,62,75268, 2023-07-10 ,Marketing,96
54,25,,2018-04-16,MKT,93
70,20,138508,2018-01-08,,73
3444,28,83490,2017-09-21,VeryLongDepartmentName123,NaN
3445, 30 ,27443,2024-04-20,Engineering,69
3446,34,$60000,2016-09-22,human resources,72
3447,53,141996,2019-03-29,human resources,72
3448,42,114990,2017-12-31,Marketing,NaN
3449,50,abc,2017-12-21,human resources,-10
3450, 30 ,57571, 2023-07-10 ,Hr,97
3451, 30 ,131771,2021-08-15,Engineering, 85 
3452,38,50000 ,2022-06-17,HR,-10
3453,23,113562,2022-10-26,,62
3454,18,99116,2017-11-23,HR,67
3455,37,144321,2017-05-19,Support!!, 85 
3456,47,61469,2021-01-19,Hr,76
3457,twenty five,103911,32/13/2020,HR,NaN
164,,89667,2018-10-08,MKT,78
3459,24,31857,2024/05/01,HR,-10
3460,37,120260,2018-09-04,MKT,194
3461,195,140201,2017-01-03,,
3462,twenty five,27170,,Hr, 85 
3463,49,55886, 2023-07-10 ,Engineering,97
3464,43,103665,2021-02-19,Support,71
3465,23,115358,2024-07-31,,
3466,146,90252,2016-08-03,,91
3467,132,125220,2015-07-06,,64
3468,51,abc,2017-03-15,Hr,98
3469,185,51439,2021-03-22,sales,63
3470,42,abc,2022-12-24,HR,-10
3471,18,abc,2019-02-25,Sales,50
3472,38,103077,,human resources,81
3473,28,46470,2017-10-29,Engineering,52
3474,24,,2023-07-18,Support,59
3475,26,50000 ,2023-07-12,sales,58
3476,138,abc,not_a_date,Support!!,58
3477,28,54702,2022-06-05,Support,95
3478,56,2596488,32/13/2020,VeryLongDepartmentName123, 85 
3479, 30 ,133796,2019-01-26,HR,50
3480,56,,,HR,96
3481,30,58204,2022-07-01,Marketing,79
3482,194,28392,2021-08-30, SALES ,83
3483,23,62654,2017-06-09,human resources,81
3484,55,56424,32/13/2020,human resources,59
3485,19,94357,2017-07-17,VeryLongDepartmentName123,NaN
3486,30,abc,2021-03-14,,-10
3487,57,141402,not_a_date,,67
3488,21,65267,2016-06-12,HR,NaN
216,37,$60000, 2023-07-10 ,Support,-10
3490,59,92875,2021-05-29, SALES ,92
89,41,112640,2016-02-28,,73
3492,22,78418,2020-09-09,Sales,53
3493,20,54948,2024-06-12,,59
164,26,58657,2017-06-22,Support!!,72
3495,63,$60000,2020-12-25,HR,97
3496,29,2524423,2018-02-27,Engg,NaN
3497,,133915, 2023-07-10 ,Support!!,97
36,104,21214,2022-03-07,Hr,-10
3499,19,128347,2023-09-27,Support!!,
3500,29,47263,2019-08-24,Hr,53
3501,61,abc,2017-06-07,sales,85
3502,twenty five,35173,2024/05/01,HR,51
3503,47,28524,2021-01-20,Engineering,57
3504,twenty five,abc,2021-11-29,Sales,76
3505,twenty five,48239,2015-05-28,Engg,61
3506,20,62058,2016-12-25,Hr,96
3507,55,50177,2024-02-11,sales,87
3508,57,32895,2018-01-06,,89
3509,57,123721, 2023-07-10 ,,78
3510, 30 ,,2022-02-17,HR,59
3511,,101966,2024-06-02,Engineering,67
36,26,127373, 2023-07-10 ,Engineering,83
3513,22,$60000,2024-12-27,Marketing,55
3514,24,27177,not_a_date,, 85 
3515,,116141,2019-04-12,Support,85
3516,25,22608, 2023-07-10 ,HR,61
3517,48,121518,2024-12-16,,88
3518,62,76126,2018-10-26,human resources,91
426,53,101513,2022-10-04,Support!!,72
3520,37,118147,2024-06-19, SALES ,75
7,55,32086, 2023-07-10 ,Marketing,84
3522,49,32278,2021-04-27,,99
3523,62,,2022-03-13,,78
3524,57,52478,2015-05-27,VeryLongDepartmentName123,NaN
3525,41,68132,32/13/2020,sales, 85 
3526,,42384,2015-07-03,,-10
3527,,,2024-07-01,, 85 
3528,63,66340,2019-06-21,sales,75
3529,,$60000,2019-06-21,Support!!,59
3530,46,abc,2023-11-17,,51
3531,44,38627,2021-08-04,human resources,75
3532,30,55969,2024/05/01,sales,-10
3533,152,$60000, 2023-07-10 ,,91
3534,46,81321,2019-05-27,,63
3535,18,41750,2023-12-06,human resources, 85 
3536,,84479,2024-03-15,Marketing,88
3537,57,112495,32/13/2020,,98
3538,53,58611,2022-09-24,HR,83
3539,twenty five,98993,2024/05/01,Engineering,75
3540,63,65161,2015-04-01,Engg,56
3541,49,29922, 2023-07-10 ,,65
3542, 30 ,104619,32/13/2020,,NaN
3543,63,23097,2018-06-17,HR,
3544,21,78518,2015-01-03,Sales, 85 
3545,42,71440,2017-06-08,Engineering,218
3546,23,39638,2019-08-30,Support!!,99
3547,34,91522,2024/05/01, SALES ,97
3548,22,23864,2017-11-10,,96
3549,twenty five,138610,2021-09-25,Support,65
3550,42,,2020-04-13,,62
3551,52,abc,2023-08-27,Engineering,92
3552,149,128126,32/13/2020,MKT,86
3553,39,102363,2016-11-25,,71
3554,40,46330,2023-08-09,Support!!,96
3555,56,55724,2024/05/01,human resources,83
3556,32,122005,not_a_date,,65
3557,29,50000 ,2024/05/01,,82
3558,57,26129,2019-06-29,HR,69
3559,twenty five,50000 ,2019-07-24,sales,NaN
3560, 30 ,abc,2017-06-01,VeryLongDepartmentName123,57
3561,45,106638,2021-02-12,Marketing,77
3562,22,1581398,2022-01-24, SALES ,91
3563,61,78080,2020-10-26,Support,59
3564,30,98335,2020-08-21,,89
3565,130,134291,2015-09-26,human resources,61
3566,39,50000 ,2015-04-17,Engineering,92
3567,twenty five,,,VeryLongDepartmentName123,50
3568,,126869,2018-05-13,Support!!,88
3569,40,119165,2017-08-10,sales,NaN
3570,30,abc,2018-09-12,Hr,62
3571,61,76830,2024-07-20,,87
3572,30,132647,2021-05-01, SALES ,95
3573,55,133217,2016-01-02,MKT,63
3574, 30 ,42214,2023-04-11,HR,82
3575,64,97007,2021-09-06,VeryLongDepartmentName123,50
3576,37,50000 , 2023-07-10 ,Engineering,52
3577,38,3923362, 2023-07-10 ,,67
3578,153,84697,2016-05-05,VeryLongDepartmentName123,89
3579,54,98018,2021-09-08,Engineering,54
3580,44,22368,2021-06-08,Hr,51
3581,51,64607,2023-04-27,Engineering,-10
3582,56,84605,2015-05-17,sales,90
3583,145,141512,2021-04-15,Marketing,94
3584,37,3078091,2022-11-11,human resources,56
3585,193,120240,2023-06-27,, 85 
3586,58,121725,,,93
445, 30 ,86098,2020-12-13,VeryLongDepartmentName123,
3588, 30 ,149379,2023-11-01,Marketing,100
3589,twenty five,47020,2023-06-06,human resources,91
3590,51,144172,not_a_date,Hr,57
3591,18,$60000,2019-05-02,Sales,72
3592,65,abc,2015-02-04,,299
3593,42,76539,2015-11-17,VeryLongDepartmentName123,53
3594,,abc,2019-11-02,sales,69
3595,32,141645, 2023-07-10 ,Engineering,NaN
3596,62,130797,not_a_date,HR,NaN
3597,58,138709,2024/05/01,Support!!,69
3598,,118299,2024/05/01,Support,82
3599,18,20971,2023-03-07,Hr,77
3600,46,$60000,2020-03-27,Hr,73
3601,54,134721,2018-10-08,sales,95
3602,34,38052,2016-06-09,Marketing,-10
3603, 30 ,,, SALES ,91
3604,133,87593,not_a_date,sales,74
3605,41,135829,2017-06-18,sales,166
3606,twenty five,134678,32/13/2020,human resources,80
3607,19,72363,2020-04-21,MKT,94
3608,59,,,Support!!,74
3609,30,23445,2016-03-10,MKT,92
3610,40,1277032,2015-02-03,Support!!, 85 
3611,,125931,2018-06-01,Engineering,97
3612,37,83774,2016-04-03,MKT,54
3613,47,139734,2018-08-11,Support,61
3614,29,124463,2018-03-15,Support!!,78
3615,49,$60000,2022-10-12,Engg,NaN
3616,58,54136,2017-11-12, SALES ,78
3617,21,72067,2020-02-22,sales,76
3618,46,1923837,,Engg,58
3619,59,50000 ,2020-10-30,sales,68
3620,142,79870,2023-02-13,Engg,78
3621,39,146970,2016-03-01,,
3622,,70056,2017-11-24,Sales,91
3623,24,50000 ,2016-10-01,VeryLongDepartmentName123,59
3624,134,122512,not_a_date,Sales,168
3625,42,145038,2016-03-13,Support!!,53
3626,41,149933,2023-03-29,MKT,89
3627,18,72030,2022-01-17,sales,83
3628,twenty five,29462,2015-04-22,,-10
3629,43,52106,32/13/2020,sales,88
3630,44,66353,32/13/2020,Support,
3631,31,142128,2016-11-10, SALES ,-10
3632,twenty five,50000 ,2015-12-03,Engg,94
3633,31,87624,2015-08-23,,61
3634,51,41548,,human resources,-10
3635,,99883,2019-08-06,Sales,95
3636,41,81221, 2023-07-10 ,MKT,86
3637,65,119336,2022-07-04,Engineering,-10
3638,41,$60000,2017-12-22,HR,60
3639,20,1044503,2016-11-20,HR,67
3640,43,137598,2015-12-20,sales,70
3641,,29343,,Marketing,-10
3642, 30 ,143749,2016-06-19,VeryLongDepartmentName123,65
3643,48,84219,2020-06-07, SALES ,73
3644,18,50788,2024/05/01,HR,63
3645,58,74348,2022-03-24,Marketing,80
3646,44,83509,not_a_date,Support!!,76
3647,,,,Hr,86
3648,twenty five,101540,2018-09-04,Hr,97
3649,33,134314,32/13/2020,Sales,-10
3650,24,140608,2015-04-15,MKT,85
3651,32,,2018-09-10,,88
3652,,83487,not_a_date,sales,239
3653,55,94278,2019-12-18,sales,94
3654,twenty five,129214,2024-11-08,sales,77
3655,47,50000 ,2018-06-02,VeryLongDepartmentName123,55
3656,47,35555,2021-01-09,Hr,53
3657,60,138714,,Engg,73
3658,56,78041,not_a_date, SALES ,246
3659,36,116724, 2023-07-10 ,Hr,76
3660,48,55836,2016-08-28,, 85 
3661,30,$60000,2021-06-18,Sales,56
3662,55,115517,2020-09-04,Support!!,63
161,23,75900, 2023-07-10 ,Support!!,NaN
3664,22,,2020-01-02,Support,63
3665,28,2269588,2016-07-30,Support!!,-10
3666,34,25446,2018-05-28,human resources,76
3667,60,75996,32/13/2020,MKT,200
3668,30,76835,2019-08-24,Engg,55
3669,33,83451,2022-10-14,,58
3670, 30 ,146256,2016-12-14,sales,88
3671,57,50000 ,2016-07-30,,NaN
3672,24,92345,2018-07-08,Support!!,66
3673,25,abc,2018-11-12,Engg,66
3674,,141964,2024/05/01,,80
3675,55,31667, 2023-07-10 ,,76
3676,59,88531,not_a_date, SALES ,63
3677,52,100949,2024/05/01,Engg,82
3678,54,104823,2017-07-17,Engg,NaN
3679,49,132881,2018-11-03,MKT,62
3680,54,122031,32/13/2020,Marketing,53
3681,51,56269,2017-04-17,Support!!,55
3682,,60635,2024-10-20,Sales,74
3683,41,84831,2023-05-08,Support,79
3684,47,124841,,,88
3685,55,66351,2016-02-08,MKT,64
3686,20,28197,not_a_date,MKT,
3687,57,$60000, 2023-07-10 ,sales, 85 
3688,21,62205,2024/05/01,HR,NaN
3689,twenty five,,2017-03-12,HR,69
3690,44,,not_a_date,Hr,NaN
3691,34,125453,32/13/2020,Support,294
3692,65,46724,2022-04-22,HR,95
3693,27,89640,,Support,86
3694,42,34875,2022-07-28,Marketing,65
3695,54,120971, 2023-07-10 ,,70
3696,60,$60000,32/13/2020,VeryLongDepartmentName123,83
3697,28,,2017-12-10,MKT,NaN
3698,57,23089, 2023-07-10 ,human resources,NaN
3699,57,83023,2024/05/01, SALES ,70
3700,29,71276,2022-11-24, SALES ,72
3701,65,$60000,2022-10-07,VeryLongDepartmentName123,69
3702,27,abc,2024-03-27,Support!!,
3703,46,27163,2017-10-25,Support!!,90
107,24,1219098,2015-10-04,Sales,266
3705,25,40415,2024/05/01,Engineering,99
3706,twenty five,101656,not_a_date,Engg,
3707,40,144120,2018-12-06,Engineering,60
3708,20,59838,32/13/2020,Engg,77
3709,63,4451592,2018-12-20,Marketing,77
3710,49,83714,2019-02-05,,96
3711,22,20687,2024-10-17,,50
3712, 30 ,131159,2023-10-22,,50
3713,,abc,2023-07-23,Engg,90
3714,29,,2024/05/01,,NaN
3715,38,abc,2021-08-14,,56
3716, 30 ,91589, 2023-07-10 ,,92
3717,61,76787,2018-11-27,VeryLongDepartmentName123,-10
3718,26,25788,2020-07-26,Support,99
3719,45,23336,2023-01-19,sales,68
3720,58,79281,2015-09-10,Sales,73
3721,36,42024,32/13/2020, SALES ,55
3722,44,129203,2016-12-13,human resources,69
3723,,119500,2024-05-17,,92
3724,twenty five,abc,2024/05/01,Hr,-10
3725,52,116608,2021-07-16,MKT,92
3726,60,77011,2024/05/01,Support,51
365,60,119982,2024/05/01,Support!!,71
3728,56,abc,2017-03-31,HR,82
3729,33,136732,2024-10-06,Sales,90
3730,25,1966698,2022-07-01,VeryLongDepartmentName123,203
3731,46,119411,,Marketing, 85 
3732, 30 ,,2024-04-24,Marketing,69
3733,33,2334028,2023-09-23,Marketing,87
3734,197,64657,2015-03-02,Support!!,60
3735,24,128681,2023-10-22,sales,67
3736,21,81996, 2023-07-10 ,,64
3737,twenty five,26144,2018-10-02,,85
3738,36,103083,2015-06-28,Marketing,67
430,64,127109,2024-04-15,MKT,65
3740,24,50000 ,2022-09-21,VeryLongDepartmentName123,
3741, 30 ,abc,2021-07-19,Hr,262
3742,21,abc,2020-01-09,,255
3743,36,110933,2018-06-21,Marketing,60
3744,52,69664,2024-12-03,Marketing,66
3745,36,50000 ,,Support!!,83
3746,26,116706,2017-10-26,,
3747, 30 ,108788,not_a_date, SALES ,52
3748,31,$60000,2017-08-25, SALES ,85
3749,126,89596,2017-02-13,Support,84
3750,28,56850,2023-08-04,human resources,72
3751,51,89175,2023-12-17,MKT,89
3752,,abc,2024/05/01,Support!!,69
3753,63,36727,2022-01-05,,
3754,20,30623,2023-07-22,Engg,64
3755, 30 ,120257,2020-05-20,Marketing,81
3756,28,90738,2021-09-24,sales,57
3757,,67179,2019-12-10,Engineering,54
3758, 30 ,66771,2019-01-07,,53
3759,27,35353,2017-06-29,sales,80
3760,twenty five,65719,2017-09-06,MKT,65
3761,23,125110,2024-09-16,Engineering,56
3762,twenty five,37576,2016-01-18, SALES ,97
3763,twenty five,67569,2020-02-05,Support,61
3764,38,71552,2023-06-22,Support!!,64
3765,177,130411,32/13/2020,HR,
3766,42,4544242,2015-10-30,Engg,67
3767,36,114904,2019-10-15,Hr,NaN
3768,42,105852, 2023-07-10 ,HR,64
3769,twenty five,50000 ,2016-01-12,sales,
3770,144,100093,2024/05/01,Engineering,82
3771,40,144464,2018-08-06,Hr,98
3772,63,$60000,2022-02-01,MKT,69
3773,38,3160617,2018-09-04,Sales,91
3774,32,63719,,Engg,56
3775,28,29309,2021-04-23,MKT,60
3776,64,146005,2021-11-13,Support,99
3777,41,50000 ,2023-01-21,HR,155
3778,48,147127, 2023-07-10 ,Sales,83
3779,32,121340,2021-08-19,Hr,79
3780,63,33283,,MKT,94
3781,twenty five,78645,2020-07-01,Hr,76
3782,46,50000 ,2015-09-16,Marketing,93
3783,22,20423,2023-10-27,HR,79
3784,26,$60000,2017-06-12,,97
473,52,94225,2023-02-22,MKT,79
3786,20,abc,,HR,
3787,,63169,2016-05-12,Engineering,NaN
401,141,61437,not_a_date,Support!!,55
3789,34,$60000,2021-12-05,,60
3790,44,43519,,Support,81
3791,,,2016-06-17,Sales,76
3792,35,43315,2021-03-21,Sales,52
3793,20,74711,2023-07-01,,52
3794,59,29184, 2023-07-10 ,Engg,-10
3795,34,65111,2016-04-28,HR,
3796,31,4532955,not_a_date,,70
3797,26,97862,2019-10-21,Support!!,91
3798,27,50628,2023-06-27,,62
3799,31,145359,2017-06-13,human resources,60
3800,44,107928,2022-02-11, SALES ,64
3801,,103732,2024/05/01,sales,50
3802,37,34149,2016-09-21,HR,240
3803,47,64286,2015-09-20,Engineering,73
455,26,28435,2021-10-08,Marketing,-10
3805,,80218,2019-06-15,MKT,76
3806,51,142452,2024-01-31,Engg,56
3807,47,85921,2024-08-28,Engg,
3808,19,124962,2024-12-18,sales,62
3809,22,114924,2023-02-22,MKT,72
3810, 30 ,abc,2021-08-11,Engg,88
3811,52,57714,2018-04-23,Sales,96
154,25,82026,2023-12-22,Hr,91
178,42,$60000,2024-07-11,,65
3814,,143512,2024-08-26,Support,63
3815,24,60823,2024-06-03,Engg,52
3816,25,67820,not_a_date,VeryLongDepartmentName123,57
3817,37,91780,2020-05-02,HR,94
3818,61,56517,2023-09-14, SALES ,NaN
3819,,120564,2024/05/01,MKT,84
3820,27,63321,2019-06-15,Support,-10
3821,twenty five,109662, 2023-07-10 ,Marketing,86
3822,54,51008,2023-06-27,Support,51
3823,65,122886,2023-05-31,Engineering,193
3824,27,abc, 2023-07-10 ,VeryLongDepartmentName123,65
3825,156,144942,2024-10-02,HR,68
3826,46,58143,2018-04-17,VeryLongDepartmentName123,82
3827,,,2015-06-12,human resources,82
3828,21,64113,2019-04-13,Engineering,86
3829,41,144331,2021-11-29,Engineering,97
3830,49,$60000, 2023-07-10 ,Hr,NaN
3831,42,26564,2016-09-28,Sales, 85 
3832,63,39017,2020-05-06,Marketing,85
3833,56,20357,2015-10-31,Engg,97
262,46,36400,2018-06-08,MKT,93
3835,43,118233,2020-06-26,HR,-10
3836,25,$60000,2019-10-14,,65
3837,23,62007,2019-10-03,Support,
3838,39,74186,2024-09-27,Support!!,223
104,twenty five,103191,2020-01-01,Hr,70
3840, 30 ,84019,2021-04-03,Support,71
3841,48,abc,2015-08-26,human resources,92
3842,44,93748,2017-06-16,Marketing,NaN
3843,,111237,2017-12-15,,99
3844,57,70127,2016-10-05,Support!!,81
3845,twenty five,79525,2016-01-24,Sales,-10
3846,25,27204,32/13/2020,Sales,98
3847,49,37722,2015-08-06,HR,75
3848,50,123636,2022-03-16,MKT,69
3849,49,80980,2015-12-16,sales,88
3850,57,112861,2022-02-28,Support!!,-10
3851,31,107898,2019-05-27,Marketing,88
3852,,126201,not_a_date,Sales,70
3853,44,,2024-05-30,MKT,53
3854,62,123095,2016-11-05,,272
3855,22,78804,2016-09-15,sales,90
3856,25,$60000,2022-09-02,VeryLongDepartmentName123,91
3857,33,148432,2018-09-20,MKT,52
3858,46,52968,2023-12-14,Engg,
3859,36,125103,2020-05-29,,98
3860,60,58578, 2023-07-10 ,MKT,61
3861,26,31389,2015-03-23,Support!!,55
3862,187,101568,2022-02-06,human resources,80
3863,twenty five,138192,2020-09-09,Engineering,73
3864,twenty five,50000 ,2024-07-31,Support!!,96
3865,49,,2024-08-30,Engineering,69
3866,36,144387,2020-07-28,Marketing,100
3867,37,50000 ,2023-03-20,,67
3868,,3438180,2019-07-08,Marketing,63
3869,52,62949,2019-05-03,VeryLongDepartmentName123,
3870, 30 ,,2019-02-27,Sales,NaN
3871,64,129877,2023-04-16,Support,263
3872,45,53192,2015-01-10,HR,82
3873,107,113853,2019-10-22,Hr,65
3874,33,123405,2024/05/01,,96
3875,31,88420,2016-09-04,human resources,63
3876,24,117357,2016-08-04,Engg,81
3877, 30 ,50000 ,2021-09-10,Engineering,68
3878,52,$60000,2022-01-29,Engineering,61
3879,46,74173,2017-07-26,Support!!,88
3880,46,144468,2021-05-17,HR,94
3881,34,$60000,32/13/2020,Marketing,74
3882, 30 ,73589,2017-05-16, SALES ,
3883,twenty five,65644,2024-01-23,Engineering,50
3884,32,66518,2023-11-19,Sales,87
3885,62,147915,2024-10-30,human resources,54
3886,47,99607,2017-07-13,,NaN
3887,63,140330,2019-12-27,Engg, 85 
3888,38,142463,2015-02-12, SALES ,80
3889,62,132248,2018-07-31,sales,-10
3890,twenty five,40308,2015-06-03,Engg,NaN
3891,187,65402,2024/05/01,VeryLongDepartmentName123,66
3892,31,$60000,2018-06-20,Hr,-10
3893,43,93925,2018-07-21,Engineering,52
3894,45,21706,2024-03-01,HR,54
3895, 30 ,,2021-06-25,,59
3896,51,136496,2020-08-31,MKT,61
3897, 30 ,133294,2017-02-16,Support!!, 85 
3898,40,62722,2021-03-09,sales,85
3899,45,101553,,Support,NaN
3900,42,$60000,2019-05-27,Sales,NaN
3901,26,108183,2018-10-02,Sales,74
3902,146,131748,2022-10-22,Engg,86
3903,33,60420,, SALES ,70
3904,54,125909,2024-06-30,Sales,100
3905,37,49868,2016-11-20,,NaN
3906,twenty five,34295,not_a_date,Sales,287
3907,18,124884,2017-01-10,Marketing,73
3908,52,63733,2021-03-18,Support!!,72
3909,62,133398,2024-07-26,human resources,94
3910,53,79519,2022-12-28,,83
3911,58,145195,,sales,NaN
3912,44,71234,2019-01-22,Hr,65
3913,49,76827,2024-12-22,human resources,
3914,53,44189,2018-01-08,Marketing,75
3915,32,90450,2023-06-07,HR,55
3916,40,144025,2016-11-02,Engg,69
3917,,50000 ,2016-03-27,Engg, 85 
3918,,107330,2024-02-16,Hr, 85 
3919,49,60297,,HR, 85 
3920,39,126169,2024-07-07,Marketing,224
3921,34,$60000,32/13/2020,VeryLongDepartmentName123,65
3922,twenty five,4243477,2022-04-16,Support,57
3923,49,22630,2019-04-11,MKT,93
3924,40,2988245,2020-10-21,Hr,50
3925,50,83166,32/13/2020,VeryLongDepartmentName123,72
3926,38,4249757,2024/05/01,Sales,77
3927,33,28989,2018-06-27,Marketing,62
3928,47,114825,32/13/2020,Sales,74
3929,25,87059,2020-05-17,HR,NaN
3930,26,,2024-05-03,Engineering,
3931,39,,not_a_date, SALES ,
3932,54,abc,2017-03-08,Support,87
3933,twenty five,99962,2020-02-21, SALES ,94
3934,25,31944,2024/05/01,,76
3935,28,136027,2024-04-08,Sales,91
3936,121,99851, 2023-07-10 ,MKT,85
3937,twenty five,43060,,Engg,56
3938,60,,2019-10-01,human resources,99
3939,23,142262,2020-07-12,human resources,93
3940,65,64013,2023-07-02,human resources,-10
3941,51,36671,32/13/2020,HR,94
3942,40,abc,2024-07-12,Sales,96
3943,27,147418,2018-08-07,Engineering,92
3944,28,,2019-01-28,sales,76
3945, 30 ,abc,2019-08-04,,97
3946,48,54953,2024/05/01,Engineering,81
3947,23,119818,not_a_date,Engineering,
3948,35,47213,2024-03-22,Support!!,198
3949,,abc,2020-02-03,Marketing,99
3950,31,$60000,2024/05/01,MKT,88
3951,48,142944,2021-05-21,MKT,-10
3952, 30 ,139432,2019-05-12,sales,55
3953,101,84807,2020-10-29,,78
3954,twenty five,126815,2019-07-31,Engineering,84
3955,52,31651,2022-10-13,Engineering,89
3956,43,58034,2023-05-27,human resources,92
105,27,25438,2021-02-13,MKT,89
3958,37,44686,32/13/2020,,60
3959,,50000 ,2020-09-28,Support,96
3960,57,58248,2015-09-02,Marketing,95
3961,63,139127,2017-11-09,sales,69
3962,,43370,2021-09-22,VeryLongDepartmentName123,251
3963,47,38118,2021-05-28,Support!!,71
3964,45,50000 ,2021-02-26,sales,99
3965,52,20209,,MKT,93
3966,22,47947,2017-08-23, SALES ,65
3967,21,81303,2018-11-16,Marketing,62
3968,49,62379,not_a_date,human resources,76
3969,,29168,2017-07-17,MKT,94
3970,30,47822,2024-05-07,MKT,91
3971,62,64907,2022-12-16,Engineering,NaN
3972,65,44084,2016-07-09,HR,69
3973, 30 ,47751,,human resources,65
3974, 30 ,70798,,Hr, 85 
3975,182,148445,2015-02-04,VeryLongDepartmentName123,NaN
3976,,53120,2022-07-30,human resources,90
3977,,1310966,2018-03-12,HR,91
3978,48,102519,2019-05-02,MKT,50
3979,,93523,2023-01-23,Marketing,50
3980,25,58877,2021-12-27,sales, 85 
3981,65,abc,2022-10-01, SALES ,82
3982,38,113151,,Engineering,89
3983,46,50000 ,2024-12-04,Sales,77
3984,48,145862,2015-11-17, SALES ,51
3985,51,103680,2022-11-16,,59
3986,,abc,2017-06-30,HR,72
3987,58,120020,2023-12-02,HR,78
3988,52,127692,2018-04-15, SALES ,98
3989,142,69388,2017-03-21,Sales,74
3990,53,100531,2024/05/01,Support!!,-10
3991,22,$60000,2018-04-01,VeryLongDepartmentName123,57
3992,46,,2015-01-06,Engg,71
3993,,97410,2024-12-11,Support,67
3994,25,108365,2022-09-02,Engineering,83
3995,59,,,Sales,92
3996,28,63857, 2023-07-10 ,human resources,100
3997,twenty five,29603,32/13/2020,,76
3998,,27693,2023-09-14,Sales,83
3999,24,140022,2015-08-06,sales,
4000,58,86764,2015-03-02,sales,84
4001,twenty five,4406291,2015-07-20, SALES ,87
4002,35,109969,2016-01-03,Marketing,84
4003,65,21654,2023-04-28,Support!!,66
4004, 30 ,41575,32/13/2020,,55
4005,194,94329,2021-08-08,Hr,64
4006,19,114384,2017-10-07,Hr,73
4007,23,70978,2020-05-06,Sales,96
4008,37,139494,2015-05-07,VeryLongDepartmentName123,83
4009,52,38309,2017-11-08,VeryLongDepartmentName123,78
4010,28,50000 ,2022-04-16,Engineering,87
4011,55,108739,2016-10-07,,51
4012,45,69269,2016-07-03,sales,100
4013,34,105880,2018-06-02,Engg,55
4014,40,56472,2018-07-16,Engineering,71
4015,26,33705,2015-03-14,Support!!,62
4016,55,135892, 2023-07-10 ,,76
4017,33,99613,2022-03-29,Hr,76
4018,62,45058,32/13/2020,HR,-10
4019,26,$60000,not_a_date,HR,63
8,twenty five,65179,2023-04-01,VeryLongDepartmentName123,51
4021,45,abc,2015-06-02,Support,89
4022,54,71764,2023-09-21,MKT,83
4023,51,,2019-08-26,sales,78
4024,63,2334963,2021-05-25,Support!!,89
4025,57,115537,2017-12-20,sales,
4026,52,64298,2016-10-29,Hr, 85 
4027,52,77921,2023-01-10,human resources,-10
4028,21,$60000,not_a_date,Sales,-10
4029,,29851,, SALES ,93
4030,29,83114,2024/05/01,Support,152
4031,36,, 2023-07-10 ,Sales,-10
4032,63,1789326,2021-06-04,MKT,90
4033,44,50000 ,2019-03-05,HR,60
4034,62,24413,2018-11-20,Engg,51
4035,138,120720,2015-06-19,VeryLongDepartmentName123,81
4036,27,43445,2017-05-18,MKT,79
382,43,$60000, 2023-07-10 ,,67
4038,27,141040,2019-09-19,Engg,74
4039,35,abc,2021-04-19,MKT,81
4040,45,108702,2019-03-03,Engineering, 85 
4041,33,36703,2022-06-30,Marketing,59
4042,31,1452422,2017-09-12,Hr,-10
4043,46,96571,2015-11-13,Sales,78
4044,54,134672,2020-09-01,,95
4045,39,abc,2018-04-27,Engineering,75
4046,twenty five,65369,2017-08-11,Hr,58
4047,57,115929,2019-10-16,human resources,66
4048,24,116726,2021-11-20,Engineering, 85 
4049,121,4095250,2022-09-20,Support,85
4050, 30 ,,2020-03-11,Support!!,57
4051,118,$60000,2017-11-06,Engg,71
4052,,50000 , 2023-07-10 ,Support!!,90
4053,34,50000 ,2020-11-17,Hr,81
4054,38,75966,2022-04-07,HR,66
4055,40,115193,2019-04-04,Engineering,-10
4056,twenty five,63463,2021-05-08,MKT,277
4057,33,109695,2022-09-16,VeryLongDepartmentName123,79
4058,20,97187,not_a_date,,58
4059,twenty five,abc,,Support,81
393,41,30132, 2023-07-10 ,Engineering,NaN
4061,twenty five,60576, 2023-07-10 ,HR,63
4062,40,$60000,2020-05-24,HR,84
4063,35,100316,2016-07-21,Hr,93
4064,41,88117,2016-11-20,Support!!,57
4065,47,138358,2024-04-29,MKT,69
4066,48,77423,2015-10-12,human resources,81
4067,,50000 ,2024-12-08,HR,83
4068,18,abc,2020-08-24,Support!!,93
4069,,,2016-03-28,Support!!,NaN
4070,,136765,2018-06-13,MKT,89
4071,64,93819,2022-01-26,,95
4072,118,123311,2024/05/01,Engg,52
4073,26,,2017-08-20,MKT,99
293,twenty five,129549,2024-07-10,Hr,NaN
4075,25,138562,2018-08-20,Sales,90
4076,20,45802,2017-09-04,,163
4077,30,129483,2022-10-17,Support,67
4078,34,61151,2019-04-12,Marketing,99
4079,44,56444,2018-06-03,Sales,50
4080,46,55549,2015-03-12,,61
4081,64,110414,,,59
4082,192,35546,2019-02-20,Engg,77
4083,62,131732,2019-04-11, SALES ,98
4084,37,57378,2024/05/01,Support,64
4085,40,108614,2020-08-02,,94
4086, 30 ,37801,2018-02-24,Hr,90
4087, 30 ,113704,2022-08-02,Marketing,60
4088,47,126157,,Support,167
4089, 30 ,50000 ,2017-08-12,Marketing, 85 
4090,64,118240,2015-04-01,Hr,74
497,24,92892,2016-06-15,,70
4092,33,49256,2017-03-22,sales,58
4093,24,106411,2019-06-05,Marketing,205
4094,60,1711272,2021-05-14,VeryLongDepartmentName123,71
4095,51,90084,2022-12-09,Marketing,90
4096,57,25136,2024-06-14,HR,65
4097,46,130842,2020-09-03,,-10
4098, 30 ,70608,2020-07-04,Engg,
4099,49,85287,2023-06-28,Hr,54
4100,58,23705, 2023-07-10 ,Support,-10
4101,,94805, 2023-07-10 ,Support,79
4102,twenty five,62244, 2023-07-10 ,VeryLongDepartmentName123,86
4103,65,1822351,2019-12-21,Hr,90
4104,65,111402,2015-03-03,,-10
4105,25,125287,2021-02-03,VeryLongDepartmentName123,76
4106,54,115513,2024-09-30,Engg,82
4107,40,58855,2019-03-01,,70
4108,31,102137,,human resources,62
4109,32,abc, 2023-07-10 ,Support!!,82
4110,,143136,,Sales,NaN
4111,,124616,2021-07-19, SALES ,50
4112,28,63734,2024-02-29,Engg,-10
4113, 30 ,129122,2023-10-16,Support!!, 85 
4114,32,121309,2018-06-24,VeryLongDepartmentName123,68
4115,twenty five,50000 ,2024-04-17,MKT,NaN
4116,34,102724,2023-08-30,Engineering,-10
4117,21,38700,,Engineering,-10
4118,18,99969,2016-10-12,Support!!,83
4119,27,50000 ,2015-05-13,human resources,74
4120,36,137850,2022-12-04,Hr,70
4121,39,abc,2018-11-30,Support, 85 
4122,63,22500,2018-04-21,Hr,233
4123,23,abc,,Support,90
4124,24,127775,2016-09-05,Hr,67
4125,31,65364,32/13/2020,Support!!,67
455,56,72956,not_a_date, SALES ,171
4127,45,121915,2017-08-22,Marketing,96
4128,59,50000 ,2024-08-18,HR,59
4129,32,67357,2016-05-05,sales,86
4130,31,,2024/05/01,sales,91
4131,twenty five,72426,2021-06-05,Engineering,55
4132,27,112164,2017-10-16,Support!!,242
4133,52,114156,2022-10-30,,95
4134,24,85067,2019-10-24,Marketing,84
4135,183,70615,not_a_date,MKT,NaN
4136,60,50236,2016-10-27,HR,NaN
4137, 30 ,abc,not_a_date,VeryLongDepartmentName123,84
4138,178,78036,2018-01-23,Hr,87
4139,38,43146,not_a_date,Hr,98
4140, 30 ,118761,2021-10-08,Engg,66
4141,65,139487,2018-11-19,,NaN
4142,60,36372,2018-03-14,Marketing,192
4143,,109764,32/13/2020,,77
4144,19,131895,2020-10-08,VeryLongDepartmentName123,87
4145,18,55880, 2023-07-10 ,human resources,55
4146,55,96048,2015-02-16,Sales,-10
4147,54,87175,2024/05/01,Support!!,60
4148,,132155,2022-03-13,Sales,84
4149,42,2374736,2024-12-27,Marketing,86
4150,25,,2020-09-20,Engineering,-10
4151,36,33474,2019-03-09,MKT,82
4152,160,121873,2016-08-20,human resources,67
4153,62,110139,2022-05-28,Engineering,275
4154,64,137615,2024-12-14,MKT,55
4155,59,85101,2023-04-27,Support,
4156,25,46475,32/13/2020,,84
4157,44,148899,2022-06-23,HR,84
4158,25,88410,2024-01-14,human resources,57
4159,60,,2019-05-17,Engineering,
4160,46,27614,2024-12-26,Sales,61
4161,130,94522,2015-11-25,Support,-10
4162,38,65397,2019-06-30,MKT,63
4163, 30 ,57175,2024/05/01,Sales,88
4164,23,44668,,MKT,74
4165,46,127305,2022-05-08,Engineering,53
4166,46,22314,2018-08-28,MKT,71
4167,40,45650,2024/05/01,human resources,95
4168,twenty five,,2020-10-19,Marketing, 85 
4169,42,43047,,Sales, 85 
4170,26,abc,2015-12-14,Support,NaN
4171,52,132677,2017-12-14,Engineering,100
4172,26,135565,2016-01-14, SALES ,215
4173,40,53327,2021-11-25,Sales,-10
4174,37,42277,2019-03-13, SALES ,85
4175,65,135977,2015-07-17,Engg,81
4176,29,abc,2020-07-15,Sales,54
4177,21,50642,2019-11-20,Support,53
4178,47,74411,2024/05/01,Support,NaN
237,twenty five,129821,,sales,66
4180, 30 ,,2015-08-24,Sales,93
4181,64,32306,2023-01-21,,73
4182,38,$60000,2018-10-22,HR,66
4183,54,127543,2021-08-01,Engineering,79
4184, 30 ,,2024/05/01,Support!!,100
4185,39,$60000,2024-01-12,,-10
4186,62,97711, 2023-07-10 ,Support!!,77
4187,27,129220,2016-02-27,Support!!,161
4188,twenty five,133079,2016-12-08,HR,61
4189,twenty five,60778,2022-06-04,Support!!,88
4190,22,145641,2021-11-18,,100
4191,26,111540,2023-11-05,Engg,98
445,34,abc,2015-07-11,Hr,76
4193,19,66965,2022-02-05, SALES ,99
4194,18,43774,2024/05/01,Marketing,76
4195,47,60877,2021-09-07, SALES ,NaN
4196,36,3867780,2022-08-19,,96
4197,25,,2022-08-13,Hr,67
4198,51,122013,2023-03-31,Hr,234
4199,57,,2020-05-18,sales,55
4200,36,,2018-12-11,human resources,90
4201,25,129951,2023-11-27,Engg,-10
4202, 30 ,4040159,2015-07-28,Support!!,63
4203,58,,2021-04-30,,63
4204,,103697,2019-01-27,Sales,75
4205, 30 ,103178,,VeryLongDepartmentName123,93
4206,50,59979,2019-08-05,,67
4207,46,$60000,32/13/2020,human resources,50
4208, 30 ,104809,2020-08-21,HR,72
4209,51,50000 ,not_a_date, SALES ,160
4210,55,140063,2024-10-06,Marketing,
4211,44,149556,2017-06-25,human resources,76
4212,19,,2017-02-12,Sales,66
4213,42,76299,2018-09-06,VeryLongDepartmentName123,
4214,35,139240,2023-06-18,Support!!,196
4215, 30 ,66110,,,50
4216,21,50000 ,2024/05/01,MKT, 85 
4217,63,95824,2020-12-04,Engineering,96
4218,64,106539,2019-10-08,sales,100
4219,47,54170,2022-11-29,Sales, 85 
4220,32,116231,2015-12-08,Sales,56
4221,34,92893,2018-03-03,Support,228
4222, 30 ,87920,2021-06-18,,75
4223,59,96325,2019-06-19,Marketing,69
4224,43,141954,2023-09-08,Support,70
4225,50,143810,2024-06-09,Engg,65
4226,46,46997,2019-03-28,Hr, 85 
4227,41,149836,2024/05/01,Engg,70
4228,31,42713,not_a_date,Support,85
4229,35,$60000,2016-06-13,Support,94
4230,45,55925,2024/05/01,Sales,167
4231,twenty five,23286,2021-07-22, SALES ,73
4232,36,$60000,2015-09-06, SALES ,100
4233,58,83411,2021-05-30,Engg,99
4234,59,73771,32/13/2020,,87
4235,54,,2018-08-12,Engineering,
4236,27,$60000,2021-03-11,VeryLongDepartmentName123,68
4237,47,1231653,not_a_date,VeryLongDepartmentName123,90
389,26,21491, 2023-07-10 ,Support,76
4239,170,46546,2016-09-03, SALES ,-10
4240,102,121395,2016-09-04,HR,276
4241,43,92901,2022-06-27,sales,88
4242,28,36633,2023-02-26,Hr,-10
4243,24,39229,not_a_date,Engg,93
4244,199,,2023-01-05,Sales,93
4245,28,100388,2017-04-01,Sales,275
4246,46,39013,2023-03-27,Engineering,100
4247,49,70047,2020-09-10,human resources,81
4248,38,,2020-08-16,HR,61
4249,36,3830736,2022-08-13,,89
4250,65,40282,2024-11-10,MKT,240
4251,46,78538,,,NaN
4252,47,,,Engg,66
4253,20,36313,2022-01-15,Engg,83
4254,26,20253,2017-07-07,Hr,57
4255,19,45443,2017-07-30,Marketing,67
4256,24,68384,2023-11-30,,90
4257, 30 ,94075,2020-03-09,HR,58
4258, 30 ,135677,2021-06-13,,-10
4259,153,93635,2015-06-15,,NaN
4260,twenty five,69784,2021-01-11,Support!!,215
4261,20,,2016-12-18,human resources, 85 
4262,twenty five,42992,not_a_date, SALES ,61
4263,120,$60000,2017-09-15,sales,57
4264,44,124153,2020-03-20,Engg,82
4265,62,140394,2019-12-09,Hr,100
4266,45,84191,2018-04-04,,86
4267,42,119107,2021-02-05,VeryLongDepartmentName123,51
436,25,40509,2020-05-06,Support,81
4269,29,31594,2024/05/01,Support,66
4270,40,139561,2019-12-23,Marketing,NaN
4271,22,2307830,2021-05-17,,86
4272,twenty five,45044,2024-03-21,Marketing,88
4273,51,23811,2024/05/01,sales,75
4274,41,, 2023-07-10 ,human resources,62
4275,36,44023,2024-11-27,VeryLongDepartmentName123,82
4276,40,50000 ,2020-08-11,,NaN
4277,60,,2021-09-10,Support!!,63
4278,twenty five,90128,2023-12-31,Hr,97
4279,24,28950,2024/05/01,Support!!,100
4280,172,118801,2024-01-17,VeryLongDepartmentName123,53
4281,41,112777,2021-12-03,Engg,71
4282,21,50000 ,2024-02-07,sales,61
4283,147,67936,2017-10-09,Support,84
4284,46,77898,2017-02-22,MKT,55
4285,29,140856, 2023-07-10 ,MKT, 85 
4286,twenty five,3234761, 2023-07-10 ,, 85 
4287,57,107201,2020-11-10,Hr, 85 
4288,38,,2017-08-16,human resources,99
4289,44,116373,2017-11-03,Engineering,271
4290,189,,2015-09-26,VeryLongDepartmentName123,66
4291,182,72044,2019-09-24,human resources,88
4292,38,98784,2021-01-16,VeryLongDepartmentName123,76
4293,22,118409,2018-03-16,Support,
4294,38,137359,2020-03-07,Sales,90
4295,50,123723,2018-03-07,,79
4296,22,67694,2015-07-29,VeryLongDepartmentName123,74
4297,52,abc,2024-01-22,MKT,156
4298,35,25121,2019-07-04,Support,60
4299,52,115117, 2023-07-10 ,sales,
4300,54,142673,2022-01-25,VeryLongDepartmentName123,63
4301,23,,2015-12-04,Sales,
4302,47,87034,2017-11-17,Hr,75
4303,44,$60000,2023-07-29, SALES ,59
4304,30,149334,2016-10-02,Engg,97
4305,,47866, 2023-07-10 ,Sales,52
4306,36,,2019-03-18,Hr,70
281,31,131905,2024/05/01,Engg,NaN
4308,58,59081,2021-04-17,Support!!,83
4309,30,134347, 2023-07-10 , SALES ,60
4310,44,140779,2015-03-10,sales,92
4311,55,62149,2018-10-11,MKT,55
4312,twenty five,101730,32/13/2020,human resources,66
4313,,20215,2017-10-08,,259
4314,24,abc,2021-10-29,Engg,72
4315,29,112747,2020-10-19,Engineering,59
4316,36,22318,2019-04-17,Engg,94
4317,20,52923,2020-07-10, SALES ,83
4318,58,106470,2020-03-07,VeryLongDepartmentName123,NaN
4319,62,71214,2017-10-15,VeryLongDepartmentName123,84
4320,,119954,not_a_date,human resources,63
4321,,137359,,Hr,99
4322, 30 ,137857,2022-10-18, SALES ,56
4323,35,119040,2021-07-19,Marketing,65
4324,44,50000 ,2019-07-14,Marketing,70
4325,,88494,2019-02-09,Support!!,59
4326,23,abc,2024-04-01,Engg,
4327,21,45021,2018-01-29,MKT,265
4328,32,85370,2016-05-07, SALES ,
4329,32,103795, 2023-07-10 ,Engg,79
4330,63,90295,2020-02-03,VeryLongDepartmentName123,90
4331,40,94708,2020-06-27,Support,70
4332,61,103564,2024/05/01,Marketing,79
4333,19,$60000,2018-12-17,human resources,69
4334, 30 ,134419,2015-12-20,human resources,54
4335,26,127957,2024-11-22,Engineering,72
4336,29,$60000,2023-09-22,sales,50
4337,43,116264,32/13/2020,Support!!,50
4338,60,82107,32/13/2020,Engg,
4339,50,103428,2022-12-29,Hr,99
4340,35,130157, 2023-07-10 ,Engineering,91
4341,31,59440,2017-02-15,sales,85
4342, 30 ,96044,2024-06-29,,51
4343,48,109355,2022-01-24,MKT,94
4344,32,$60000,2024-04-25, SALES ,78
4345,60,59494,not_a_date,Engg,93
50,45,,2023-06-04,Support!!,222
4347,20,103974,2016-08-11,,NaN
4348,twenty five,88004,,VeryLongDepartmentName123,61
4349,62,36456,2019-09-14,Marketing,91
4350,121,48986,not_a_date,Engg,90
4351,49,1464240,2024/05/01,VeryLongDepartmentName123,58
4352,60,24397,2022-02-09, SALES ,63
4353,31,120684,2024-06-16,, 85 
4354,twenty five,,2020-09-10,Engineering,88
4355,62,$60000,32/13/2020,Support!!,88
4356,38,40468,2024/05/01,Support,56
4357,151,24546,32/13/2020,Hr,61
4358,158,34918,2022-07-29,Hr,67
4359,,103953,2018-01-25,MKT,64
4360,165,48333,2021-09-26,human resources, 85 
4361,31,149475,2015-05-29,human resources,97
4362,28,109574,32/13/2020,Hr,87
4363,31,$60000,2016-02-18,,63
4364,57,31015,2022-11-14,Engineering,94
4365,51,140172,2020-01-19,Engg,54
4366,60,99013,2022-07-04,sales,95
4367,61,22746,2015-11-13,MKT,98
4368,56,123352,2020-05-24,Hr,
4369,139,88662,2024-06-12,,63
4370,,49331,2016-04-22,Sales,87
4371,34,91050,2022-06-27,Support,90
4372,32,87107,,Engineering, 85 
4373,61,,2018-08-12,, 85 
4374,50,139351,2021-12-26,Support,76
4375,22,,2015-05-24,human resources,52
4376,159,,not_a_date,,95
4377, 30 ,68985,2015-07-03,Support!!,76
4378,50,134056,2023-02-07,Sales,82
4379,46,116117,2020-01-20,,52
4380,54,$60000,2024/05/01,VeryLongDepartmentName123,90
4381,36,130057,,Marketing,50
4382,53,91368,2019-07-10,,NaN
4383,42,118743,2022-12-01,Marketing,-10
4384,31,146886,2023-06-22,HR,61
4385,54,85324,2023-02-09, SALES ,78
4386,twenty five,65485,not_a_date,MKT,89
4387,,62087,2017-12-30,Support!!,53
4388,48,99165,2017-03-15,,69
4389,53,49394, 2023-07-10 ,HR,
4390,30,59213,2018-03-08,Engg,255
4391,64,61885,,Support!!,59
4392,,117421,2024-10-05,human resources,63
4393,27,87878,2022-09-20,Engg,
4394,twenty five,31881,2018-06-19,Hr,84
4395,,50000 ,2024-01-21,Engg,80
4396,,30694,2019-03-13,Engg, 85 
4397,63,51435,2015-04-26,Support,69
4398,42,1446213,2024/05/01,Hr,79
4399,61,31456,2019-10-18,Support,86
4400,37,68098,2022-01-17,sales,69
4401,27,43460,32/13/2020,sales,60
4402,27,87345,2018-06-23,MKT,67
4403,50,117064,2015-12-23,Engg,58
4404,36,93256,2018-09-19,VeryLongDepartmentName123,
4405,,50000 ,not_a_date,Support, 85 
4406,,abc,2015-04-07,Engineering,55
4407,50,89573,,,52
4408,135,$60000,2016-09-11,,78
4409,64,27399,2017-06-07,VeryLongDepartmentName123,55
4410,40,2439439,2019-01-17,,88
4411, 30 ,121400,2017-03-13,HR,-10
4412,40,64697,2024-08-05, SALES ,51
4413,twenty five,95569,2020-01-17,MKT,
4414,22,135140,,sales, 85 
4415,50,141768,2023-11-03,sales,56
4416,32,77840,2024/05/01,Support!!,86
4417,57,62003,32/13/2020, SALES ,
4418,59,abc, 2023-07-10 ,human resources,71
24,65,89536,2022-03-27,Engg,58
4420,61,125457,2016-03-28,Support,-10
4421,32,134730,2022-04-16,MKT,76
4422,27,30553,2019-02-11,Support!!,269
4423,32,50000 ,2019-01-21,VeryLongDepartmentName123,59
4424,,144748,32/13/2020,Support,64
4425,21,49108,,human resources,100
4426,34,143815,2018-03-25,human resources,98
4427,19,, 2023-07-10 ,Marketing,55
4428,183,121328,2023-11-15,,NaN
4429,137,74277,2022-01-31,Support!!,53
4430,27,60918,not_a_date,Engg,NaN
4431,34,41692,2017-10-12,sales,279
4432,38,53181,2020-11-07,Support!!, 85 
4433, 30 ,53975,2022-03-11,,59
4434,20,32443,32/13/2020,Engg,60
4435,62,50000 ,2016-04-14,,79
4436,34,$60000,2024-11-25,HR,58
4437,189,,2018-02-13,human resources,NaN
4438,27,134121,2020-04-29,,99
4439,32,2653139,2015-08-26,MKT,71
4440,,abc,2020-07-29,Hr,88
4441,,,2024/05/01,MKT,89
4442, 30 ,56651,2021-09-21,VeryLongDepartmentName123, 85 
4443,39,$60000,2024-04-27,Engineering,84
4444,65,1258002,2019-08-17,Engineering,
4445,46,126343,,Engg,195
4446,42,98407,2016-07-17,Engg,67
4447,43,1161869,2016-12-09,HR,96
4448,31,74884,2015-11-01,sales,98
4449,54,63038,2015-07-16,human resources,268
4450,18,50000 , 2023-07-10 ,,91
4451,44,112050,2021-02-08,Engg,84
4452,45,128492,,Engineering,
4453,18,56136,2020-09-21,HR,56
4454,59,137067,2015-02-19,Engg,96
4455, 30 ,28994,2015-06-14,VeryLongDepartmentName123,58
4456,,2262053, 2023-07-10 ,Engineering,73
4457,43,59152,2020-12-10,HR, 85 
4458,63,136667,,,78
4459,38,144674,2022-08-18,VeryLongDepartmentName123,70
4460,26,70909,2016-08-03,MKT,66
4461,22,25704, 2023-07-10 ,sales,96
4462,42,, 2023-07-10 ,VeryLongDepartmentName123,58
4463,117,abc,32/13/2020,human resources, 85 
4464,102,95631,not_a_date,MKT,72
4465,twenty five,93465,2024-07-05,MKT,91
4466,57,147498, 2023-07-10 ,Support,56
4467,37,50000 ,2021-06-23,MKT, 85 
4468,64,50000 ,,sales,53
4469,twenty five,100529,2019-04-26,Support!!,70
4470,27,131056,2015-06-02,human resources,71
4471,57,52991,2021-06-23,Engg, 85 
4472,30,133661,2015-05-06,Hr, 85 
4473,37,103318,not_a_date,HR, 85 
4474,42,44900,,Marketing,
4475,36,137662, 2023-07-10 ,human resources,NaN
4476,,80055,2017-11-01,Engg,79
4477,31,abc,2018-01-14,sales,67
4478,34,43862, 2023-07-10 ,Sales,70
4479,26,25875,2021-08-15,,51
4480,31,22106,32/13/2020,HR,NaN
4481, 30 ,4465608,2016-08-20,Marketing,74
4482,64,50000 , 2023-07-10 ,Support!!,76
4483,65,27255,2018-11-28,VeryLongDepartmentName123,56
422,23,4592979,2023-01-16,Marketing,98
4485,,109741,2015-02-05,Hr,92
4486,43,58011,2024/05/01,human resources,71
4487,20,,2020-04-29,Marketing,87
4488,37,71852,,MKT,73
4489,26,100936,2015-03-17,,62
4490,19,,2020-03-19,Engg,NaN
4491,24,$60000,2016-03-01,,65
4492,50,122290,2022-09-27,Engineering,
4493,114,$60000,2015-03-05, SALES ,94
4494, 30 ,32269,2020-06-07,Support,-10
4495,58,78570,2016-12-05,Sales,
4496,37,50000 ,2022-12-08,Support,63
4497, 30 ,,2021-01-05,,72
4498,50,,2016-09-09,Sales,56
4499, 30 ,20220,2024-02-12,Sales,82
4500,28,136655,,Engg, 85 
4501,19,43036,32/13/2020,Support,77
4502,60,47914,not_a_date,Hr,91
4503,18,2650161,2018-03-28,Engineering,59
4504,147,66992,2019-04-16,sales,299
4505,22,141997,, SALES ,NaN
376,107,$60000,2016-09-26,Engineering,NaN
4507,,137069,2015-02-11,VeryLongDepartmentName123,
4508,47,123970,2017-07-07,Engg,61
4509,28,110676,2024/05/01,Support,100
4510,65,96444,2021-03-17,Engg,68
4511,62,92276,,human resources,68
4512,30,142785,2017-12-26,Marketing,60
4513,43,119172,2021-01-02,Support!!,
135,50,75192,2020-03-17,,-10
4515,27,,2019-06-27,human resources,54
4516,42,62960,2019-02-05,Support,51
4517,32,99041,2019-01-30,human resources,164
4518,59,68942,2021-06-28,human resources,63
4519, 30 ,,2015-08-18, SALES ,97
4520, 30 ,43847,2016-01-19,Hr,72
4521,24,34468,2019-02-07,Hr,74
4522,,1924505,2024-07-07,,68
4523,129,143580,2023-09-16,Hr,54
4524,59,20439,2018-06-12,Support,81
4525,64,91418,2021-12-25,Engineering,80
4526,64,85276,2016-07-02,VeryLongDepartmentName123,-10
4527,55,124217,2016-03-08,Engg,70
4528,30,58776,2017-07-16,Support!!,83
4529,54,126453,2023-11-30,Engg,71
4530,56,89391,2019-10-05,sales, 85 
4531,43,71680,2021-12-12,Hr,-10
4532,42,58730,2020-12-24,,64
4533, 30 ,121215,2016-04-09,sales,63
4534,36,39970,2023-11-02,,89
4535,47,129159,not_a_date,Engineering,-10
4536,44,118877,2015-07-03,Engineering,78
4537,45,114943,2015-03-02,sales, 85 
4538,198,70051,2020-06-19,Support,NaN
4539,28,26563,32/13/2020,Engg,84
4540,,147980,,VeryLongDepartmentName123,89
4541,25,58915,2015-01-11,HR,NaN
4542,29,56776,2019-09-08,Marketing,95
4543,57,1594159,not_a_date,Sales,82
4544,52,102867, 2023-07-10 ,Engineering,56
4545,28,132711,,,
4546,54,98942,2024/05/01,HR,94
4547,53,59582,2020-04-02,MKT,69
4548,41,31709,2019-06-20, SALES ,
4549,25,96974,2015-12-03,Sales,98
4550, 30 ,82387, 2023-07-10 ,human resources,89
4551,51,$60000, 2023-07-10 ,VeryLongDepartmentName123,55
4552,33,28050,2020-05-12,HR,78
4553,29,50000 ,2023-02-28,Sales,83
4554,54,149798,2017-02-03, SALES ,94
4555,twenty five,31236,2022-01-22, SALES ,-10
4556,52,118133,32/13/2020,Support!!,
4557,35,122223,not_a_date,Sales,57
4558,twenty five,,2019-12-17,,59
4559,65,120457,2018-07-18,Engg,100
4560,56,3934837,2023-05-10,MKT,54
4561,32,1214725,,sales,NaN
4562,27,32782,2015-02-24,Marketing,-10
4563,54,137754,2023-10-09,human resources,95
4564,twenty five,50000 ,2024/05/01,Marketing,79
4565,32,86103,2015-01-29,Sales,97
4566,twenty five,99471,2023-10-12,human resources,-10
4567,38,49594,2020-03-01,Support, 85 
4568,40,107962,32/13/2020,Sales,91
4569,18,103021,2024-02-23,Sales,265
4570,65,2817619, 2023-07-10 ,Engg,71
4571,50,3294299,2017-07-09,human resources,-10
4572,63,50000 ,2023-11-09,Engg,99
4573,23,111205,2015-10-28,Engineering,51
4574,39,57827,2017-01-10,HR,77
4575,101,133629,32/13/2020, SALES ,79
4576,59,83911,2015-04-11,,71
4577,171,98966,2019-01-19,VeryLongDepartmentName123,57
4578,35,abc,2018-12-07,human resources,85
4579,48,83165,2024/05/01,Engg,93
4580,64,56943,2017-06-11,,51
4581,56,110929,2018-06-08,Sales,88
4582,28,50436,2021-03-16,Sales,84
4583, 30 ,140616,2016-11-04,,71
4584,twenty five,26248,2019-10-26,sales,65
4585,45,110472,2021-01-24,Sales,54
4586,twenty five,139056,2020-09-30,,68
4587, 30 ,141009,2017-07-31,Engineering,61
4588,49,136653,2024/05/01, SALES ,84
4589,twenty five,$60000,,,53
4590,,50000 ,2020-01-19,Engineering,67
4591,35,abc,2017-04-22,,80
374,42,39867, 2023-07-10 , SALES ,52
4593,58,21565,2023-06-08, SALES ,NaN
4594,64,2224944,2019-09-07,Support,65
4595,48,112257,not_a_date,human resources,66
4596, 30 ,120001,2015-08-19,MKT,99
4597,42,50000 ,2018-05-03,sales,69
4598,43,abc,2018-01-14,Support,97
4599,41,120013,32/13/2020,Sales,70
4600,19,83271, 2023-07-10 ,,
4601,20,,not_a_date,Hr,79
4602,50,3999939, 2023-07-10 ,Support!!,56
4603,twenty five,87372,2017-05-05,Support!!,60
4604,38,64639,2016-03-07,Hr,68
4605,33,93190,2015-05-14,Engineering,69
4606,62,70030,,human resources,53
4607,18,abc,32/13/2020,human resources,92
4608,48,53323,2020-08-19,VeryLongDepartmentName123,75
4609,51,23953,2019-01-25,Hr,57
4610,33,52065,2018-05-10,Sales,176
4611,166,44584,2017-05-22,Sales,77
4612,44,$60000,2017-02-17,,297
4613,29,50000 ,2017-05-16,sales,95
64,20,45056,2021-02-23,Sales,100
4615,24,92349,2015-02-14,Support!!,82
4616,23,50000 ,2024/05/01,sales,100
4617,105,98109,2024/05/01,Marketing, 85 
4618,31,abc,2016-01-06,,73
4619,54,,2015-05-25,VeryLongDepartmentName123,84
4620,49,110392,2015-07-22,human resources, 85 
4621,23,74958,not_a_date,Engineering,50
4622,23,$60000,,VeryLongDepartmentName123,176
4623,51,54853,2020-07-06,human resources,NaN
4624,32,73750,2017-05-03,Engg,215
4625,19,24060,not_a_date,Sales,78
4626,26,147984,2020-04-18,Hr, 85 
4627,twenty five,4081616,2022-01-29, SALES , 85 
4628,60,34511,,Marketing,82
4629,58,110433,2016-06-03,Engg,228
4630,33,134489,2020-05-06,Sales,281
4631,27,1249552,2018-02-11,Hr,92
4632,twenty five,52689,2016-02-08,,96
4633, 30 ,29471, 2023-07-10 ,Marketing,82
4634,129,50000 ,2016-12-08,human resources,100
4635,twenty five,27330,2015-12-21,,67
4636,48,,2018-02-03,Support!!,98
4637,46,$60000,,human resources,79
4638,167,3363206,2022-02-18,Support,-10
4639,45,26944,2024-06-06, SALES ,100
4640,36,61599,2023-11-21,Hr,100
4641,64,125461,2021-10-15,Hr,NaN
4642, 30 ,100684,2023-11-25,MKT,94
4643,49,88602,2015-11-10,human resources,93
4644,38,50000 ,2019-10-29,Engg,96
4645, 30 ,105818,2021-11-11,Hr,71
4646,189,122910,2016-01-02,sales,55
4647,35,61993,2021-11-23,VeryLongDepartmentName123,79
4648,36,,2017-01-25,Support, 85 
4649,47,103241,2018-12-17,Engg,-10
4650,28,143460,2024/05/01,,62
276,43,144181,2022-11-03,VeryLongDepartmentName123,-10
4652,54,77957,2019-10-11,Support!!,62
4653,26,80686,2024-11-15,MKT,86
4654,60,69085,2015-09-06,Marketing, 85 
4655,26,26762,2022-09-23,Engineering,58
4656, 30 ,144173,2020-01-26,Support!!,51
387, 30 ,42118,2021-04-23,VeryLongDepartmentName123,-10
4658,46,$60000,2017-12-31,Hr,
4659,,54605,2024/05/01, SALES ,92
4660, 30 ,50000 ,2024/05/01,Sales,NaN
4661,31,117875,2023-11-10,,NaN
4662,63,92662,2020-07-13,Hr,100
4663,,50000 ,2017-11-06, SALES ,67
4664,65,38178,2024-03-05,Marketing,76
4665,23,24954, 2023-07-10 ,Hr,56
4666,29,1424574,2023-01-29, SALES ,-10
4667,29,abc,2021-08-19, SALES ,-10
4668,45,57406,2024-01-25,Engineering,81
4669,26,28950,2021-05-21,Engg,69
4670,102,82328,2015-11-09,Support, 85 
4671,58,$60000,2024-09-06,HR,88
4672,30,50000 ,2018-04-10,,59
4673,37,36803, 2023-07-10 ,Engg,68
15,63,54551, 2023-07-10 ,Hr,76
4675,50,$60000,2017-09-14,human resources,89
4676,38,74863,2019-09-25,Engg,66
4677, 30 ,120192,2018-02-14,VeryLongDepartmentName123,
4678,189,$60000,2018-03-21,Support!!,NaN
4679,30,129660,2020-08-19,sales,293
4680,38,,2017-04-17,MKT,52
4681,23,abc,2021-08-15,human resources,67
4682,twenty five,$60000,2018-05-06, SALES ,52
4683,18,33058,2022-10-30,,86
4684,29,$60000,,human resources,52
4685,18,107894,32/13/2020,HR,68
4686,48,105763,2018-06-30,,56
4687,29,,2020-05-12,human resources,66
4688,55,49314,2015-12-27, SALES ,99
4689,34,111375,2024/05/01,sales,55
4690,34,30076,2019-09-13,Support!!, 85 
4691,34,101144,2015-09-10,Sales,62
4692,,56086,2018-12-05,sales,78
4693,39,$60000,2021-04-06,Support!!, 85 
4694,39,25493,2015-09-11,Engg, 85 
4695,33,45398,2017-05-25,,94
4696,47,35458,2022-07-01,Hr,97
4697,28,87074,2016-09-02,VeryLongDepartmentName123,57
4698,42,50000 ,2018-06-03,Engg,84
4699,28,40350,2018-03-09,VeryLongDepartmentName123,99
280, 30 ,107347,2023-12-11,MKT,59
4701,32,96712,2022-10-31,Support!!,270
4702,18,105070,2021-01-31,Engineering,61
4703,25,$60000,32/13/2020,Marketing,86
4704,40,34503,2019-06-24,Hr,87
4705,37,124510,2022-10-25,Sales,55
4706,27,37503,2017-11-24,Support!!,57
4707,103,,2021-10-25,MKT, 85 
4708,58,141861,2023-06-01,Support!!,57
4709,19,,2023-07-25,sales,74
4710,26,148248,2020-10-07,sales,89
4711,23,137996,2022-02-09, SALES ,66
186,32,28309,2022-06-23,MKT,99
4713,57,43860,2023-11-24,Marketing,70
4714,36,85796,2016-12-29,,-10
4715,46,108625,2020-02-11,Sales,59
4716,18,146659,2020-05-07,,198
4717,26,75463,2020-04-20,Hr,63
4718,49,145276,2022-06-28,Support!!,82
4719,50,63735,2015-10-01,Marketing,84
4720,48,,,Sales,55
192, 30 ,68892,2021-08-09,MKT,71
494,45,53802,2022-10-06,Engg,93
4723,153,63828,2017-12-01,Support,85
4724,123,92412,2017-07-24,MKT,NaN
4725,25,,2023-08-21,Sales,93
4726,,70255,2015-02-19,Support,50
4727,63,75020,2016-12-30,Marketing, 85 
4728,20,,2024-12-16,,NaN
4729,40,40327,2015-11-25,sales,-10
4730,53,70419,2017-06-16,human resources,84
4731,44,73462,2019-08-04,VeryLongDepartmentName123,75
4732, 30 ,101200,2022-06-20,MKT,61
4733,34,121472,not_a_date,Sales,79
4734,50,,2024-10-25,Engg,71
4735,27,92896,2019-12-26,Engineering,89
4736,24,81967,2020-12-02,Sales, 85 
4737,34,121538,2018-11-30,Engineering, 85 
4738,23,$60000,2016-06-24,Engineering,58
4739,twenty five,21435,2024/05/01,Marketing,80
4740,37,41700,32/13/2020,human resources,93
4741,172,90292,2017-04-02, SALES ,95
4742,64,81816,2020-01-23,Sales,70
4743,60,48742,2021-02-05,human resources,90
4744,49,134159,2017-07-20,MKT,55
4745,50,120049, 2023-07-10 ,,84
4746,20,110739,2019-07-23,MKT,65
4747,42,83681,2024/05/01,Support,100
4748,41,35187,2023-04-20,,93
4749,29,50000 ,2022-05-01,,70
4750,18,145196,2020-09-04,Marketing,88
4751,33,50073,2018-02-12,Hr,70
4752,40,118051,, SALES ,69
4753,24,4908006,2023-01-28,,81
4754, 30 ,135696,not_a_date,sales,93
4755,19,62724,2015-01-27,,56
4756,50,56111,2020-05-09,human resources,85
4757,twenty five,140248,2017-07-13,Hr,83
4758,107,abc,2023-07-06,Hr,94
4759,55,42089,2024-07-23,human resources,59
4760,45,113500,2016-07-28,VeryLongDepartmentName123,66
4761,33,92605,2022-11-26,Engineering,55
4762,33,148247,2019-05-21,MKT, 85 
4763,186,142634,2019-04-06, SALES ,NaN
4764,19,132344,2016-01-11,Marketing,86
4765,twenty five,59182,2018-12-31,Marketing,73
4766,63,43173,not_a_date,,83
4767,61,28750, 2023-07-10 ,,63
4768,twenty five,,2020-09-02,MKT,64
4769,65,140155,2015-03-30,Marketing,52
4770,65,54365,2021-07-21,HR,82
4771,27,abc,2024/05/01,Support!!,182
4772,,39385,2020-12-02,, 85 
4773,twenty five,138094,2017-07-19,Support,63
4774,57,27093,2019-02-26,Support!!,59
4775, 30 ,48316,2020-09-09,Engg,
4776,30,30807,2021-04-22,,-10
4777,60,91512,not_a_date,,84
4778,18,121388,2024-03-13,MKT,NaN
4779,106,,2021-06-12,Marketing,247
372,48,23837,2019-03-07,Hr,90
4781,170,92100,2017-04-28,,88
4782,50,114427,not_a_date,,71
4783,54,105448,,HR,78
4784,twenty five,69519,2022-11-22,Hr,83
4785,56,81681,2016-05-18,Engineering,57
4786,184,74761,2018-12-07,Marketing,-10
4787,37,125105,2024/05/01,,95
4788,64,118037,2020-11-13, SALES ,88
4789, 30 ,143322,2015-07-13,HR,94
4790,45,48185,2017-03-10,MKT,266
4791,61,abc,2017-07-20,Support!!,93
4792,62,86397,32/13/2020,Sales,57
4793,51,39945,not_a_date,HR,100
4794,48,56873,2019-09-12,human resources, 85 
4795,50,,2015-11-22,,-10
4796,24,50000 ,2020-03-12,sales,100
4797,24,117004,2016-07-28,Engg,-10
4798,24,89294,2023-07-07,HR,64
4799,37,78609,2022-07-24,Support!!, 85 
4800,56,2039224,not_a_date,Support!!,98
4801, 30 ,143161,2015-03-24,Hr,84
4802,110,50000 ,2015-05-14,Engineering,79
4803,50,57059,2016-09-06,,94
4804,18,113915,2019-05-19,Support,-10
4805,61,113677,2022-11-23,,52
4806,52,126582,2023-03-05,MKT,94
4807,,72928,2015-12-01,MKT,95
4808,161,136020,2024-06-01, SALES ,234
4809,51,50000 ,2015-02-17,,80
4810, 30 ,,2016-01-21,Hr,-10
4811,twenty five,abc,2024/05/01,,100
4812,49,64122,2018-07-13,,50
4813,61,63248,not_a_date, SALES ,64
4814,,22209,2018-06-18,Sales,
4815,41,$60000,2021-07-31,Sales,
4816,63,$60000,2015-01-01,Marketing,81
4817,174,70083,2019-03-15,,61
4818,28,28091,not_a_date, SALES ,98
4819,61,61247,2016-05-08,Hr,61
4820, 30 ,26869,2021-09-22,,
4821,50,123605,2024-08-07,VeryLongDepartmentName123,288
4822,25,59933,2022-01-03,,100
4823,19,105913,2023-06-05,sales,
4824,21,30270,2024-02-15,Marketing,76
4825,59,100760,not_a_date,Support!!,73
4826,31,$60000,2015-07-30,Support!!,76
4827,45,137119,2024-01-22,VeryLongDepartmentName123,95
117,46,52515,2018-06-21,,52
4829,45,146367,2024-04-12,sales,53
4830,188,,2019-10-22,,70
4831,65,50000 ,2021-12-26,,254
4832,63,3303884,2023-04-29,Engineering,80
4833,50,49205,2019-01-11,HR,
327,50,86831,2016-12-23,VeryLongDepartmentName123,94
4835,39,,32/13/2020,Marketing,89
4836,65,50000 ,2015-05-23,Hr,95
4837,26,abc,2018-01-12,MKT,63
4838,54,96502,2016-06-22, SALES , 85 
4839,36,138884,2019-08-08,Support!!,89
4840,143,108339,2015-10-03,VeryLongDepartmentName123,60
4841,39,41077,2018-11-25,sales,65
4842,42,68344, 2023-07-10 ,Engineering, 85 
4843, 30 ,abc,2015-02-22,Engg,98
4844,43,115406,2018-10-25,MKT, 85 
4845,48,134048,2024-01-20,,75
4846,43,64605,2020-01-08,sales,76
4847,,73303,32/13/2020,HR,70
4848,31,78193,2015-10-11,Engg,
4849,twenty five,82634,2015-07-04,human resources,71
169,24,106929,2018-06-21,MKT,90
4851,150,131819,2020-11-12,Support,69
4852,30,37075,2019-07-16, SALES ,-10
4853,44,148435,2017-08-06,MKT,99
4854,49,107329,2022-12-28,Engg,79
4855,65,74614,not_a_date, SALES ,92
4856, 30 ,64479,2017-12-28,Support!!,67
4857, 30 ,50000 ,2020-05-13,Marketing,-10
4858,32,65969,2020-06-02,Sales,91
4859,39,91183,2019-06-16,MKT,89
4860,54,,2024-04-28,VeryLongDepartmentName123,83
4861,19,abc,,sales,93
4862,150,2465687,2023-06-08,,100
288,48,109121,2022-12-24,Engg,66
4864,55,128372,2021-09-16,,64
4865,34,140151,2024-11-08,,97
4866,30,37331,32/13/2020,Support!!,60
4867,45,abc,2016-03-28,Engineering,77
4868,,71903,2019-06-04,MKT,96
4869,20,,2019-10-21, SALES ,195
4870,,31591,2015-03-09,VeryLongDepartmentName123,58
4871,18,50000 ,2023-11-02,Support,59
4872,62,136739,2015-07-25,Engg,80
393,53,54588,2018-08-15,, 85 
4874,25,105236,2017-04-26,HR,55
357,61,,,Engg,78
4876, 30 ,148269,2018-01-18, SALES , 85 
4877,35,92676,2016-02-13,Support,85
4878,55,102986,2018-11-18,Marketing, 85 
4879,48,89595,2015-08-12,Sales,97
4880,36,55226,2018-10-31,Sales,73
4881,136,50000 ,2020-09-27,Marketing,80
4882,169,125002,2017-12-17,Support!!,82
4883,19,123631,2021-06-07,HR,99
4884,45,43773,2024/05/01,HR,71
4885,37,48339,2022-03-28,Sales,NaN
4886,twenty five,3108884,2021-03-19,Sales,
4887,165,96066,2018-08-29,MKT,86
4888,48,125849,2024-01-02,Engineering,55
4889,64,108556,2023-08-25,Support,NaN
4890,35,24178,2018-10-25,VeryLongDepartmentName123,76
4891,42,47976,2015-04-26,HR, 85 
4892,23,50000 ,2024-08-13,VeryLongDepartmentName123,56
4893,44,83026,2016-08-01,,82
4894,162,,2024/05/01,Marketing,65
4895,26,119058,2021-01-22,Support!!,
4896,65,85998,32/13/2020,Support,57
4897,30,72632,2020-03-18,Marketing,57
4898,,56765,2022-12-26,Support,77
4899,32,116048,2020-03-17,Hr,69
4900,53,59261,2022-01-18,Hr,74
4901,38,73608,2018-07-01,human resources,58
4902,30,,2024-05-31,Sales,69
4903,27,3184877,2021-07-10,sales,NaN
4904,34,128395,,sales,70
4905,50,149682,2023-06-11,human resources,100
4906,34,124856,2016-10-01,Support!!,72
4907,44,,2019-12-07,Sales,73
4908,40,89271,32/13/2020,,94
4909,22,145115,2022-10-24,Support,95
4910,49,86176,2024/05/01,MKT,77
4911,35,28869,2015-11-20,human resources,50
4912,63,118957, 2023-07-10 ,human resources,87
29,52,134802,2018-05-24,Engineering,
4914,,45440,2019-10-01, SALES ,67
4915,19,138479,2016-10-04,MKT,60
4916,42,149996,2024-03-09,Engg, 85 
4917,25,30625,2020-11-02,Marketing,54
4918,twenty five,116167,2020-11-13,,69
4919,49,47964,, SALES ,60
4920,twenty five,,2015-07-22,human resources,51
4921,188,66122,2024-05-09,MKT,
4922,25,$60000,2020-04-17,,76
4923,twenty five,abc,2018-11-01,Engg,222
4924,twenty five,134544,not_a_date,Hr,80
4925,42,29583,2022-02-22,VeryLongDepartmentName123,52
4926,199,50897,2015-07-29, SALES ,82
4927,63,2980410,2022-06-10,HR,75
4928,32,36561,2015-01-26,human resources,91
4929,102,149309,2023-12-10,Support!!,71
4930,21,103037,2020-03-04,Sales,169
395,24,67622,2021-03-27,VeryLongDepartmentName123,97
4932,37,106086, 2023-07-10 ,Support!!,68
4933,31,97254,2024/05/01,HR,52
4934,53,37996,2024-12-15,Support!!,56
4935,29,26813,2022-10-12,VeryLongDepartmentName123,76
4936,53,45760, 2023-07-10 ,,60
150,twenty five,85697,2015-12-14,MKT,96
4938,62,46377,2022-09-15,Sales,88
4939,53,27148,2016-11-26,Support!!,83
4940,,75603,2020-12-15,sales, 85 
4941,20,$60000,2017-09-28,VeryLongDepartmentName123,-10
4942,53,,2023-05-16,,58
4943,twenty five,,32/13/2020,Support!!,86
4944,25,abc, 2023-07-10 ,sales,69
4945,21,,2023-07-31,VeryLongDepartmentName123,61
4946,55,77517,2018-03-10,MKT,56
4947,37,90526,2016-05-10,,54
179,36,50000 ,2020-03-30,human resources,69
4949,65,, 2023-07-10 ,Support,50
4950,53,45093,2024-06-07,Hr,71
4951,40,79009,2019-01-18,Engg,79
4952,63,24325,not_a_date,VeryLongDepartmentName123,NaN
4953,47,1088740,2021-04-18,Engineering,53
4954,twenty five,2319845,2016-02-12,Hr,-10
4955,43,48399,2016-01-28,MKT,
4956, 30 ,61792,2021-06-08,Support!!,80
4957, 30 ,104820,,Sales,53
4958,46,81806,2020-03-04,Support,87
4959,46,abc,2021-03-20,MKT,61
4960,35,71751,2024-09-14,Sales,61
4961,50,79656,2021-04-07,Hr,66
4962,103,109013,2020-07-23,Engg,86
4963,18,, 2023-07-10 ,MKT,-10
4964, 30 ,25998,not_a_date,,81
4965,31,$60000,2015-02-13,Engg,82
4966,23,38753,2019-07-15,VeryLongDepartmentName123,93
4967,63,80614,2020-09-01,Engineering,88
4968,45,78758,2022-12-10,MKT,92
4969,58,93104,2020-09-30,HR,79
4970,30,114266,2019-08-05,human resources,-10
4971,19,79070,32/13/2020,human resources,72
4972,60,3246494,2023-10-17,Marketing,67
4973, 30 ,131520,2015-12-14,Sales,81
4974,33,130458,2020-09-09,sales,62
4975,31,63114,,Sales,NaN
4976,47,50000 ,2021-11-06,,84
4977,24,50000 ,2016-06-23,Hr,73
4978,26,43638,2022-10-04,Sales,NaN
4979,41,,2021-06-30,sales,NaN
4980,41,40917,not_a_date,Hr,78
4981,48,127302, 2023-07-10 ,HR,NaN
4982,21,40949,2020-06-12,Support!!,81
4983,22,126627,2017-02-12,Engineering,87
4984,49,83084,not_a_date, SALES ,86
4985,45,149926,2015-06-23,Hr,55
4986, 30 ,55610,2024/05/01,HR,
4987,55,146961,2023-02-11,Support!!,60
226,20,93486,not_a_date,MKT,75
4989, 30 ,95698,2022-11-12,human resources,-10
4990,63,3150563,2024-04-06,sales,
4991,43,98899,2017-12-22,Engg, 85 
4992,46,24799,,sales,71
4993,38,149784,2016-11-29,,50
4994, 30 ,91853,not_a_date,Engg, 85 
4995,26,50000 ,2016-09-23,,96
4996,35,27255,2017-07-04,, 85 
4997,60,$60000,2018-08-01,Engineering,67
4998,,142187,not_a_date,Support,65
4999,61,,2019-03-18,sales,69
5000,32,86481,2015-12-09,Support!!,95
5001,,42355,2017-07-16,human resources,58
5002, 30 ,54306,2024-03-03,Sales,76
5003,35,120936,2018-03-09,Hr,-10
5004,45,,2017-11-05,Marketing,72
5005,32,50390,2021-08-30,sales,
5006,42,78302,2015-05-24,human resources,80
5007, 30 ,,2016-11-14,,57
5008,53,abc,not_a_date,Engg, 85 
5009,twenty five,42930,,,90
5010,44,1966212,2019-08-20,,76
5011,46,32925,2024/05/01,,55
5012,51,88946,2024-08-25,,NaN
5013,56,71945,2022-05-29, SALES ,96
5014,30,$60000,2021-10-30,sales,69
5015,65,121609,2019-08-19,,NaN
5016,45,96637,2015-01-15,HR,97
271,37,139625, 2023-07-10 ,Hr,89
5018,59,,2018-06-27,,
5019,23,138822,2024/05/01,MKT,60
5020,65,20745,2024-07-19,Support!!,69
5021,,108238,2024-05-06,Support,65
5022,37,$60000,2022-12-13,Support,
5023,65,121654, 2023-07-10 ,human resources,59
5024,41,138925,2017-11-28,Marketing,99
5025,31,29635, 2023-07-10 ,Marketing,80
5026,159,89552,2021-09-22,sales,
5027,18,77888,2016-12-10,Support,71
5028,,abc,,Hr, 85 
5029,41,64232,2019-09-22,Sales, 85 
5030,162,abc,2021-01-06,,94
5031,45,2727685,not_a_date,,97
5032,46,144843,2016-04-14, SALES ,93
5033,62,59598,2016-10-07,VeryLongDepartmentName123,90
5034,48,58983,2023-06-10,Hr, 85 
5035,36,93202,2016-12-02,HR,73
5036,51,108513,2017-12-17,Hr,243
5037,39,37629,2020-02-05,MKT,53
5038,106,1842099,2015-03-14,Support!!,51
5039, 30 ,100205,2015-02-10,VeryLongDepartmentName123,85
5040, 30 ,50000 ,2020-01-18,VeryLongDepartmentName123,NaN
5041,60,62280,2015-12-16, SALES ,66
5042,,abc,2017-08-22,Marketing,98
5043, 30 ,abc,2021-09-12,HR,92
5044,114,144153,2022-04-27,HR,59
253,44,,,Engineering,NaN
5046,46,3542768,2015-07-01,human resources,87
5047,35,105589,2019-01-30,MKT,78
5048,29,140421,2018-06-01,VeryLongDepartmentName123,66
5049,57,50426,2019-08-30,MKT,74
5050,25,45908,2018-04-08,human resources,67
5051,42,abc,2019-07-18,Hr,56
5052,53,100242,2020-03-25,Hr,94
5053, 30 ,148205,2021-01-31,sales,53
5054,64,50000 ,2019-11-29,sales,NaN
5055,20,121615,2017-01-17,,89
5056,59,110385,2015-04-28,sales,59
5057,55,abc,2023-12-27,,51
5058,35,50000 ,32/13/2020,Engineering,57
5059,52,$60000,32/13/2020,Support,97
5060,26,54946,2016-05-24, SALES ,72
5061, 30 ,114551,2024-08-03,,
5062,37,50000 ,2016-06-08,sales,71
5063,28,,32/13/2020,Engg,50
5064,54,143344,2015-11-17,, 85 
423,37,138561, 2023-07-10 ,sales,NaN
5066,50,30508,2020-11-30,Engg,
4,55,27973,2022-02-22,,-10
5068,twenty five,22672,2021-01-23,,
5069,41,24194,2015-10-31,Marketing,72
5070,41,141575,not_a_date,Engineering,93
5071,61,63391,2022-08-13,sales,94
5072,166,105460,32/13/2020,MKT,53
5073,56,54934,2021-03-08,MKT,76
5074,47,24759,2015-09-03,VeryLongDepartmentName123,94
5075,48,149131,2021-05-11,Sales,
5076,49,106397,2022-05-01,Support,NaN
5077,,35856,2022-10-29,human resources,-10
5078,55,126778,2019-11-07,sales,
5079,62,32089, 2023-07-10 ,Hr,87
5080,42,62234,2018-02-02,,89
5081,64,1198259,2020-03-21,,98
5082,62,21610,2020-07-20,VeryLongDepartmentName123,NaN
5083,108,129412,2020-01-10,human resources,64
5084,56,142914,2019-12-26,VeryLongDepartmentName123,54
5085,41,122473,2021-05-13,Hr,67
5086,44,132968,2024/05/01,,73
5087,,38123,2024/05/01,Support!!, 85 
5088,65,,2017-10-08,MKT,58
5089, 30 ,1169737,2021-12-30,Support,-10
5090,24,75932,2022-12-21,Engg,89
5091,32,104356,2020-03-12,Engineering,NaN
5092,47,116330,2016-12-20,sales,58
5093,43,144472,2016-12-28,Marketing,92
5094,41,45282,not_a_date,human resources,74
5095,36,, 2023-07-10 ,human resources,-10
5096,57,148553,2024/05/01,Hr,52
5097,20,4002133,2020-06-02,sales,51
5098,,29480,2016-10-26,Engg,96
5099,33,124898,2024-06-07,HR,62
5100,59,96211,2021-04-25,MKT,63
118, 30 ,34375,2019-11-03,,74
5102,162,42770,2019-01-29,MKT,
5103,60,abc,2023-12-23,Engg,75
5104,twenty five,146306,2021-03-19,,83
5105,35,65689,2022-04-17,Engineering,82
5106,160,147629,2020-06-05,sales,88
5107,49,$60000,2021-09-06,Marketing,86
5108,64,50000 ,2017-12-25, SALES , 85 
5109,55,89135,,human resources,-10
5110,45,49922,32/13/2020, SALES ,78
5111,30,$60000,2017-09-07,Hr, 85 
5112,49,50000 ,2018-06-13,Marketing,74
5113,25,122036,2021-11-15,Support!!,71
5114,18,$60000,2015-02-28,Engineering,NaN
5115,18,129812,2016-08-25,Engineering,51
5116,,21319,2018-01-27,VeryLongDepartmentName123,74
5117,twenty five,149024,2020-11-21,Engg,63
5118,20,25438,,Hr,81
5119,61,55810, 2023-07-10 ,,51
5120, 30 ,50000 ,2024/05/01,,60
5121,30,abc,2015-11-02,Support!!,
5122,39,134878,2019-09-17,Engineering,227
5123,twenty five,28526,2022-08-06,Support!!,74
5124,42,39926,2024-03-31,VeryLongDepartmentName123,64
5125,41,42337,2020-04-23,Engineering,67
5126,54,50000 ,2024/05/01,Sales, 85 
5127,62,56921,2021-07-31,HR,95
5128,39,102422,2018-03-26,sales,94
5129,38,140234,2024/05/01,Sales,71
5130,63,35599,,VeryLongDepartmentName123,100
5131,62,104622,2018-01-23,Hr,84
5132,50,101040,2017-10-30,VeryLongDepartmentName123,89
5133,41,70395,2024-09-20,HR,85
5134,121,143949,2020-08-27,Sales,84
5135,58,127706,2024-08-09,Engineering,72
5136,36,124791,2015-05-14,Support!!,77
428,,122675,2019-11-12,sales,62
394,58,39440,2015-02-06,MKT,52
367,38,abc,2019-04-29, SALES ,68
5140,63,129411,2023-12-02,human resources,57
5141,56,66958,not_a_date,,75
5142,64,abc,2024/05/01,Engg,
5143,57,92738,2015-01-22,Engineering,68
5144,18,50000 ,2020-07-22, SALES ,83
5145,46,,2016-01-15,Engg, 85 
5146,20,105522,2022-04-07,,NaN
5147,43,47344,2022-09-22, SALES ,74
5148,32,53001,2018-12-29,Engineering,72
5149,,27993,2021-05-23,Engineering,
5150,39,130487,2017-10-11,Sales,59
5151,22,68188,2019-10-24,Engg,100
5152,200,123865,2022-01-08, SALES ,86
5153, 30 ,50488,not_a_date,Support,84
5154,36,$60000,2018-12-28,Engineering,65
5155,twenty five,1652744,2019-01-30,sales,57
5156,,30332,2018-02-03,Sales,67
5157,,134239,2021-12-29, SALES ,67
5158,42,113843,2017-02-13, SALES ,70
5159, 30 ,76888,2024-08-15,Hr,99
5160,55,91041,2015-09-29,Engg,94
5161,47,146198,32/13/2020,Support,92
5162,37,1779180,32/13/2020,,64
5163,59,44025,2016-09-11,,80
5164,46,abc,2016-05-14,Hr,75
5165,50,65849,2021-05-30,MKT,53
5166,34,65799,2021-03-22,human resources,63
5167,27,137875,,sales,72
5168,54,$60000,2022-02-18,,59
5169,18,125067,2021-11-06,Marketing,50
5170,,135233,,Engineering,91
5171,twenty five,51670,2024/05/01,HR,86
5172,41,138608,32/13/2020,Hr,53
5173,56,$60000,2024-09-28,Engg,58
5174, 30 ,79258,2024-12-11,Engg,50
282,51,1674700,2020-09-30,human resources,81
5176,60,141881,,VeryLongDepartmentName123,50
5177,46,82329,2024-03-22,HR,95
5178,twenty five,31561,32/13/2020,Engg,62
5179,20,141204,not_a_date,MKT,69
5180,46,50000 ,2016-05-12,Marketing,98
5181,51,96825,2023-07-12,Engg, 85 
5182,40,129435,2022-12-16,Support,70
15,62,146826,2019-08-05,Sales,83
5184,30,140543,2022-01-21,Engineering,-10
5185,45,$60000,2024/05/01,Support,65
5186,25,61501,2024-08-02,Sales,79
5187,51,108279,2018-11-15,sales,99
5188,30,71256,2023-02-27,Engineering,74
5189,65,32960,2024-07-12,MKT,70
5190,53,50000 ,2016-08-16,Engg,68
5191,41,,2022-07-23,HR,87
121,61,27741,2022-06-08,Hr,62
5193,56,abc,2022-03-06,Sales,52
5194,60,$60000,2017-04-22,Sales,64
5195,34,122148,2016-08-23,Support,84
5196,,4465490,2015-07-30,Marketing,93
5197,33,,not_a_date,Sales,53
5198,49,$60000,2017-10-02, SALES ,66
5199,60,109180,2019-05-10, SALES ,80
5200,19,$60000,2019-08-01,HR,54
5201,25,35992,2019-05-16,Hr,61
350,62,abc,2021-09-09,Hr,NaN
78,48,50736,2022-01-04,HR,78
5204,41,,2015-09-29,Engg, 85 
5205,25,141305,2017-12-17,Marketing,98
5206,25,88522,2023-06-17,,61
5207,22,103724,2016-04-29,Sales,99
5208,63,23307,not_a_date,sales,63
5209,169,91018,2024-12-15,Engg,70
5210,42,$60000,2021-08-02,Engineering,90
5211,18,$60000,not_a_date,Hr,77
5212,36,39044,2017-04-29,Marketing,-10
5213,62,1766567,2016-10-27,human resources,88
5214,32,1253301,2016-12-23,,99
5215,34,abc,2017-07-26,VeryLongDepartmentName123,78
5216,51,80460,2024-02-24,MKT,165
5217,60,84633,2023-02-06,,91
5218,21,74396,2020-11-19,Support!!,77
5219,33,130349,2019-08-19,Engg,-10
5220,22,146757, 2023-07-10 ,Engg,62
5221,twenty five,39837,32/13/2020,Engg,98
5222,47,50000 ,2018-12-31, SALES ,73
5223,46,36076,2016-03-30,Sales,93
5224,34,56457,2021-09-05,HR, 85 
5225,41,abc,2016-12-22,Hr,66
5226,52,1052786,not_a_date,Engg,57
5227,52,130540,2017-12-02,HR,81
5228,36,50000 ,2024-09-27,human resources,50
5229,23,91695,2016-06-15,HR,86
5230,26,abc,2024-08-19,Support!!,97
5231,52,47530,2020-06-16,HR,83
5232,55,64504,2015-10-05,Hr,-10
5233,35,,2020-03-09,Engineering,65
5234,,146945,2021-01-24,VeryLongDepartmentName123,89
5235,31,84041,2024-11-25,HR,99
5236,20,21432,2021-07-29,VeryLongDepartmentName123,79
170,61,50000 ,2020-06-21,Support!!,60
5238,51,21213,not_a_date,sales,82
5239,22,23961,2021-11-27,,87
5240,23,117252,2022-02-21,Hr,86
5241,40,21224,,, 85 
5242,22,101552,2024-06-30,HR,54
5243,twenty five,3799434,2022-06-12,,89
5244,54,130427,2017-01-16,Engg,
5245,,50000 ,,sales,-10
5246,twenty five,abc,32/13/2020,Sales,91
5247,41,135455,2018-10-16,Engg,251
5248,54,48912,2016-12-03, SALES , 85 
5249,20,51023,2015-02-09,Sales,100
5250,124,abc,32/13/2020,Engg,216
5251,30,abc,2017-08-28, SALES ,83
5252,46,50000 ,2024/05/01,Hr,56
302,26,105579,2017-05-26,Support, 85 
5254,26,42543,2020-07-19,MKT,61
5255,27,35642,2016-01-26,Engg,239
331,62,66882,,Hr,88
5257,53,146056,2016-05-14,Support!!,92
5258,39,137367,2021-03-28,Marketing,NaN
5259,54,$60000,2021-07-28,,68
5260,32,38197,,HR,88
5261,27,,32/13/2020,Engg,100
5262,46,50000 ,2019-11-20,VeryLongDepartmentName123,-10
5263,34,94538,2015-01-11, SALES ,57
5264,60,$60000,2016-07-19,Marketing,80
5265,65,abc,2016-07-23,Sales,98
5266,60,104248,2016-07-25,HR, 85 
5267,27,113394,2020-04-14, SALES ,51
5268,43,117172,2017-02-05,Support!!,98
5269,23,95153,2020-04-27,Hr,95
5270,38,136536,not_a_date,HR,68
5271,26,51976,2022-08-08,Support!!,92
5272,45,62909,2024/05/01,Marketing, 85 
5273,56,55592,2020-06-09,,51
5274,49,83381,2015-04-02,,65
5275,twenty five,52563,2019-12-27,Engineering,79
5276, 30 ,121435, 2023-07-10 ,Support,73
5277,149,56955,not_a_date,Support!!,
5278,55,134896,2024/05/01,HR,50
5279,51,50000 ,2020-07-01,,81
5280,19,abc,2020-02-25,,79
5281,20,37585,32/13/2020,VeryLongDepartmentName123,52
5282,49,119079,2015-11-27,Support!!,226
5283,42,$60000,2019-07-29,Support,77
5284,57,83166,2023-10-24,Hr,51
5285,59,107314, 2023-07-10 ,human resources,61
5286,25,53869,2023-08-29,Support!!,88
5287,171,$60000,2022-06-02, SALES , 85 
5288,34,79078,2018-07-07,sales,69
5289,49,61848,2020-02-06,VeryLongDepartmentName123,79
5290,64,119746,2020-09-08,,69
5291,23,2109488,2020-05-27,Marketing,74
5292,33,46747,,,51
5293,47,50909,2015-11-21,Hr,173
5294,29,50000 ,2017-03-18,human resources,60
5295,40,72456,2015-08-19,Sales,85
5296,51,45115,2018-01-28,Engineering,52
5297,125,108395,,Marketing,70
5298,30,124924,, SALES ,88
5299,19,41801, 2023-07-10 ,sales,288
5300,40,44855,2022-11-04,Hr,-10
5301,29,120584,2019-08-17,Marketing,94
5302,64,90050,2023-03-12,Marketing,59
5303,58,92415,2018-01-06,,156
5304,26,140982,2018-05-31, SALES ,65
5305,53,49276,not_a_date,Support!!,92
5306,19,24721,2019-06-18,VeryLongDepartmentName123,80
5307,24,90609,2021-10-30,,100
5308,,76524,2017-09-10,Engineering,96
5309,64,82470, 2023-07-10 , SALES ,NaN
5310,22,91790,,HR,51
5311,38,52715,, SALES ,87
5312,42,133833,2016-06-23,Support,-10
5313, 30 ,,2022-02-03,, 85 
5314,33,110487,not_a_date,HR,66
5315,55,30643,2024-11-07,human resources,93
5316,54,70141,2017-07-09, SALES ,95
5317,,71315,not_a_date,MKT,64
5318,,75521,2024/05/01,Sales,54
5319,32,50000 ,2017-10-08,,74
5320,,25171,2015-04-23,Engineering,72
5321,44,83571,2023-01-15,Engg,71
5322,42,112735,2017-05-02,,58
5323,57,4702730,2024-11-29,VeryLongDepartmentName123,86
5324,63,140814,2019-07-22,Marketing,266
5325,42,$60000,2015-01-31,human resources,75
5326,58,63554,2016-03-22,sales,-10
5327,43,78940,2020-02-10,human resources,65
5328,23,40643,2017-11-30, SALES ,59
5329, 30 ,135588,2019-10-22,human resources,77
5330,41,,2022-06-03,Marketing,92
5331,57,139733,not_a_date,Support!!,-10
5332,51,abc,2024-10-13,Support!!,52
65,51,$60000,2021-02-19,Sales,70
5334,55,86105,2015-06-01,,65
5335,51,90096,2023-01-19,Support,75
5336,35,,2017-07-21,VeryLongDepartmentName123,69
5337,38,140979,2015-10-03,Support,68
5338,59,45218,2017-11-21,human resources,63
5339, 30 ,82028,2024/05/01,sales,50
5340,47,134910,32/13/2020,Support!!,53
5341,191,37604,2020-05-29,,84
5342,45,50000 ,32/13/2020,Marketing,70
5343,53,,2018-12-11,MKT,200
5344,53,34652,2019-04-19,Support!!,99
5345,29,73283,not_a_date,human resources,90
5346,44,75348, 2023-07-10 ,Engineering,260
5347,47,4987002,2018-08-13,Support,87
5348, 30 ,52714,not_a_date,Engineering,77
5349,49,117011,2020-02-21,Engg,90
5350,57,50000 ,2024-03-03,Hr,
5351,33,50000 ,2016-07-06,Engg,62
5352,29,64210,2022-08-12,HR,NaN
5353,32,65247,,Support!!,50
5354,twenty five,89363,2024-01-01,Support!!,76
5355,59,132340,2024/05/01,Engg,60
5356,53,128483,2016-05-17,Sales,84
5357,37,116278,2024-07-08,Marketing,76
5358,,3176347,,,60
5359,34,93198,not_a_date,Engg,67
196,52,94928,2016-03-16,Engineering,-10
5361,47,24705,2022-01-04,HR,72
5362,33,88765,2020-05-19,sales,-10
5363,107,67013,2023-11-21,VeryLongDepartmentName123,99
5364,36,108165,2022-02-08,, 85 
5365,27,100230,2020-08-08,,78
5366,33,69714,2022-07-11,VeryLongDepartmentName123,60
5367,58,79774,2024/05/01,,82
5368,20,50000 ,2023-01-28,Support,74
5369,195,37121,2024/05/01,,84
5370,30,115648,2022-05-06,MKT,91
5371,24,143293,not_a_date,Sales, 85 
5372,65,3289769,2024/05/01, SALES ,69
5373,48,50000 ,32/13/2020,Engg,83
214,41,abc,2023-05-03,Sales,97
5375,164,50000 ,2019-02-02,Support,80
5376,,$60000,2019-08-16,Engg,76
5377,124,71690,2022-05-31,Support!!,66
5378,64,$60000,2019-04-29,MKT,-10
5379,46,70150,2024-11-07,Sales,61
5380,30,87598,2024-01-15,Support,53
5381,29,117569,2015-04-18,Support!!, 85 
5382,27,50000 ,2020-07-15,Engg,-10
5383,43,122928,2020-08-19,Hr,65
5384,55,137505,2023-02-07,Engineering,
5385,50,123465,2020-03-15,Engineering,60
5386,56,2707869,2015-12-26,VeryLongDepartmentName123,67
5387,21,95503,2024/05/01,Support,99
5388,60,125659,2020-09-22,HR,97
5389,33,70767,2021-12-29,Engineering,74
5390,64,101372,not_a_date,Marketing,50
5391,58,119827,2016-02-26,Hr,72
5392,51,135006,not_a_date,Support!!,89
5393,30,78857,2023-09-17,VeryLongDepartmentName123,69
44,50,50000 ,2019-02-19,MKT,60
5395,27,66532,2024-05-12,MKT,NaN
5396,38,149983,2016-03-29,Engineering,57
5397,43,57730,2016-02-26,Engineering,94
5398,28,80875, 2023-07-10 ,,100
5399,59,106618,2024/05/01, SALES ,NaN
5400,64,89955,2018-08-10,Sales,74
5401,43,66379,2019-02-24,Marketing,93
5402,twenty five,131250,2020-06-03,Engg,62
5403,35,90771,2023-03-23,Engineering,58
5404,25,115074,2020-11-29,Engg,74
5405,57,31971,2015-05-08,Hr,
5406,,30540,2017-02-01,Sales,92
5407,46,138953,2017-02-05,MKT,
5408,30,,2016-12-14,Support,93
5409,60,$60000, 2023-07-10 ,sales,NaN
5410,174,83377,,VeryLongDepartmentName123, 85 
5411,65,92912,2024-05-16,Marketing,80
5412,30,115568,2023-09-15,Engg,82
5413,61,1835529,,HR,80
5414,41,124419,2023-12-20,Support!!,68
5415,58,134025,2024-06-19,HR, 85 
5416,28,,2021-10-29, SALES ,79
95,19,30655,2015-01-16,, 85 
5418,54,131914,2019-01-07,Support,72
5419,46,24942,2024/05/01, SALES ,
5420,65,,2023-08-01,Sales,
5421,,96197,2020-07-01,Support,NaN
5422,29,47774,2019-11-06,Sales, 85 
5423,36,52189,2018-12-13,MKT,76
5424,49,$60000,2020-02-19,Support,81
5425,32,,,human resources,69
5426,131,50000 ,2021-04-16,Hr,
5427,55,44563,2015-02-18,,82
5428,29,39473,2015-10-10,Sales,85
5429,41,54298,2024-04-12,Sales,83
5430,20,133690,2018-02-18, SALES ,73
5431,22,25924,2017-07-20,human resources, 85 
5432,118,4232191,2016-05-13,human resources,58
5433,23,abc,2020-02-09,VeryLongDepartmentName123,72
5434,46,49322,2018-03-21,Hr,94
5435,61,$60000,2022-02-25,Sales,56
483,,abc,2019-06-14,MKT,53
5437,112,70777,2018-09-09,Hr, 85 
5438,21,52723,2023-10-17,Support!!,97
5439,53,131416, 2023-07-10 ,MKT,96
5440,61,78968,2022-03-12,Support,96
5441,57,56993,2016-04-10,Marketing,NaN
5442,47,112870,2019-12-19,Support!!,97
5443, 30 ,83326,2015-07-08,Support!!,84
5444,58,100892,32/13/2020,sales,59
5445,,57429,2018-01-09, SALES ,71
5446,61,abc,2016-08-30,human resources,96
5447,55,27858,2017-03-02,human resources,89
5448, 30 ,39967,not_a_date,Engg,NaN
5449,twenty five,2222467, 2023-07-10 ,Sales,61
5450,47,39914,2015-11-23,Support,267
5451,57,1396731,not_a_date,,68
5452,59,137890,2018-12-10,,-10
5453,59,31858,2019-09-28,Marketing, 85 
5454,36,70744,2019-08-26,VeryLongDepartmentName123,74
5455,37,125305,2020-04-09,sales,62
5456,36,45050,2022-09-14,VeryLongDepartmentName123,100
5457,51,50000 ,2024-05-27,Sales,95
5458,32,35155,2024/05/01,human resources,NaN
5459,36,119568,2018-08-04,Engg,91
5460,27,abc,2017-05-30,human resources,-10
5461,143,54804,2020-11-28,VeryLongDepartmentName123,91
5462,39,,2015-08-30,,89
5463,,90031,2016-03-16,Sales,NaN
5464,twenty five,$60000,2020-05-25,,56
5465,29,88895, 2023-07-10 ,Engineering,86
5466, 30 ,104032,2017-11-18,VeryLongDepartmentName123,76
5467,32,40346,2022-08-31,,60
5468,38,80959,2024/05/01, SALES ,98
5469,20,133440,2019-12-13,Engg,99
5470,25,$60000,2020-08-20,HR,88
5471,127,69276,2020-08-15,,90
384,65,20315,2024-02-08,Support!!,-10
5473,22,abc,2019-02-28,Support,70
5474,39,63039,2020-11-02,Hr,56
5475,125,147075,2019-04-24,MKT,73
5476,55,26782,2017-01-22,human resources, 85 
5477, 30 ,124211,2021-04-13,MKT,82
5478,191,113290,2018-07-01,Support,90
5479,55,113237,2023-02-22,VeryLongDepartmentName123,90
5480,40,25198,2018-10-09,MKT, 85 
5481,159,124197,2016-08-31,Hr,51
5482,51,128359,2017-05-05,MKT, 85 
5483,20,119733,2024-07-08,MKT, 85 
5484,54,125223,2024-06-04,sales,80
5485,53,122497,2019-05-12,HR,91
5486,63,36111,2021-02-15,Engg,72
5487,36,,2020-10-14,Engg,79
5488,,,2017-10-04,VeryLongDepartmentName123,100
5489,34,121946, 2023-07-10 ,Engg,95
5490,32,50000 ,2018-08-01,sales,94
5491,36,72520,2022-06-26,HR,51
5492,61,50000 ,,MKT,51
5493,20,44044,2024-05-28,VeryLongDepartmentName123,81
5494,52,50000 ,2024/05/01,,94
5495,35,abc,2018-08-08, SALES ,100
5496,64,62636,2016-10-12, SALES ,84
5497,27,55209,2024/05/01,Engineering,65
5498,twenty five,abc,not_a_date,Support,
5499,24,56360,2021-01-20,Sales, 85 
5500,57,127349,not_a_date,human resources, 85 
5501,twenty five,,2023-10-24,,60
5502,50,141811,2024-06-03,,55
5503,31,abc,2022-07-15, SALES ,73
5504,29,$60000,2024/05/01,Engg,98
5505,148,abc,2016-03-26,Engineering,72
5506,37,22000,2024-06-21,MKT,96
5507,56,50000 ,2023-12-18,Engineering,92
5508,18,119825,2015-02-21,Sales,59
5509,45,124837,,HR,96
5510,38,137374,2023-12-11,human resources,89
5511,61,abc,2023-01-18,Marketing,59
5512,48,21594,32/13/2020, SALES ,-10
5513,20,50000 ,2018-09-05,HR,NaN
5514,18,abc,2021-09-12,Sales,
5515,twenty five,66626,2023-03-15,,53
5516,49,142326,2019-10-17,human resources,51
5517,50,$60000,2024-02-04,MKT,
5518,36,29535,2022-06-05,Engineering,
5519,53,$60000,2015-10-07,,94
295,twenty five,35158,2019-07-15,Engg,85
5521,43,116493, 2023-07-10 ,Hr,74
5522,48,146940,2017-01-22,Hr,-10
5523,24,67981,2022-06-27,Hr,70
5524,24,131494,2015-12-10,HR, 85 
5525,139,abc, 2023-07-10 , SALES ,
5526,34,37221,2017-03-10,Engg,57
5527,23,,2019-11-10,sales,
5528,52,58794,2017-01-12,Marketing,71
5529,40,84344,2016-04-25,Support!!,-10
5530,twenty five,$60000,2017-02-15,sales,70
5531, 30 ,71148,2021-08-16, SALES ,92
5532,43,$60000, 2023-07-10 ,MKT,53
5533,24,84213,2018-04-01,Support!!,80
5534,,115448,,VeryLongDepartmentName123,99
5535,32,95873,2015-09-25,VeryLongDepartmentName123,87
5536,65,2074544,2015-07-28,Engineering,85
5537,59,60901,2018-03-21,human resources,97
5538,32,149679,2023-05-21, SALES ,81
5539,33,42537,2016-01-12,Support!!,61
5540,24,23130,2017-05-28,Hr,76
5541,22,147252,2024-05-21,Support!!,94
5542,138,88148,2015-03-09,human resources,
5543,43,35389, 2023-07-10 ,Marketing,59
5544,47,$60000,2020-04-18,human resources, 85 
5545,25,123393,2021-11-02,human resources,99
5546,191,87710,32/13/2020,MKT,63
5547,21,29276,2021-11-06,Marketing,77
5548,21,104679,2016-04-21,,151
5549,171,47417,32/13/2020,Engg,85
5550,35,22880,2018-01-11,Support!!,80
5551,57,79904,2018-05-01,Sales,66
5552,48,50000 ,2018-11-08, SALES ,67
5553,28,88843,2024-04-29,Support,-10
5554,38,$60000,2018-06-28,,-10
5555,60,2058571,2016-02-19,Engg,89
5556,30,98567,not_a_date,MKT,94
5557,58,73474,2021-05-17,Engineering,296
5558,55,44473,2024-05-23,VeryLongDepartmentName123,NaN
5559,33,,2019-09-18,Sales,95
5560,45,55359,2021-08-31,Support!!,86
5561,42,91635,not_a_date,Sales,74
5562,60,64306,2022-09-12,Support,
5563,27,,2015-04-06,HR,-10
5564,32,$60000,2024/05/01,Hr,64
5565,23,56839,2020-11-14,Engg,61
5566,40,1875860,,,-10
170,twenty five,113587,2022-01-05,,NaN
5568,31,72595,2020-01-31, SALES ,NaN
5569,twenty five,112596,not_a_date, SALES ,53
5570,32,102355,2018-06-16,HR,NaN
5571, 30 ,51992,2024-09-25,Hr,83
5572,44,54650,2024-01-20,VeryLongDepartmentName123,201
5573,29,,2017-07-17,Engineering,58
5574,65,106395,2018-06-14,Marketing,
5575,27,26406, 2023-07-10 , SALES ,75
5576,26,abc,2017-07-30,Engg,95
5577,56,148892,2021-04-07,Engg,-10
5578,32,77064,32/13/2020,Support!!,81
5579,106,50000 ,32/13/2020,VeryLongDepartmentName123,65
5580,33,46070,2018-03-29,MKT,94
5581,,25819,, SALES ,56
5582,33,116864,2024/05/01,Support!!,79
5583,20,86031,32/13/2020,Support,-10
5584,34,abc, 2023-07-10 ,VeryLongDepartmentName123,92
5585,49,70572,2015-10-31,Support,214
5586,29,,2016-09-25,,89
5587,48,76253,2024-05-21,Engg,76
5588,46,20716,2016-07-07,Support,152
5589,28,106729, 2023-07-10 ,Hr,79
5590,twenty five,48783,2016-06-23,HR,71
5591,,abc,2024/05/01, SALES ,-10
5592,164,abc,2017-03-31,Sales,86
5593, 30 ,146193,2018-05-19,Hr,NaN
5594,,,2023-11-13,Hr,67
5595,20,126760,2022-08-09,Marketing, 85 
5596,55,149946,2019-11-11,Marketing,53
5597,56,147684,2022-07-05,,93
5598,54,145841,2024-06-06,Hr,62
5599,,121381,2019-01-15,Support!!,70
5600,20,60423,2017-01-05,Hr, 85 
5601,20,112273,2016-11-19,,98
5602,42,114908,2023-12-10, SALES ,53
5603,41,,not_a_date,Engineering,72
5604,63,47008,2024/05/01,MKT,
5605,59,4481264,2018-01-13,,80
5606,19,47525,2024-04-10,Hr,78
5607, 30 ,,,Sales,
5608,45,116607,2017-09-17,Hr,98
5609,61,68651,2015-09-07, SALES ,66
5610, 30 ,82299,2017-10-04,Marketing,89
180,32,abc,2018-09-13,MKT,NaN
5612,44,112875,2024-07-13, SALES ,73
5613,47,137194,2015-06-24,Engineering,97
5614,18,$60000, 2023-07-10 ,Hr,96
5615,62,123641,2022-11-26,Hr,NaN
5616, 30 ,41978,2022-02-19,Engg,84
5617,65,50000 ,2023-12-03,Engg,55
488,65,27832,2019-08-16,,71
5619,60,143008,2016-09-26,Sales,91
5620,58,99116,2016-11-28,Support!!,53
5621,44,78572,2021-08-09,MKT, 85 
5622,,76815,2021-12-06,Support,50
5623,64,24447,2019-07-08,Hr,89
5624,52,45128,2015-12-04,,96
5625,29,2841069,not_a_date,Engineering,77
67,twenty five,$60000,2017-01-09,Hr,63
5627,60,46277,2024-06-14,MKT,51
5628,27,131363,2023-02-01,Hr,73
5629,61,50000 ,not_a_date,Support,57
5630,40,127293,2015-09-25,,89
5631, 30 ,130016,2018-04-21,MKT,62
5632,,86829,2017-03-16,HR,51
5633,54,62840,2019-05-11,Hr,71
5634,45,72891,2018-08-15,Marketing,75
5635,30,2325452,2016-03-23,Marketing,65
5636,146,103513,2024-01-20,human resources,62
5637,65,62915,2024/05/01,,65
5638,179,31721,2020-04-22,Marketing,98
5639,48,69392,2019-06-20,Support!!,57
5640, 30 ,71828,2024-10-04,VeryLongDepartmentName123, 85 
5641,40,63818,2024-05-21,Hr,84
5642,140,92746,32/13/2020,,82
5643,54,abc,2016-11-30,Support,70
5644,51,72026,32/13/2020,human resources,59
5645,190,40790,2021-04-01, SALES ,66
5646,117,70261,not_a_date,Engineering,77
5647,55,1199808,,human resources,78
5648, 30 ,70079,2016-01-11,Engineering,
5649,53,95289,,Support,97
5650,33,37185,2016-02-09,HR,74
5651,,53018,2022-07-05,Marketing,53
5652,,,2024-03-24,Engineering,84
5653,62,72069,2020-03-01,Hr,51
5654,twenty five,117805,,Marketing,58
5655,twenty five,72485,2019-01-05,Engineering,72
5656,21,101249,2023-12-28,Hr,77
5657,57,142222,2022-05-16,Support,77
5658,32,119748,,Support,96
5659,103,119442,2020-02-20,Support,
5660,27,90440,2017-09-14,,-10
5661,40,58965,2016-12-13,Support!!,
5662,46,87233,2024/05/01,MKT,90
5663,50,24050,2024/05/01, SALES ,77
5664,119,130905,2020-11-15, SALES ,99
5665,37,50000 ,2024-11-17,Hr,93
36,30,28750,2019-01-18,Hr,67
5667,38,115318,2015-01-08,Engineering,68
5668,42,$60000,2023-12-01,sales,NaN
5669,,abc,2020-09-13,human resources,87
5670,18,133948,2015-02-23,Support, 85 
5671,33,98742,2015-01-04,Engg,54
5672,56,abc,2021-02-11,,92
129,55,47199,2023-07-09,Engg,NaN
5674,165,abc,not_a_date,VeryLongDepartmentName123,
5675,31,147570,2016-10-27, SALES ,65
5676,36,2722357,2016-07-18,MKT,65
5677,59,abc,2021-09-22,Sales,71
5678,twenty five,33948,2020-02-18,sales,88
5679,19,1610502,2015-12-08,Hr,57
5680,19,$60000,2017-02-22,Engg,279
5681,55,100109,2024/05/01,,73
5682,57,108925,2024/05/01,Support,NaN
5683,32,54293,2020-11-21,Engineering,59
5684,21,64238,2015-02-22,VeryLongDepartmentName123,81
5685,24,$60000,2015-03-25,HR,-10
5686,61,,2018-11-24,Sales,NaN
5687,65,117136,2018-07-31,MKT,-10
5688,54,3462032,,sales,51
5689,47,77951,2016-04-08,Support!!,NaN
5690,61,abc,2020-10-03,VeryLongDepartmentName123,55
303,21,$60000,2024/05/01,HR,58
5692,50,116922,2023-06-22,MKT,74
5693,59,2432859,2024/05/01,Sales,74
5694,49,144720,2016-03-01,HR,97
5695,141,,2016-04-25, SALES ,96
5696,55,135389,2022-03-27,Support,63
5697,40,45203,2018-02-05,Hr,61
5698,59,$60000,2021-07-18,Marketing,53
5699,twenty five,148340,2017-09-28,human resources,82
5700,,123066,32/13/2020,Hr,69
5701,44,119979,,sales,95
97,24,96971,not_a_date,Support,74
5703,47,141340,2024/05/01,Support!!,-10
5704,47,69031,not_a_date,Support!!,51
5705,21,112440,2021-11-21,HR,72
5706,,68596,2024/05/01,Marketing,53
5707,32,113172,2015-04-10,Marketing,72
5708,43,90225,2017-12-09,Engg,66
5709,142,106601,2021-07-01,Engg,74
230,twenty five,23471,2018-11-27, SALES ,NaN
5711,twenty five,63547,32/13/2020,human resources,72
5712,53,51953,32/13/2020,,70
275,59,138719,2022-12-24,sales,100
5714,19,20904,2021-04-28,MKT, 85 
5715,198,$60000,,MKT,78
5716,63,48998,2024-09-10,, 85 
256, 30 ,3441365,2015-03-15,Sales,97
5718,53,133469,2024/05/01,VeryLongDepartmentName123,53
5719,21,137164,2020-09-13,sales,53
5720,33,68839,2023-06-19,Engg,271
5721,29,50000 ,not_a_date,Engineering,80
5722,56,88588,2018-06-13,sales,75
5723, 30 ,41208,2020-11-20,Engineering,57
5724,58,2982675,2019-04-08,Engg,58
5725,39,abc,2017-07-28,sales,88
5726, 30 ,33885,2019-01-26,Support,82
5727,34,107640,2019-10-08,Engg,61
5728,45,107363,2024-11-21,Engg,96
5729,62,145441,2024/05/01,HR, 85 
5730,20,27342,2019-10-24,Sales,99
5731,42,4523059,2019-10-21,human resources,88
5732,58,141255, 2023-07-10 ,Hr,80
268,,31459,2024/05/01, SALES ,52
5734,64,137669, 2023-07-10 ,Engineering,71
5735,37,135589,2015-09-14,Marketing,50
5736,25,3530405,2020-05-20,VeryLongDepartmentName123,69
5737,44,3952946,2022-02-12,Support,87
5738,56,38529,2024-05-21,human resources,NaN
5739,31,36027,2024-08-19,,270
5740,58,39940,32/13/2020,Support!!,91
5741,35,$60000,2022-10-06,HR,70
5742,43,135187,2023-08-11,human resources,90
5743,47,44852,32/13/2020,MKT,83
5744, 30 ,63167,,Sales,-10
5745,54,$60000,2016-07-16,,89
5746,57,62472,2018-01-30,Sales,87
5747,51,abc,2024-02-03,MKT,99
5748,48,34871,2017-07-26,HR,-10
5749,32,57724,32/13/2020,Hr,274
5750, 30 ,$60000,2024/05/01,sales,94
5751,51,39646,32/13/2020,MKT,52
5752,197,abc,2016-10-08,MKT, 85 
5753,186,3036052,, SALES ,82
5754,24,abc,2023-01-25,Engg,84
5755,37,,2015-11-01,Marketing,51
5756,19,132399,2016-02-06,Engg,64
5757,53,86143,2023-07-01,Sales,88
5758,59,125665,,Support,97
5759, 30 ,84843,2016-04-09,Engg,65
5760,52,55824,,MKT,
5761,,80767,2018-03-10,HR,74
5762,65,52208,2018-04-01, SALES ,234
5763,53,144730,2022-11-08,HR,88
5764,54,110067,2016-10-25,Engineering,73
5765,59,142288,2015-05-12,Sales,77
5766,54,,2023-01-04,Engg,93
5767,28,110029,,,78
5768,,24926,2017-08-05,Support,96
5769, 30 ,31624,2023-03-30,Support,
5770,,146637,2024-12-29,VeryLongDepartmentName123,81
5771,41,94555,not_a_date,human resources,278
5772,22,94856,2024-04-23,,77
5773,,148831,2021-04-19,Sales,76
292,65,50000 ,2020-02-12,MKT,62
5775, 30 ,133308, 2023-07-10 ,VeryLongDepartmentName123,62
5776,45,128248,2022-04-15,human resources,92
5777,40,101148,2016-10-10,sales,84
5778,40,33340,2024-11-01,MKT,78
5779,34,91167,2023-08-26, SALES ,52
5780,44,147717,2015-04-18,Support!!,71
5781,56,49395,2016-02-20,VeryLongDepartmentName123,214
5782,35,128570,2015-04-22,sales,-10
5783,30,$60000,2024-11-03,sales,70
289,64,33750, 2023-07-10 ,human resources,NaN
5785,36,125806,2018-08-05,MKT,73
5786,52,85781,2017-03-07,Engg,77
5787,53,61389,2024/05/01,VeryLongDepartmentName123,60
5788,35,111950,2023-04-26,Support,58
5789,49,45734,2020-05-29,Marketing,
5790,52,48297,2020-11-08,HR,98
5791,63,145465,2015-11-28,Hr,100
5792,125,136679,2016-04-06,,58
5793,41,59295,2021-01-29, SALES ,61
59,30,abc,2018-08-04,VeryLongDepartmentName123,53
11, 30 ,148355,2024/05/01, SALES ,63
5796,29,abc,2021-09-27,,59
5797,22,138546,32/13/2020,Engg,80
5798,52,25622,2024-02-11,, 85 
5799,50,73965,32/13/2020,Engg,63
355,42,50000 ,2021-07-02,Support,92
5801,52,109557,2016-02-03,Marketing,51
5802,49,40255,2017-05-06,Support!!,74
5803,36,147461,2021-08-27,Marketing,83
5804,,109983,2019-02-21,Engg,-10
5805,24,104429,2024-07-22,Support!!,76
5806,31,114361,2021-04-24,Support!!,77
5807,31,,2023-01-27,MKT,72
5808,162,37083,2024-06-12,Support!!,94
5809,34,3821593,2020-12-13, SALES ,63
5810,27,109454,2021-08-06,Sales,64
5811,29,68312,2021-11-23,Sales,54
5812,55,86142,2019-09-16,Engg,65
5813,134,88250,2022-03-27,VeryLongDepartmentName123,86
5814,43,68283,,,190
5815,44,106130,2022-02-04,Engineering,151
197,62,37609,2019-07-21,human resources,52
5817,44,46484,2022-10-23,MKT,58
5818,25,103158,2019-03-23,HR,
5819,twenty five,99555,2019-12-28,Support!!,53
5820,52,103980,2024-01-01,Support,91
5821,54,64649,2022-08-05, SALES ,67
5822,50,2239885,2022-07-06,sales,75
5823,65,,2024/05/01,MKT,NaN
5824,50,146716,not_a_date,human resources,60
5825,105,abc,2023-09-01,sales,50
5826,58,39499,2021-11-09,VeryLongDepartmentName123,-10
5827,33,139896,2015-08-02,VeryLongDepartmentName123,60
5828,120,38081,,Hr,51
5829,65,76928,not_a_date,MKT,87
5830,35,50000 , 2023-07-10 ,VeryLongDepartmentName123,89
5831,57,137447,2024/05/01,HR,
5832,42,24730,2018-11-10,Engineering,68
5833,32,87956,2020-12-18,VeryLongDepartmentName123,74
5834,37,$60000,2018-01-21,sales,NaN
5835,153,$60000,2021-03-11,sales, 85 
5836,181,53003,2018-02-21, SALES ,76
5837,50,4970560,2016-04-10,HR,94
5838,39,, 2023-07-10 , SALES ,85
5839,28,20235,2015-04-28,Support!!,60
5840,21,48560,2021-08-03,sales,-10
5841,53,130564,2016-03-06,human resources,-10
5842,21,138644,32/13/2020,,73
5843,54,61592,2016-12-17,VeryLongDepartmentName123,92
5844,48,89481,2017-11-08,,253
5845,37,86934,2017-12-29,, 85 
5846,45,115333,2020-02-24,Support,50
5847,178,21747,not_a_date,HR,54
5848,25,52810,2022-03-02,Marketing,242
5849,54,50000 ,2021-06-28,MKT,71
5850,42,33036,2019-10-02, SALES ,96
5851,,95398,2022-07-09,Support,64
5852,41,122112,2022-09-10, SALES ,55
391,65,50000 ,2024-05-29,Sales,NaN
5854,49,147214,2022-09-04,,68
5855,53,88246,2023-10-14,,85
5856,62,$60000,2015-05-01,,64
5857,,37006,2020-09-04,human resources,54
5858,22,$60000,2024/05/01,Engg,213
5859,29,75613,2024-03-10,sales,94
5860,19,138814,2022-03-03,, 85 
5861,41,$60000,2015-03-14,,57
5862,111,148019,,sales,-10
5863,20,70517,2015-02-07,Engineering,97
5864,171,107995,2023-04-17,Sales,71
5865,24,54898,2018-07-08,Support, 85 
5866,43,120105,2017-06-24,Sales,213
5867,20,abc,2021-12-09,Engineering,82
5868,32,1366682,2019-08-14,Engg,288
5869,25,83305,not_a_date,,87
5870,,136838,2015-03-30, SALES ,58
5871,,33325,2016-03-27,human resources,55
5872,,112115,,Engg,88
5873,,114325,2024-12-02,Hr,NaN
5874,44,95085,,human resources, 85 
325,twenty five,125563,2019-04-24,VeryLongDepartmentName123,-10
5876,35,abc,not_a_date,Engg,97
5877,56,119205,2022-03-22,Support!!,170
5878, 30 ,,,Support!!,84
5879,twenty five,abc,2024-09-29,Marketing,68
5880,35,56977,2020-08-18,,NaN
5881,27,113156,2015-01-02,VeryLongDepartmentName123,59
5882,56,42266,2018-05-23, SALES ,51
5883,49,,2023-01-22,HR,91
5884,,127370,2018-04-21,Engg,
5885,52,50000 ,32/13/2020,Engg,60
5886,62,142558,2020-05-24,Support,77
5887,62,66094,32/13/2020,,89
5888, 30 ,82863,2022-01-01,Engg,65
5889,25,20958,2022-06-15,HR,82
5890,38,110597,2024-09-13,Engineering,74
5891,54,3934517,2023-08-11,sales, 85 
5892,35,24213,2015-12-28,Engg,73
5893,41,106267,2018-04-22,,86
5894,,67564,2021-01-24,Engg,55
5895,twenty five,130563,2021-08-12,Engineering,80
5896,50,54954, 2023-07-10 ,HR,87
5897,58,58068,32/13/2020, SALES ,96
5898,65,50000 ,2021-12-29,Hr,96
5899,23,128862,2017-06-11,HR,61
344,35,129737,2018-08-08,Support,98
5901,62,80585,2015-03-13,Engg,
5902,twenty five,$60000,2023-12-13,Engg,88
5903, 30 ,27281,2016-05-08,Support!!,61
5904,54,147967,2017-10-28,Sales,96
407,194,84327,2024/05/01,VeryLongDepartmentName123,63
5906, 30 ,71556,2017-09-22,VeryLongDepartmentName123,57
5907, 30 ,52073,2020-03-30,Hr,98
5908,37,36118,not_a_date,Marketing,69
5909,27,53897,32/13/2020,human resources,267
5910,23,102542,32/13/2020,Sales,74
5911,51,89118,2023-12-15,Engg,82
5912,57,77976,32/13/2020, SALES ,85
5913,50,23255,2024/05/01,,67
5914,62,89464,2020-08-29,,89
5915,twenty five,91525,2024-02-01,,55
5916,52,105819,2023-01-10,sales,NaN
5917,20,64436,2015-04-30,VeryLongDepartmentName123,201
5918,twenty five,22198,2016-07-04,Support!!,85
5919,30,75342,2021-11-09,Support,80
5920,41,128437,2019-06-11,,88
5921, 30 ,108185,2015-06-21,HR,
5922, 30 ,47341,2018-02-21,Support,NaN
5923,57,2963452,2016-09-02,HR, 85 
5924,179,66526,2022-06-06,sales,64
279,148,abc,,,100
5926, 30 ,122144,2016-04-05,Support!!,277
5927,,38700,2015-01-30,,74
5928,42,73727,not_a_date,Support!!,-10
5929,38,4170382,2022-10-03,,52
5930,48,86002,2021-02-28, SALES ,65
5931,29,100622,2017-08-07,sales,91
5932,51,29994,2015-05-20,,97
5933,26,122663,2020-07-04,,69
5934,62,73583,2015-03-05,Support!!,52
5935,64,122194, 2023-07-10 ,Hr,55
5936,41,abc,2018-11-06,MKT,84
5937,64,74069,2024-02-16,sales,67
5938,,74434,2024/05/01,Hr,70
5939,32,98896,32/13/2020,human resources,59
5940,59,21365,2021-04-29, SALES ,NaN
5941,36,124139,2021-08-23,human resources,69
5942,21,23985,2020-03-05, SALES ,99
5943,23,50000 ,2018-01-06,Sales, 85 
5944,,120169, 2023-07-10 ,HR,65
5945,53,3159550,2019-07-16,Engg,57
5946,23,30731,not_a_date,Support!!,252
5947,44,111602, 2023-07-10 ,,66
5948,18,50000 ,32/13/2020,HR,NaN
5949,24,24328,32/13/2020,Hr,75
5950,27,87810,2023-04-11,Support,94
5951,59,63561,not_a_date,sales,78
5952, 30 ,,2022-08-27,VeryLongDepartmentName123,95
5953,36,102239,,MKT,53
5954,33,abc,2024-04-16,Support!!,94
52,57,50000 ,2015-10-14,Marketing,54
5956,42,91223,2018-09-25,HR,NaN
203,18,101525,2020-04-28,,100
5958,59,29286,2023-04-01, SALES , 85 
5959, 30 ,106838,2019-04-01,Support!!,92
5960,25,118169,2016-01-19,sales, 85 
5961,26,120730,2021-07-27,,78
5962,18,85954,2019-06-28,,
5963,60,146392,2015-06-24,HR,50
5964,49,27111,2015-02-20,VeryLongDepartmentName123,89
5965,40,112456,not_a_date,VeryLongDepartmentName123,
5966,,,2017-08-12,,293
5967,26,139268,2018-07-07,Support,272
5968,54,76809,2019-11-16,Engineering,274
5969,53,58803,2016-03-15,Support,52
432, 30 ,81760,2017-08-07,Support!!,88
5971,27,85460,2024-12-13,Support!!,209
5972,32,29903,2015-11-13,Support!!,70
5973,,,2020-09-23,Marketing,89
5974,20,91423,2016-08-18,Engineering,54
5975,40,134896,2024-05-06,Marketing,58
5976,18,71414,32/13/2020,Hr,92
5977,46,148501,2015-10-08, SALES ,
5978,twenty five,131750,2021-08-26,Marketing,61
5979, 30 ,abc,2024-02-25,Hr,-10
5980,43,45271,2018-12-22,Support!!,66
5981,32,58662,2022-11-08,,79
5982,22,148239,2022-10-15,sales,80
5983, 30 ,abc,2021-01-20,Support!!,65
5984,60,79037,2017-09-17,human resources,50
5985,46,2821216,2015-04-23,Sales,85
5986,46,91572,2021-03-04,HR,-10
5987,20,104207,2015-03-27,Support!!,75
5988,18,64150,2015-10-11,human resources,70
396,twenty five,138166,2016-10-24,human resources,NaN
5990,111,54806,2021-05-30,Hr,284
5991,63,60333,2020-08-08,Support,
5992,28,$60000, 2023-07-10 ,,84
141,59,80081,2015-12-11,Support,57
5994,47,4104820,not_a_date,,85
5995,58,148216,32/13/2020,Engineering,98
5996,,,32/13/2020,Marketing,83
5997,39,$60000,2022-05-10,Support!!,79
5998,33,44859,2016-10-23,Marketing,54
5999,31,59459,2015-02-08,Support,
6000,29,115053,2016-06-30,Marketing,
6001,twenty five,50000 ,2018-03-20,HR,59
6002,54,57781,,human resources,88
6003,58,119745,2021-06-25,HR,98
6004,,104920,2017-05-22,,279
6005,61,132848,2019-04-20,Support,76
341,27,30421,2021-07-10,Engineering,64
6007,56,101889,2024/05/01,Hr,226
6008,46,135029,2021-12-09,Hr,69
6009,29,63157,2023-04-15,human resources,74
6010,40,88418,2024/05/01,Sales,86
6011,41,108051,2021-06-20,Sales,59
6012,28,50000 ,2018-06-24, SALES ,-10
6013,28,68577,, SALES ,64
6014,64,140252,32/13/2020,HR,68
6015,49,120294,2023-04-13, SALES ,90
6016,39,68626,2024-07-30,,98
6017,65,108452,2023-08-23,Support,52
6018,40,30630,2021-07-25,HR,-10
6019,52,138496,not_a_date,Engineering,67
6020,32,100537,,Hr,96
6021,22,38225,32/13/2020,Support!!, 85 
6022,25,106583,2024/05/01,VeryLongDepartmentName123,91
6023,132,139060,2018-04-10,MKT, 85 
6024,20,85796,2019-06-05,sales,94
6025,25,120589,2024-12-18,Engineering,NaN
6026,25,144578,2024-05-06,human resources,52
6027,65,86808,2021-11-28,HR,68
6028,47,118509,2022-02-04,sales,94
6029,42,48413,2017-07-03,Support,58
6030,47,39588,2022-02-27,Hr,NaN
6031,38,58442,2018-09-13,,76
6032,198,120824,2022-05-11,HR,60
6033,38,139125,2023-07-29, SALES ,66
6034,58,82451,2022-03-28,Hr,93
6035,twenty five,137216,2024-12-05,Marketing,70
6036,24,,2023-04-29,Engg,73
6037,22,84250,2024-05-28,Sales,53
6038,33,113945,2022-06-23,,69
6039,47,87264,,Support,58
6040,39,1911066,2024/05/01,Hr,89
6041,35,$60000,2023-08-09,Engg,-10
6042,22,132120,2024/05/01,VeryLongDepartmentName123,69
6043,47,92658,2020-07-15,Engineering, 85 
6044,twenty five,111505,2021-06-08,HR,94
6045,57,22701,2017-10-16,Engg,71
6046,38,,2020-06-09, SALES ,85
6047,twenty five,4992802, 2023-07-10 ,HR,73
6048,45,100962,2021-03-02,HR,62
37,29,123573,2024-06-07,HR,92
6050,52,2405716,2023-10-28, SALES ,53
6051,50,98658,2015-06-20,VeryLongDepartmentName123,90
6052,26,137030,2017-02-22,HR,75
6053,18,85840,2021-10-08,HR,100
6054,58,,2017-09-14,Engg,53
6055, 30 ,139542,2017-06-02,human resources,NaN
6056,54,132155,2023-08-16,Sales,67
6057,58,123389,2016-07-16,Support,65
6058,36,,2017-05-11,VeryLongDepartmentName123,84
6059,29,44055,2018-01-06,,75
6060,38,53333,2017-07-02,,65
6061,,38628,not_a_date,VeryLongDepartmentName123,170
6062, 30 ,,2016-04-28,VeryLongDepartmentName123,NaN
6063,23,27429,2023-04-07,Sales, 85 
6064,63,106191,2024/05/01, SALES ,
6065,32,30690,2023-12-28,VeryLongDepartmentName123,88
6066,36,,2022-12-24,HR,61
6067,23,60710,2019-02-19,sales,79
6068,27,75150,32/13/2020,MKT,69
6069,50,106431,2023-02-28,Support!!,80
402,35,$60000,2018-07-26,HR,NaN
6071,35,$60000,2017-07-13,sales,-10
6072,44,107139,2017-02-20,Support,68
6073,34,116660,2024/05/01,VeryLongDepartmentName123,94
6074,45,,2017-08-03,Hr,-10
6075,27,50155,not_a_date, SALES ,59
6076,55,41508,2021-04-17,Support,-10
6077,49,86430,32/13/2020,HR,59
6078,41,23022,2022-11-04,human resources,87
6079,,36547,2015-02-26,Engg,NaN
6080, 30 ,94712,32/13/2020,,80
6081,42,56827,2024/05/01,VeryLongDepartmentName123,93
6082,18,1002903, 2023-07-10 ,human resources,NaN
6083,30,,2022-12-17,Sales,89
6084,65,4724463,32/13/2020,Marketing,51
6085,34,31295,2020-12-27,sales,83
6086,47,100389,2018-08-01,Engineering,53
6087, 30 ,115631,2016-07-15,human resources,84
6088,184,109087,2023-10-15,,58
6089,23,144999,2024/05/01,Hr,60
6090,37,abc,2015-06-23,human resources,73
6091,35,50000 ,2016-05-03,,54
6092,47,50000 ,2024/05/01,,NaN
6093,42,145623,2021-11-07,Marketing,NaN
6094,,44295,2018-09-10,,276
6095,44,,2017-10-21,Support!!,79
6096,51,137539,2016-07-29,,76
6097,37,92721,2023-03-17,,68
6098,20,53412,2022-03-28,Engineering,62
6099,41,53632,not_a_date,Support!!,50
6100,,117554,2020-06-25,human resources, 85 
6101,18,52824,2019-12-22, SALES ,92
6102, 30 ,30351,2022-01-09,Sales,67
6103,26,106649,2015-02-28,VeryLongDepartmentName123, 85 
6104,twenty five,,2022-10-10,Support!!,97
6105,36,133173,2018-04-28,Engg,93
6106,32,108215,2019-11-24,MKT,80
6107,27,89608, 2023-07-10 , SALES ,51
6108,143,138380,2020-03-20,Marketing,
6109,twenty five,$60000,2024-05-02,Sales,88
6110,62,abc,32/13/2020,Engineering,78
6111,134,4971712,2024-01-14, SALES ,82
6112,64,50000 ,2021-04-25,Marketing,NaN
6113,58,$60000,2022-11-19,Engg,-10
6114, 30 ,129836,2021-02-22, SALES ,58
6115,39,96880,2017-08-30, SALES ,94
6116,58,135935,,Marketing,81
6117,44,99940,2021-01-01,sales,68
6118,60,90603,2021-12-31,Sales,81
6119,57,43619, 2023-07-10 ,Sales,72
6120,51,$60000,2021-05-08,HR,55
6121,20,2284417,2016-06-18,Sales,NaN
6122,51,79300,2023-01-22,Hr,90
6123,45,abc,2022-07-25,sales,100
6124,193,89958,2015-06-18,Sales,77
6125,31,76409,2015-09-10,,88
6126,34,90018,2024-12-06,human resources,NaN
6127,27,78020,not_a_date,Engg,67
6128,34,137309, 2023-07-10 ,,NaN
6129,60,1856341,,Support!!,72
6130,,38416,2021-01-29,human resources,58
6131,62,45207,2016-09-26,human resources,76
6132, 30 ,31995,2019-02-13,Support,67
6133, 30 ,abc,2015-11-12,VeryLongDepartmentName123, 85 
6134,54,,32/13/2020,sales,76
6135,52,abc,2019-08-17,human resources,98
6136,42,95484,2024-01-23,Hr,98
6137,47,146367,2021-08-31, SALES ,162
6138,48,50000 ,2015-04-23,MKT,95
6139,twenty five,,2016-01-29,HR,80
6140,,32125,2022-01-14,HR,NaN
6141,48,24921,2017-01-01,VeryLongDepartmentName123,54
6142,47,88240,2024/05/01,MKT,65
6143,63,114490,not_a_date,,203
6144,65,31173,2017-10-02,Marketing,89
6145,36,66297,2020-03-13, SALES , 85 
6146,61,131300,2023-06-16, SALES ,87
6147,55,$60000,2019-09-01,Marketing,90
6148,33,abc, 2023-07-10 ,Sales,75
6149,53,2613084,2015-03-02,Marketing, 85 
6150,55,135582, 2023-07-10 ,,53
6151,35,146403,2018-12-23,Support!!,84
6152,29,88709,32/13/2020,,90
6153,64,50000 ,2018-08-18,Engg, 85 
6154,49,87619,2024-12-30,Support!!,55
6155,19,$60000, 2023-07-10 ,Support,-10
6156,48,146043,2018-03-24,MKT,-10
6157,49,,2017-09-27,sales,98
6158,37,46425,2015-11-13,VeryLongDepartmentName123,98
6159,191,41292,,HR,74
6160,23,107839,2017-09-19,HR, 85 
6161,59,92335,2021-09-20,Support!!,66
6162,58,$60000,32/13/2020,Support!!,181
6163,42,80297,2022-08-02,Engineering,57
6164,63,95609,not_a_date,,99
6165, 30 ,51986,32/13/2020,human resources,72
6166,46,148664, 2023-07-10 ,Support!!,63
6167,45,,32/13/2020,human resources,72
6168,48,114571,2017-06-15,Support!!,163
6169, 30 ,88448,, SALES ,
6170,27,3855548,not_a_date,Support!!,157
6171,48,,2022-03-05,Hr,215
6172,58,66880,2024/05/01,Sales,61
6173,34,50000 ,2022-11-18, SALES , 85 
6174,,121641,not_a_date,,95
6175,36,50000 ,2019-12-13, SALES ,64
6176,21,,2024/05/01,HR,94
6177,57,135891, 2023-07-10 ,HR,100
6178,32,79093,,Sales,NaN
6179, 30 ,23599,2022-03-02,,50
6180,24,,not_a_date, SALES ,60
6181,44,60950,2018-02-11,sales,83
6182,43,43719,2019-09-05,,92
6183,51,129955,2015-11-01,Sales,65
6184,18,72148,2020-05-26,HR,77
6185,60,100373,2022-05-06, SALES ,51
6186,38,50000 ,2017-07-29,HR,99
6187,65,136310,2023-01-31,HR,91
6188,52,105843,2018-04-24,VeryLongDepartmentName123,NaN
6189,27,,2023-11-06,sales,96
6190,25,84130,2018-02-28,Marketing,52
6191,30,93643, 2023-07-10 ,MKT,87
6192,19,50000 ,2015-02-26,,90
6193,43,128830,2018-10-28,MKT,97
6194,28,50000 ,2024-09-22,Support,97
6195,21,2336154,2019-02-08,sales,-10
6196,62,,32/13/2020, SALES ,71
6197,28,abc,2018-10-21,Sales,-10
6198,185,113564,not_a_date,Engineering,57
6199,twenty five,58561,,HR,89
6200,,35460,2023-11-29,,
6201,53,1839626,2016-06-22,Support,89
6202,twenty five,3281565,2022-05-14,Engineering, 85 
6203,47,3859110,2020-07-03,Marketing,52
6204,50,30048,2024-11-03,VeryLongDepartmentName123,79
6205,60,82969,2019-04-05,,71
6206,27,3599333,32/13/2020,HR,75
6207,57,abc,2018-01-21,human resources,81
6208,50,89148,32/13/2020,Engg,69
6209,43,77579,2018-02-03,Support,99
6210,174,83477,2024/05/01,Marketing,99
6211,55,35828,2022-11-16,,87
6212,63,136640,2024/05/01,Engineering,79
6213,,124813,2016-03-02,Engg, 85 
117,56,25933,2018-02-14,human resources,77
6215,37,,, SALES ,64
6216,61,$60000,not_a_date,,NaN
6217,43,141774,2017-11-03,,92
6218,47,127870,2021-06-02,Sales,67
6219,55,120512,2020-10-18,VeryLongDepartmentName123,279
6220,65,105769,2016-11-01,human resources,91
6221,39,65871,2024-10-05,sales,55
6222,58,82287,2024/05/01,,
6223,53,115976, 2023-07-10 ,, 85 
6224,39,138335,2018-12-13,Support,89
6225,58,44660,32/13/2020,Support,74
6226,33,93864,2018-03-09,sales,70
6227,twenty five,134516,2017-09-20,,55
6228,46,71698,2023-10-12,VeryLongDepartmentName123,55
6229,61,133931,2022-09-29,VeryLongDepartmentName123,80
6230,23,26069,2017-05-19,,72
6231,36,37397,2018-05-10,Marketing,171
6232,31,130525,2018-09-04,Engineering,50
6233,53,124745,2018-03-18,Marketing,97
6234,27,50000 ,not_a_date, SALES ,91
6235,57,32630,2023-07-16,Engineering,53
348,36,32537,2016-09-09,Sales,92
6237,51,116401,2019-05-22,Hr,91
6238,61,$60000,2024-07-01,,89
6239,39,33157,2021-04-24,MKT,73
6240, 30 ,138693,2018-04-01,Hr,56
6241,19,67412,2015-01-23,MKT,56
6242,52,,2024-12-04,human resources,56
6243,20,23418,2020-04-08,Support,88
6244,154,50959,2023-08-18,Engineering,100
6245,20,124061,2019-10-02,MKT,84
6246,26,,2022-08-12,sales,75
6247,53,32166,2017-02-27,,
6248,40,94684,2016-11-07,Engg,78
6249,155,96628,2020-11-29,,71
6250,26,86887,32/13/2020, SALES ,88
6251,twenty five,138036,,Hr,61
6252,30,138923,2021-11-08,Support!!,100
6253,30,abc,2018-04-23,,77
6254,65,106393,2021-11-03,human resources,NaN
6255,140,,not_a_date,Support!!,68
6256,37,84829,2016-01-19,human resources,64
6257,31,121101,2019-05-03,Support,52
6258,41,73013,2015-08-10,,55
6259,152,102306,2022-11-13,,-10
6260,23,37315,,sales,63
6261,49,71016,2015-03-03,Engineering,94
6262,23,92918,2017-11-08,Engineering,65
6263,,113471,not_a_date,Engineering,62
20,51,,2015-01-27,MKT,-10
6265,55,134273,2022-08-10,,90
6266,62,145764,not_a_date,,50
6267,64,46242,2018-10-17,Engineering,74
6268,123,41350,2018-07-25,Sales,227
6269,twenty five,130786,2021-03-07,Marketing,69
6270,40,59023,32/13/2020,Hr,74
93,156,144377,2017-06-01,Sales,59
6272,21,142245,2017-11-15, SALES ,69
6273,18,85788, 2023-07-10 ,, 85 
6274,twenty five,129368, 2023-07-10 ,human resources,73
6275,21,78142,2018-04-23,MKT,74
6276,48,141497,2022-11-07,Marketing,64
6277,47,72591,2018-07-31, SALES ,73
6278, 30 ,78907,2017-04-26,VeryLongDepartmentName123,151
6279,30,43923,2024-07-07,Engg,58
6280,134,,not_a_date,VeryLongDepartmentName123,95
6281,49,abc,2023-10-18,,67
6282,40,75821,2019-10-11,VeryLongDepartmentName123,
6283,40,26064,2023-07-30,VeryLongDepartmentName123,74
6284,63,108035,2022-01-25,Support,73
6285,47,69897,2023-09-04,Sales,
6286,44,148077,2018-07-04,Marketing,58
6287,26,35805,2015-09-05,Engineering,77
6288,36,81048,2016-10-27,Support,52
6289,,107651, 2023-07-10 ,sales,80
6290,51,119496,2024/05/01,HR,
6291,twenty five,108110,2020-10-06,Engineering,51
6292, 30 ,100730,2024-12-23,Support!!,76
6293,25,46414,2024-09-04, SALES , 85 
6294,18,48668,2021-01-02,HR,93
6295,24,97694,2022-09-05,Marketing,69
6296,54,118502,32/13/2020,Engineering,82
6297,,76899,2017-11-24,Marketing,80
6298, 30 ,3162401,2017-10-11,Marketing,84
6299,40,31148,2022-08-17,Engg,58
6300,18,4511646,not_a_date,MKT,93
6301,56,64375,2015-11-01,HR,88
6302,24,112012,2020-09-22,Engg,97
6303,58,28568,2016-04-17, SALES ,56
6304,55,89704,2021-10-18,Engg,62
6305,62,81179, 2023-07-10 ,Support!!,NaN
6306,50,78085,32/13/2020,Support!!,90
6307,36,130447,2017-05-10,Sales,58
6308,42,$60000,2024-04-06,Marketing,-10
6309,137,37065,2017-12-01,Engineering,96
6310,21,1299231,2024-05-26,,82
6311,,81328,32/13/2020,human resources,90
6312,42,59811,2017-04-08,Engg,-10
6313,twenty five,$60000,2020-12-18,Engineering,
6314,65,129426,2018-06-29,Support!!,90
6315,59,56391,2020-05-03,, 85 
6316,50,,2018-11-26,MKT,
6317,33,111331,2024/05/01,Support!!,91
6318,60,,2020-08-14,,97
275,,107873,2019-08-24,,NaN
6320,44,58310,2022-07-02,human resources, 85 
6321,40,136482,2020-03-21,Hr,81
6322, 30 ,106625,2015-01-19,Sales,53
6323,19,139896,2019-05-27,MKT,50
499,29,33637,2016-06-30,Marketing,72
6325,50,,2017-10-04,Marketing,71
6326,49,100849,2023-03-07,Sales,72
6327,18,abc,2020-10-14,HR,100
6328,40,124959,2023-04-22,HR,70
6329,,27081,2018-11-26,VeryLongDepartmentName123,56
6330,18,50000 ,2023-08-22,Engg,-10
6331,44,126207,32/13/2020,Engg, 85 
6332,51,73036,2021-07-30,Support!!, 85 
6333,43,30976,2017-06-04,,55
6334, 30 ,64041,2017-12-16,Engg,
6335,135,144981,2020-10-12,HR,92
6336,28,abc,2023-04-28,VeryLongDepartmentName123,86
6337,,112787,32/13/2020,Engg,54
6338,54,149794,2021-08-17,Support,94
6339,33,65314,2016-12-01,HR,NaN
6340,32,129116,2016-11-28,Support!!,87
6341,,69229,2019-08-14,Hr,65
303,28,88742,2024-09-12,HR,91
6343,34,$60000,2022-05-05,,70
6344,twenty five,119257,2019-05-15,Support,51
6345,twenty five,50000 ,2021-03-13,Support,72
6346,188,48578,2017-01-10,VeryLongDepartmentName123,290
6347,23,3481388,2024/05/01,human resources,79
6348,,72678,2016-03-16,MKT,214
6349,37,$60000,2021-06-18,Engg,89
6350,20,46489,2016-04-04,Marketing,84
6351,20,50000 ,2019-10-12,HR, 85 
437,twenty five,37313,2024/05/01,VeryLongDepartmentName123,99
402,23,109130,2024-02-25,VeryLongDepartmentName123,95
6354,40,49419,2022-08-19,Engg,92
6355, 30 ,149631,2018-06-14,VeryLongDepartmentName123,93
6356,30,83006,2017-10-27,Hr, 85 
6357,171,130364,not_a_date,,67
6358, 30 ,$60000,2015-11-02,Engineering,
6359,,37521,32/13/2020,Support,80
6360,133,53460,2019-01-28,VeryLongDepartmentName123,-10
6361,twenty five,3462485,2019-01-22,sales,65
6362,27,63726,2017-10-31,Engineering,76
6363,59,139782,,VeryLongDepartmentName123,57
6364,50,53304,2024-01-10,Support,90
6365,twenty five,73273,2024-07-21,MKT,NaN
6366,129,44640,2017-12-27,HR,97
6367,50,40207, 2023-07-10 ,Support,57
6368,36,abc,2024-03-20,MKT,55
6369,57,41635,2024-03-21,Marketing,99
6370,50,48265,2023-04-20,sales,NaN
6371,19,50000 ,2021-01-14, SALES ,69
6372,49,119186,2024-11-04,Support!!,58
6373,57,113499,2019-06-09,Engg,75
6374,47,69638,2021-07-18,sales,94
6375,56,45084,2020-02-19,HR,56
6376,18,117147,32/13/2020,HR,100
6377,63,141883, 2023-07-10 ,human resources,99
6378,167,134020,2018-02-19,Engg,91
6379,,63917,, SALES ,73
6380,53,97469,2018-06-15,Engg,-10
6381,175,42807,2024-10-07,Support!!,NaN
6382,29,97014,2022-01-10,,82
6383,59,110990,2019-06-01,Engineering,57
6384,50,52668,2021-01-18,Sales,80
6385, 30 ,140289,2024/05/01,sales,67
6386,24,113281,2023-02-03,Marketing,63
6387,42,64776,2016-02-05,Marketing, 85 
6388,twenty five,146797,2016-06-17,human resources,50
6389,twenty five,96269,2015-08-26,human resources,95
6390,54,146471,2022-04-17,Hr, 85 
6391,48,121835,2024-03-20,Support,64
6392,28,abc,2022-06-28, SALES ,77
6393,33,121508,2022-04-17,VeryLongDepartmentName123,90
6394,33,144582,2022-01-15,sales,78
6395,38,41518,2021-04-06,HR,97
6396,43,62709,2017-03-11,human resources,56
6397,54,3061866,2020-07-25,sales,NaN
6398,65,106250,2016-11-20,Engg,79
6399,58,4474650, 2023-07-10 ,Sales,50
6400,61,147729,2019-03-24,Support,89
6401,27,86882,32/13/2020, SALES ,100
6402,29,75945,2024-09-06,Support!!,91
6403,101,60090,2022-04-22,human resources,98
6404, 30 ,44950,2017-09-03,Hr,91
6405, 30 ,50000 ,2016-05-11,VeryLongDepartmentName123,50
6406,49,89624,2017-12-10,Marketing,68
6407, 30 ,50000 ,, SALES ,52
6408,49,103265,2023-02-12,,-10
6409,26,22385,2019-03-06,HR,73
6410,48,abc,2020-05-22,,219
6411,28,83159,,MKT,93
6412,47,130747,2018-05-15,Support,83
6413,33,64830,2017-02-04,VeryLongDepartmentName123,88
6414,153,145585,2022-12-20,,87
6415,38,118112,2024-11-30,HR, 85 
89,116,110595,2020-10-22,Support,69
6417,43,,2015-03-31,HR,78
6418,60,,2019-02-16,Engg,-10
6419,49,60226,2021-07-04,Engg,69
6420,29,abc, 2023-07-10 ,,96
6421,twenty five,50645,2023-11-25,HR,89
127, 30 ,49094,2019-10-17,MKT,97
53,,37286,2021-12-20,Engg,
6424,,27747,2020-10-03,sales,90
6425,33,$60000,2018-03-16,Engineering,88
6426,62,64039,2018-08-15,VeryLongDepartmentName123,83
6427,38,127613,2017-08-24,Hr,
6428,19,135882,2021-07-21,Marketing, 85 
6429,52,42761,2016-09-26,VeryLongDepartmentName123,80
6430,31,123942,2024-11-12,,64
6431, 30 ,abc,2018-02-17,Engg,NaN
6432,155,28927,2015-06-16,Marketing,249
6433,56,,2020-06-29,Engineering,81
6434,23,62353,, SALES ,67
6435,44,65200,2020-08-08,Sales,-10
6436,62,1690035,2019-01-21,Engineering,55
6437,twenty five,$60000,2024/05/01,HR,90
6438,27,126431, 2023-07-10 ,Marketing,59
100,163,abc,2021-01-08,MKT,78
6440,122,132212,2016-07-27,Engg,77
6441,65,95891,2022-11-13, SALES ,50
6442,40,85275,2016-09-11,VeryLongDepartmentName123,NaN
6443,64,112109,2017-12-21,,180
6444,twenty five,53013,2021-11-05,sales,55
6445,46,52199,2023-07-13,sales,96
184,55,,2024-03-01,,81
6447,37,90096,2024-01-10,Hr,81
6448,64,, 2023-07-10 ,Sales,68
6449,23,88470,2016-06-05,Hr,85
6450, 30 ,63799,32/13/2020,Engineering,52
6451,46,135246,2023-10-30,Support!!,96
6452,55,98365,2022-06-03, SALES ,86
6453,41,101474,32/13/2020,MKT,97
6454,60,61192,,sales,70
6455,57,abc,2022-12-30,Engineering,77
6456,124,99182,2016-08-04,Support!!,90
6457,30,56181,2018-08-14,sales,69
6458,62,26861,,Sales,73
6459, 30 ,73138,2024/05/01,Sales,78
6460,twenty five,4442111,2024-07-20,Support!!,61
6461,63,142112,2015-08-20,Engineering,90
6462,45,141014,2017-07-20,Marketing,83
6463,37,$60000,2020-06-25,Support,73
317,28,$60000,2023-01-20,sales,59
6465,38,$60000,2024-01-12,VeryLongDepartmentName123,96
6466,26,53388,2023-09-05,Engg,-10
6467,53,88252,2020-09-07,Support,99
6468,54,137675,2022-05-29,Sales,91
6469,19,69983,2019-11-14,Engineering,152
6470,25,,2024-11-17,Marketing,64
6471,23,110432,2015-09-10,HR,NaN
6472,,116132,2018-11-17, SALES ,64
6473,29,,2015-08-25,Support,71
6474, 30 ,28448,2017-12-29, SALES ,78
6475, 30 ,80895,,Marketing,84
6476,26,1704716, 2023-07-10 ,VeryLongDepartmentName123,NaN
6477,46,101185,2018-03-10,Hr,77
6478,34,83488,2024-11-14,Marketing,54
6479,20,55813,,Hr,64
6480,22,65321,2017-05-17,Hr,72
6481,25,146410,2016-05-13,Hr,99
6482,twenty five,76080,32/13/2020,Marketing,92
6483,65,$60000,2023-10-25,Sales,
6484,143,50000 ,2021-01-30,sales,NaN
6485,27,102194,2020-01-12,Hr,76
6486,39,34819, 2023-07-10 ,,67
6487,,72038,,human resources,66
6488,38,137141,2020-01-07,Support,65
6489,45,2261182,2022-01-24, SALES ,96
6490,65,111250,2024-07-27,Engg,
6491,49,116453, 2023-07-10 ,MKT,188
6492,twenty five,44245,,VeryLongDepartmentName123,52
6493,58,abc,2021-10-20,MKT,71
6494,46,84917,2019-05-03,Engg,86
6495,57,122247,2022-12-29,Sales,64
6496,32,105247,2015-01-31,Hr,59
6497,twenty five,75076,2024-03-14,,NaN
6498,63,75731,2015-01-19,HR,94
6499,46,51566, 2023-07-10 ,Support,82
6500,34,48481,2023-12-04,Support!!,95
6501,35,abc,2015-11-19,Engineering,73
6502,22,111690,2020-06-11,Engg,84
6503,47,20240,not_a_date,human resources,89
6504,21,133092,2015-12-16,Marketing,96
6505,43,101203,2017-06-12,,
6506, 30 ,82170,2024/05/01, SALES ,85
6507,27,65680,2022-11-09,sales,90
6508, 30 ,77689,2024/05/01,VeryLongDepartmentName123,
6509,22,147040,2021-02-02,HR,81
6510,61,145965,32/13/2020,Sales,74
6511,37,1981147,2017-04-06,Sales,89
6512,32,99788,2024-08-02,VeryLongDepartmentName123,53
6513,43,abc,2024/05/01,Support!!,94
6514,47,$60000,not_a_date,,58
6515,twenty five,63900,32/13/2020,Hr,60
6516,twenty five,149574,2024/05/01,Engineering,260
6517,,41976,2017-12-08,,75
6518,44,113041,2022-01-18,MKT,-10
6519,37,50000 ,not_a_date,Marketing,84
6520,44,52794,2016-08-04,VeryLongDepartmentName123,88
6521,31,40453,2015-08-12, SALES , 85 
6522,19,89105,2017-03-14,Engineering,76
46,34,50000 ,2021-03-04,Support,87
6524,twenty five,47443,, SALES ,53
6525,62,50000 ,2021-11-12,VeryLongDepartmentName123,97
6526,48,140029,2015-04-15,Hr,52
6527, 30 ,130344,2015-09-07,human resources,83
6528,61,2470553,2017-07-19,MKT,92
377,36,138646,2017-05-26,human resources,72
6530,20,78776, 2023-07-10 ,VeryLongDepartmentName123,81
6531,53,2026883,2018-01-10,sales,NaN
6532,22,46807,2024/05/01,VeryLongDepartmentName123,66
6533, 30 ,103529, 2023-07-10 ,,71
6534,28,146145,2022-03-06,,62
6535,29,50728,2024-03-08,MKT, 85 
6536,52,88750,2024-05-04,Engineering,-10
195,twenty five,108608,2017-08-23, SALES ,168
96,50,74998,not_a_date,human resources,83
6539,64,,2020-02-15,Marketing,80
6540,35,78602,2017-08-20,MKT,73
6541,191,129660, 2023-07-10 ,Engg,
6542,twenty five,88991, 2023-07-10 ,Support, 85 
6543,64,77481,2024-06-05,sales,70
345,24,119705,2015-10-22,,98
6545,23,2118767,2024-11-12,Marketing,62
6546,65,87413,2023-10-29,Support!!,99
6547,28,130126,2024-02-19,Support!!,-10
6548,24,3541476,,Support!!,208
6549,,55057,2015-12-29,HR,160
6550,twenty five,$60000,2023-06-04,VeryLongDepartmentName123,71
449,35,82056,2020-05-03,Support,78
6552,62,2521359,,Sales,55
6553,47,67221,2020-12-31,Support,64
3,23,,,HR,64
6555,53,21947,2023-05-03, SALES ,76
6556,25,105959,2024/05/01,Hr,51
6557,25,54046,2016-08-21,Marketing, 85 
6558,24,107340, 2023-07-10 ,HR,-10
6559,twenty five,$60000,2023-06-23,VeryLongDepartmentName123,74
6560,60,21567,2015-02-03,Engineering,71
6561,31,115869,not_a_date,Hr,81
6562,twenty five,149670,2021-08-20,Support,63
6563,41,127437,2016-02-26,HR,60
6564,,,2018-09-30,Hr,92
37,60,87697,2017-06-21,,94
6566,twenty five,145059,2022-11-16,Marketing,NaN
6567,62,2498954,2019-12-16,Engineering,74
6568,30,28082,,MKT,72
131,27,89219,2016-05-10,Support,NaN
6570,22,38458,2024/05/01,Engg,92
6571,38,22663,,HR,67
6572,43,78292,,Sales,NaN
6573,47,83111,32/13/2020,Sales,50
6574,48,61674,2019-11-26,Engineering,70
6575, 30 ,129435,2021-04-16,,79
6576,53,110887,2015-05-06,,63
6577,172,$60000,2020-07-14,,92
6578,24,149278,2017-02-08,,67
6579,64,141612,2015-08-04,HR, 85 
6580,22,32464,32/13/2020,Engg,83
6581,27,24846,2021-06-12,,78
344,51,80520,2018-11-16,Engg,-10
6583,58,24908, 2023-07-10 ,Engineering,92
6584,18,98897,2021-08-03,VeryLongDepartmentName123,78
6585, 30 ,85730,2016-12-19,Sales,78
6586,51,32338,2017-02-02,Engineering,232
6587,20,45990,2018-05-13,Support!!,95
6588,127,148240,2022-12-12,Marketing,63
6589,,50000 ,2024/05/01,Sales,87
6590,65,133061,2022-04-20,,74
6591,21,112790,2024/05/01, SALES ,54
6592,19,133129,2017-04-30,Engg,70
6593,27,57795,2022-10-30,,77
6594,54,$60000,2020-11-23,Hr,50
51,64,47150,2015-12-07,MKT,82
6596,45,61392,, SALES ,78
6597,47,94735,2015-07-08,HR,NaN
6598,28,$60000,2018-01-08,Hr,94
6599,42,130629,2020-04-08, SALES ,162
6600,,122339,2023-11-26,Sales,50
6601,27,127501,2023-06-07,Support,-10
6602,29,61451,2023-04-09,,83
6603,33,56083,32/13/2020, SALES ,160
6604,33,90166,not_a_date,,90
6605,54,137160,2021-01-14,,55
6606,57,84666,not_a_date,,99
6607,36,88941,not_a_date,VeryLongDepartmentName123,56
6608,53,abc,2019-02-08,Engineering,75
6609,160,69233,2018-09-28,Hr,65
6610,29,110007,2016-01-09,Engg,92
6611,32,50000 ,not_a_date,Engg,55
6612,113,4897421,32/13/2020,VeryLongDepartmentName123,61
6613,59,60060,2024/05/01,MKT,78
6614,18,122028,2015-03-09,Engineering,51
6615,24,115570,2016-09-04,, 85 
6616,189,82865,2024/05/01,VeryLongDepartmentName123,89
6617,52,98104,2024-12-26,,NaN
6618,35,35096,2017-05-01,,64
6619,54,82704,2017-08-04,Engineering,169
6620,54,117948,2023-09-29,Support,55
6621,63,$60000,2023-02-09,Marketing,95
6622,twenty five,108359,2020-10-07,HR,51
6623,50,50000 ,2024/05/01,Engineering,96
360,31,21195,2015-09-11,MKT,74
6625, 30 ,53037,2018-10-10,HR,89
79,38,,2024-09-02,MKT,66
6627,51,$60000,2024/05/01,,59
6628,45,$60000,2018-12-22,human resources,50
6629,25,50000 ,,Hr,-10
6630,52,72884,2024-01-05,human resources,55
6631,58,145970,2022-04-03, SALES ,NaN
6632,42,108406,2018-12-22,Marketing,87
6633,24,87072,2016-04-18,human resources,84
6634,65,27968,2021-09-19,Engg,93
6635,20,50000 ,2024-07-26,Engg,85
6636,twenty five,90258,2023-09-02,Support,73
6637,21,69774,2023-07-26,Engineering,50
445,23,92291,2015-09-14,Engineering, 85 
6639, 30 ,49676,2022-12-24,Support,65
6640,37,135619,2024/05/01,human resources,61
6641,36,59991,2016-04-09,Hr,63
6642,50,,2016-12-28,Sales,-10
6643,30,50000 , 2023-07-10 ,Engg,91
6644,46,60004,2024-08-06,human resources,85
6645,35,97667,2015-08-21,human resources,97
6646,54,134422,2021-12-05,Sales,
6647,54,105328,2015-01-25,Hr,54
6648,42,111558, 2023-07-10 ,sales,76
6649,23,$60000,2020-06-24,Support,57
6650,64,,,Sales,73
6651,64,48081,2021-01-02,Hr,58
6652,40,abc,2015-06-21,Support,205
6653,60,107462,2024-02-25,Engineering,69
6654,39,42459,,,67
492,50,86197,2024-05-17, SALES ,77
6656, 30 ,71711,2024-07-14,Sales,86
6657,38,118326,2016-09-02,human resources,51
6658,51,93843,2021-06-28,human resources,NaN
6659,39,33383,2024-05-22,Engg,94
228,,50000 ,2023-12-30,,60
6661,27,66223,32/13/2020,Marketing,-10
6662,143,$60000,2015-10-20,Engg,88
6663,33,70088,2020-07-31,Marketing,73
6664,59,48782, 2023-07-10 ,Support!!,
6665,34,34959,2017-09-26,Hr,61
6666,56,59429,not_a_date,MKT,83
6667,46,27225,2020-02-29,Engineering,90
6668,28,50000 ,2024-11-08,, 85 
6669, 30 ,94695,2022-01-13,MKT,55
6670,,74585,2022-09-19,Support!!,86
6671,42,,2022-04-15,Hr,51
6672,55,58879,2021-12-29,Engg,NaN
6673,41,2899126,2017-05-12,Support, 85 
6674,180,4562949,not_a_date,human resources,74
6675,32,abc,2023-05-13,,95
21,42,70632,2019-03-31, SALES ,99
6677,,,2024-08-14,Engg,NaN
6678,130,54338,2017-01-25,Sales,70
311,37,68531,2016-04-01,,NaN
6680,45,30159,2017-05-25,Engg,-10
6681,,146789,2022-12-13,VeryLongDepartmentName123,76
6682,58,3312841,2018-08-04,Sales,92
6683,56,30090,2016-04-10,MKT,84
6684,53,1655184,2021-06-17,Marketing,85
6685,twenty five,103562,not_a_date,Support!!,-10
6686, 30 ,76252,not_a_date,Engg,94
6687,60,142931,2023-07-11,human resources,55
6688,199,112622,2021-02-13,HR,-10
6689,29,abc,2023-06-29,Support!!,
6690,48,,2019-06-26,Engg,96
6691,56,73437,2024-07-26,, 85 
6692,19,116574,2021-01-04,VeryLongDepartmentName123,81
6693,25,131271,2024/05/01,VeryLongDepartmentName123,71
6694,43,113574,2020-03-21,,90
6695,57,29729,2024/05/01,Engineering,60
6696,65,,2018-05-19,Engineering,92
6697,42,3370668,2019-05-30,HR,150
6698,53,4423752,2017-11-21,Marketing,96
6699,54,67523,2022-04-15,Marketing,82
6700,170,58467,2017-05-31,Support,93
6701,52,64558,2024/05/01,human resources,93
6702,65,74977,2019-04-23,Engg,79
6703,47,48806,2016-01-15, SALES ,87
6704,19,71944,,VeryLongDepartmentName123, 85 
6705,40,,2017-10-13,Marketing,73
6706,61,72069,2024-12-17,Sales,100
6707,24,51511,2022-10-15,MKT,NaN
6708,41,29184,2022-05-17,,84
6709,29,66340,2022-04-23,Marketing,NaN
6710,59,25134,32/13/2020,Marketing,
6711,64,91588,2023-10-14,Sales,80
6712,31,113856,2019-09-13,VeryLongDepartmentName123,
6713,48,129012,2015-05-10,Engg,100
6714,37,97887,2022-12-18,Support,-10
6715,27,50000 ,2023-04-07,sales,72
6716,52,137030,2022-02-06,sales,
6717,,85822,2024-07-30,sales, 85 
6718,39,43204,2020-12-15,HR,61
6719,54,90220,2024-08-03,Hr,85
6720,183,93441,2016-03-23,human resources,
6721,,87206,2018-04-23,Engineering,58
6722, 30 ,27195,2018-12-09,,59
6723,,67825,not_a_date,MKT,
6724,34,97369,2024-08-31,Support,66
6725,65,128217,,MKT,63
6726,23,108886,2024/05/01,HR,97
6727,25,59250,2022-03-22,human resources,79
6728,twenty five,28742,2018-10-22,Engineering,-10
6729,54,31706,2024-12-21,MKT,90
6730,35,68326,2024-01-02,Marketing,85
6731,53,57006,2020-05-30,MKT,80
86,51,143673,2018-07-22,Marketing,
6733, 30 ,144113,2022-12-10,human resources,58
6734, 30 ,24822,2016-03-25,Sales,99
6735, 30 ,, 2023-07-10 ,Support,96
6736,28,122659,2015-05-25,Engg,74
6737,32,61180,2020-04-15,Sales,82
6738,28,97855,2021-05-09,Sales,77
6739,32,25289,2023-04-26,HR,244
6740,,108339,,VeryLongDepartmentName123,65
6741,65,143832,32/13/2020,,81
6742,34,102708,2021-06-09,Support,85
6743,28,87042,2018-07-25,Hr,87
6744,53,$60000,2022-04-14,sales,57
6745, 30 ,122172,32/13/2020,HR,90
6746,47,50000 ,32/13/2020,Sales,69
6747,19,abc, 2023-07-10 ,VeryLongDepartmentName123,59
6748,36,122941,2015-02-16,Hr,95
6749,54,147961,2015-06-03,Engg,184
6750,32,88027,2023-04-14,,64
5,53,61466,2020-06-23, SALES ,86
6752,48,$60000,2017-11-15,Engineering,NaN
6753,64,$60000,32/13/2020,sales,99
6754,48,69471,2017-08-31,,78
6755,55,137876,not_a_date,HR,78
6756,21,122299,2016-05-22,Support,85
6757,,37573,32/13/2020,MKT,99
6758,18,83300,32/13/2020,VeryLongDepartmentName123,-10
6759,160,28262,2024/05/01,Engg,
6760,24,90010,2023-03-31,,57
471,,abc,2024/05/01, SALES ,188
6762,142,51500,2018-06-30,Sales,96
6763,41,48303,2017-07-02,Support,65
6764,58,30771,2016-12-07, SALES ,82
6765,58,50382,2015-05-03,VeryLongDepartmentName123,80
6766,62,$60000,2018-07-19, SALES ,91
6767,33,116291,2016-05-26,Engg,77
6768,31,57504,2018-02-26,Hr,NaN
6769,20,95427,2017-11-06,Marketing,68
6770,43,112117,,sales,65
6771,64,62435,not_a_date,VeryLongDepartmentName123,89
6772,165,142588,,,83
6773,44,139491,2017-12-15,sales,65
6774,35,2231310,2024-12-08,,70
6775,63,,32/13/2020,HR,100
6776,55,82416,2023-05-31,Engg,74
6777,25,50000 ,2024-02-11,,-10
6778,23,51578,2016-08-13,Sales,55
87,twenty five,$60000,2024-02-13,,NaN
6780,21,73213,2018-09-27,MKT,74
6781,25,49123,2016-06-05, SALES ,71
457,52,74720,2018-04-23,MKT,NaN
6783,34,42980, 2023-07-10 ,human resources,61
6784,39,114507,2019-05-11,MKT,
232,22,63575,2022-01-09,Marketing,166
6786,165,75717,2024-12-17,human resources, 85 
6787,20,130897,2024-06-06,Support!!,94
6788,53,4636147,2018-10-25,Hr,67
6789, 30 ,36528,2022-08-27,Engg,
6790,184,29404,2020-05-24,Support,
6791,,37170,2017-09-22,Support,76
6792,55,$60000,not_a_date, SALES ,267
6793,45,abc,2020-10-07,Support!!,63
6794,24,$60000,2019-10-15,Sales,
6795,46,56305,2019-01-02,Support!!,54
6796,24,87142,2019-01-28,human resources,
6797,29,22479,2018-09-04,Support,67
6798,24,46932,2015-01-05,Sales,-10
6799, 30 ,84267,not_a_date,human resources,250
6800,149,50000 ,2024-03-15,Marketing,91
6801,25,39839,2024/05/01,Support,225
6802,42,126120,2019-01-12,HR,67
6803,40,42690,2016-12-28,MKT,92
6804, 30 ,87748,2016-10-28,VeryLongDepartmentName123,-10
6805,32,37153,2023-02-08,Marketing, 85 
6806,twenty five,$60000,2015-11-21,MKT,76
6807,57,106225,2018-10-12,human resources,85
6808,25,116577,2022-01-09,sales,96
6809,36,79166,2017-09-04,Marketing,74
6810,45,$60000,,Engineering,97
6811,41,abc,2020-04-07,Sales,83
6812,twenty five,55856,2018-12-08,Support,52
6813,60,47046,2024-03-12,human resources,85
6814,40,87209,2017-06-28,Hr,
6815,31,112055,2024/05/01,,97
6816,51,3207640,2023-07-11,HR,76
6817,49,$60000,2018-04-11,VeryLongDepartmentName123, 85 
6818,53,$60000,2021-07-15,Engineering,81
6819,34,38361,2019-01-19,,52
6820,57,50000 ,2022-12-28,VeryLongDepartmentName123,NaN
6821,145,110751,2024-07-15,HR,83
6822,111,$60000,2018-02-03,Sales,62
6823,53,91070, 2023-07-10 ,Engineering,NaN
6824,27,77599,2024-09-05,Engineering,82
6825,51,134805,2015-12-03,Engineering,91
6826,49,,2015-01-05,Support,NaN
6827,65,48444,2019-01-31,Sales,
6828,29,131528,2023-02-10,MKT,209
6829,26,99497,2022-08-15,HR,87
6830,,110650,2017-05-15,,97
6831,181,147596,2015-10-18,MKT,
6832,twenty five,$60000,2018-01-26,Hr,63
6833,40,$60000, 2023-07-10 ,,70
6834,43,82246,2017-04-27,sales,56
6835, 30 ,,2020-06-25,,69
6836,,$60000,2024/05/01,,65
6837, 30 ,78412,2023-03-27,human resources, 85 
6838,48,54639,, SALES ,95
6839,45,96981,2020-09-25,Marketing,99
6840,twenty five,52170,2024/05/01,sales, 85 
6841,22,144820,2023-10-25,VeryLongDepartmentName123,76
6842,51,37634,2017-04-01,Hr,58
6843,42,, 2023-07-10 ,VeryLongDepartmentName123,68
6844,51,149061,2016-04-15, SALES ,-10
6845,30,55062,2023-12-04,,
6846, 30 ,3846152,2024-01-18,Engg,55
6847,31,126892,2022-07-14,VeryLongDepartmentName123,50
6848,65,86108,2024-06-17,Support,74
6849,35,44374,2017-06-11,Hr,NaN
6850,32,121006,2021-02-15,Hr,82
6851,37,46362,2018-01-02,,73
6852,53,99937,2020-03-12,Support,99
6853,106,, 2023-07-10 ,Hr,58
6854,twenty five,66159,not_a_date,human resources,74
6855,24,101489,32/13/2020,VeryLongDepartmentName123,90
6856,33,133650,2024/05/01, SALES ,78
6857,49,131256,2024-04-28,Sales,52
6858,31,50000 ,2021-10-27,Engineering,79
6859,20,20806,2016-01-07, SALES ,
6860,20,41106,2022-10-27,VeryLongDepartmentName123,75
6861,57,3358108,2019-04-21,human resources,94
6862,twenty five,68680,2024/05/01,Hr,99
6863,52,133102,2022-01-08,Support!!,92
6864,30,96282,2021-12-12,Marketing,71
6865,37,52162,2022-12-08,Marketing,63
6866,54,,2017-10-02,Support!!,62
6867,21,50000 ,2018-01-11,MKT,61
6868,,$60000,32/13/2020,Engg,55
6869,119,119760, 2023-07-10 ,human resources,66
6870,twenty five,2125096,2015-05-06,Hr,295
6871,24,90419,2020-03-11,Support!!,51
6872,35,66437,2022-03-03,Support!!,54
6873,29,60965,2021-03-10,VeryLongDepartmentName123,66
6874,18,$60000,32/13/2020,Support,94
6875,64,62621,2018-05-16,HR,72
6876,59,102540, 2023-07-10 , SALES ,92
6877,60,47599,2024-05-27, SALES , 85 
6878,60,75656,2018-12-21, SALES ,54
6879,47,128798,2019-09-15,,75
6880,62,,2017-09-10,Hr,77
6881,24,108438,2024/05/01,HR,70
6882,183,74012,32/13/2020,human resources,64
6883,47,74501,2024-12-11,Marketing,
6884,59,117126,2024/05/01,VeryLongDepartmentName123,54
6885,190,78064,2024-08-16,human resources,57
6886, 30 ,70468,2021-11-04,Sales,95
6887,52,64935,2020-01-20,Engineering,74
6888,41,55219,2024-06-23,Hr,70
6889,47,69074,not_a_date,human resources,NaN
6890,51,74555,not_a_date,human resources,87
6891,19,122400,not_a_date,MKT,68
6892, 30 ,$60000,2016-03-09,,71
6893,161,1594967,not_a_date,Sales,83
6894,50,75548,2016-10-28,sales,80
6895,25,117654,,sales,NaN
6896,45,abc,2023-09-23,HR,89
6897,59,57405,2015-10-05,,70
6898, 30 ,71352,2024/05/01,Engg,-10
6899,20,24713, 2023-07-10 ,Support!!,
6900,59,81374,2020-12-14,HR,92
6901, 30 ,27344,2016-09-19,Hr,99
6902,124,66845,2015-07-29,Engineering,61
6903,27,58686,32/13/2020,Hr,93
462,39,68951,2023-08-20,,66
6905,27,36679,2017-12-23,Engineering,83
102,65,,2018-04-06, SALES ,58
6907, 30 ,88635,2018-04-06,human resources,81
323, 30 ,abc,2018-03-02,Engineering,76
6909,55,107900,2023-01-21,Hr,73
6910,50,23087, 2023-07-10 ,VeryLongDepartmentName123,58
6911,37,49631,2021-11-18,Sales,78
308,50,49318,not_a_date,Engg,55
6913,30,46747,2024-06-28,,277
6914,44,$60000,2015-08-02,Marketing,51
6915,140,39969,2018-06-04,Engineering,99
6916,65,24794,2021-07-13,HR,50
6917,62,132370,not_a_date,VeryLongDepartmentName123,54
6918,53,86578,2019-01-12,Support!!,179
6919,62,30190,2019-01-23,Engineering,96
6920,31,104451,2017-01-26,,
6921,34,abc,2015-07-03,Hr,95
6922,36,60380,2021-12-04,Support,59
6923,29,81640,2024/05/01,Support!!,60
6924,54,63436,2019-04-21,sales,70
6925,18,99107,2021-06-16,Sales, 85 
6926, 30 ,65543,32/13/2020,Engg,-10
6927,22,75823,2019-10-25,HR,NaN
6928,36,39955,2017-01-21,Support,58
6929,135,92309,2022-02-11,Hr,80
6930,25,20555,2022-08-10,sales,88
6931,twenty five,78733,2015-10-16,HR,90
6932,26,63606,2020-04-21,HR,85
6933,38,abc,2024/05/01,sales,92
6934,51,50000 ,2023-11-09,Engg,59
6935,40,122254,2020-07-22,Support,71
6936,51,,2015-07-29,Hr,54
6937,18,43044,2018-01-01, SALES ,
6938,19,abc,2015-05-15,Marketing,69
6939,,1991400,2018-02-08,human resources,64
6940, 30 ,abc,2024/05/01,Sales,66
6941,39,89877,2015-03-14,MKT,57
6942,45,76884,2017-03-27,human resources,80
6943,28,35419,2022-04-01,Support,81
6944,29,29724,2016-12-10, SALES ,77
6945,18,,2023-08-17,Marketing,285
6946,twenty five,64011,2024/05/01,Hr,78
6947,twenty five,abc,2015-02-16,Support,79
6948,19,66606,2020-07-25,human resources,281
6949,43,122150,,Support,NaN
6950,,52375,2024-07-27,,-10
6951,36,55729,2016-12-15,sales,
6952,25,68671,2023-03-07,VeryLongDepartmentName123,97
6953,48,93420,2021-11-05,MKT,94
6954,23,81463,2016-06-16,,89
6955,24,75731,2016-05-22,human resources,
311,41,52376,2024/05/01,,52
6957,54,$60000,2017-09-21, SALES ,153
6958, 30 ,134006,2016-02-22,,
6959,twenty five,73868,2020-11-05,,
6960,58,62355,,sales,79
6961,64,67851,2021-02-18,Support,97
6962,33,31578,,Engineering,65
6963, 30 ,129590,2016-02-16,, 85 
6964,24,abc,2017-09-01,Engineering,82
6965,26,106176,2022-11-04,sales,54
6966, 30 ,abc, 2023-07-10 ,HR,56
6967, 30 ,50000 ,2016-01-15,Hr, 85 
6968,21,abc,2015-09-07,Engineering, 85 
6969,31,107537,2024/05/01,HR,51
6970,52,,2019-10-06,sales,97
6971,42,45440,2015-10-23,sales,98
6972,34,124870,2015-05-25,Engineering,95
6973,35,127859,2015-10-08,Marketing,50
6974,46,$60000,2024-05-08,Marketing,57
6975,35,50000 ,2024/05/01,VeryLongDepartmentName123,54
6976,62,111005,2016-09-23,Marketing,-10
6977,32,121426,2018-06-26,Engg,50
6978,,abc,2017-11-18, SALES ,98
6979,twenty five,2162596,2021-06-26,Engg,-10
6980,,abc,2023-08-12,MKT,92
6981,62,abc,not_a_date,Support!!,54
6982,25,43304,2019-10-23,Support,86
6983,39,104531,2020-07-18,,66
6984,60,48645,2024/05/01,Marketing,80
6985,26,42470,2021-02-04,Support!!,72
6986,46,73663,2023-08-03,Engg, 85 
63,51,43730,2023-08-14,Marketing,87
6988, 30 ,58249,2015-09-25,Marketing,87
6989,48,29244,2020-08-19,Sales,79
6990,27,54061,2021-12-23,Engg,NaN
6991,56,2771454,2022-11-26,Hr, 85 
6992,61,43408,2020-09-07,Support, 85 
6993,44,abc,2018-02-02,,61
6994,34,139876,32/13/2020, SALES ,
6995,35,51527,32/13/2020,HR,173
281,twenty five,50000 ,2021-09-11,VeryLongDepartmentName123,55
6997,57,93158,2024/05/01,Support,74
6998,24,115245,2019-12-10,MKT,
6999,33,2293809, 2023-07-10 ,VeryLongDepartmentName123,93
7000,57,21216,2022-02-23,Engineering,245
7001,42,,2016-01-28,HR,56
7002,28,2933202,not_a_date,Support,64
7003,34,50000 ,2024-07-22,HR, 85 
7004,57,66053,2024-09-26,VeryLongDepartmentName123,74
7005,46,1166417,2024-12-21,human resources,97
353,51,$60000,2020-05-12,, 85 
7007,45,97165,2019-06-30,Engg,91
7008,24,126116,2024-03-11,Marketing,53
7009,20,,2024-07-29,Support!!,51
7010,47,97751,2024/05/01,Engg,
7011,143,135825,2015-05-10, SALES ,77
7012,46,57180,2023-05-16, SALES ,-10
7013,23,113474,2018-11-04,human resources,88
7014,32,118119,2024-01-20, SALES ,248
7015,31,abc,2020-11-29,Engineering,260
7016,50,97260,2015-05-05,Support!!,94
7017,44,43743,2015-10-20,Marketing,68
7018,63,78678,2016-03-10,,-10
7019,47,4808593,2019-05-25,Engg,75
7020,34,50000 ,2019-05-09,sales,67
7021,64,100763,,human resources,55
7022,59,,2024/05/01,MKT,69
7023,twenty five,49722,2024-10-26,MKT,NaN
7024,twenty five,1252313,2015-10-01,Hr, 85 
7025,twenty five,53226,2020-01-19,sales,NaN
7026,65,130101,2021-01-07,Sales,93
7027,125,abc,2015-12-25,Sales,55
7028,56,143213,2018-06-09,,75
7029,41,46892,2021-05-09,human resources,91
7030, 30 ,abc,2017-10-02,human resources,
7031,33,110064,2022-06-25,Hr,81
7032,65,59373,,Support,98
7033,49,51410,2016-04-18,Engg, 85 
7034,twenty five,52957,2017-01-01,HR,97
7035,24,103111,2018-06-03,,288
7036,135,75916,32/13/2020,MKT,56
7037,63,111048,2021-05-30,human resources,
7038,64,84617,2024/05/01,,NaN
7039,50,abc,2015-07-08,sales,75
7040,45,$60000,2023-06-08,Support!!,-10
7041,32,77571,2016-05-29,HR,66
7042,24,72742,not_a_date,MKT,74
7043,27,103136,2024/05/01,Support,-10
7044,57,127538,2021-06-03,VeryLongDepartmentName123,72
7045,46,22182,,,78
7046,38,145643,2021-11-07,Sales,NaN
7047,56,44904,2024-01-03,Hr,85
7048,64,95700,32/13/2020,,-10
7049,42,132975,2021-12-15,,78
7050,65,abc, 2023-07-10 ,MKT,269
7051,twenty five,96434,2023-06-08,Hr,65
7052,37,71662,2023-01-27,Support!!,92
7053,47,109694,2018-01-24,Marketing,52
92, 30 ,94511, 2023-07-10 ,sales,82
7055,49,80666,2022-04-07,VeryLongDepartmentName123,82
7056,60,124280,,sales,95
7057,twenty five,89791, 2023-07-10 ,Sales,84
7058,48,127169,,Engineering,77
7059,,123839,2020-06-05,Hr,NaN
7060,64,,2015-07-04,HR,82
7061,49,113043,2023-06-15,VeryLongDepartmentName123,91
7062,47,$60000,2024/05/01,sales, 85 
7063,24,115572,2019-08-28,Support!!,NaN
494,55,134275,32/13/2020,Marketing, 85 
7065,26,63338,2024/05/01,Engg,81
7066,30,146563,2017-09-24,HR,-10
7067,50,112821,32/13/2020,Hr,79
7068,62,,2017-06-27,human resources,70
7069,52,129874,,,81
7070,44,47582,32/13/2020,VeryLongDepartmentName123,51
7071,57,137225,2017-12-29,Sales,
7072,47,137637,2024/05/01,,81
7073,39,73752,2021-02-12,sales,77
7074,,99767,2019-12-02,Sales,59
7075,148,,2019-11-24,Hr,71
7076,45,132114,2019-05-31,Engineering,NaN
296,48,73407,not_a_date,Marketing, 85 
7078,twenty five,47683,2024/05/01,sales,50
7079,100,121980,2016-12-21,HR,91
7080,64,$60000,2017-02-28,,91
7081,twenty five,99712, 2023-07-10 ,human resources,79
7082,23,,2017-04-17, SALES ,89
7083, 30 ,113266,2018-02-08,VeryLongDepartmentName123,82
7084,37,77030,2024/05/01,,
7085,49,85093,2016-06-16, SALES ,56
7086,44,58970,,Engg,196
7087,34,117397,2022-06-08,Engineering,66
7088,30,40551,2020-10-11,sales,90
7089,,83984,2024-03-13,Engg,70
7090,34,111688,2015-04-20,,78
7091,151,33710,2020-08-30,Marketing, 85 
7092,,26791,2024/05/01,Hr,52
7093,18,54481,2024/05/01,HR,50
7094,200,70604,2015-07-30,MKT,59
7095,19,,not_a_date,, 85 
7096,42,,2017-03-07,Support,78
7097,30,abc,2023-03-10,Support!!,96
7098,33,131125,2016-07-18,sales,86
7099,twenty five,130088,not_a_date,VeryLongDepartmentName123,66
7100,41,122592,32/13/2020,Support!!,57
7101,36,93239,2024/05/01,MKT,91
7102,168,146400,2021-03-15,VeryLongDepartmentName123,84
454,185,84136,2017-10-18,,82
7104,55,50000 , 2023-07-10 ,,94
7105, 30 ,,2020-04-17,Engineering,97
7106,44,122590,2015-04-03,Engineering,64
7107,twenty five,$60000,2016-03-29,VeryLongDepartmentName123, 85 
7108,46,109870,32/13/2020,Engg,80
7109,,88148,2021-05-30,Hr,92
7110,43,126749,2024/05/01,sales,59
7111,38,30491,2020-08-02,VeryLongDepartmentName123,
7112,58,134150,2021-10-22,Engineering,50
7113,twenty five,64680,2020-07-10,Engg, 85 
7114,65,62091,2023-12-12, SALES ,69
7115,22,99483,2019-09-09,Engineering,69
7116,176,20344,2023-07-04,Hr, 85 
7117, 30 ,$60000,2020-05-04,Engineering,77
7118,twenty five,2249254,2016-10-20, SALES , 85 
7119,42,39757,2020-06-29,Engineering,NaN
7120,141,50000 ,2023-01-09,Marketing,54
7121,23,24597,2017-02-27, SALES ,
7122,144,117924,2023-11-11,,61
7123,26,50000 , 2023-07-10 ,Engineering,97
7124, 30 ,105103,2023-03-09, SALES ,82
199,58,55526,2023-12-29,Engg,87
7126,63,105427,2022-12-28,Hr,256
7127,109,72504,2016-02-19,Sales,83
7128,45,62752,2022-05-12,Engineering,70
7129, 30 ,50000 ,2018-07-23,Support,77
7130,21,134861,2017-07-26,human resources,92
7131, 30 ,$60000,2023-06-04,Engineering,88
7132,twenty five,25390,2021-06-06,Support,
7133,58,67505,32/13/2020,human resources,91
7134,23,118786,2023-09-11,Hr,51
7135,25,47594,2019-10-10,HR,84
7136,126,98778,2021-05-09,,74
7137,,136467,2016-05-03,VeryLongDepartmentName123,66
135,31,$60000,2022-11-12,HR,91
7139,twenty five,39853,2022-04-29,Sales,NaN
7140,65,2245059,2024-12-01,Support!!,87
7141,35,80255,2022-03-17,HR,61
7142,49,4107486,2020-05-11,Engg, 85 
7143,35,28818,2017-07-05,Engineering,63
7144,25,120480,2024/05/01,HR,52
7145,28,134789,2016-10-10,Sales,63
7146,33,46338,2019-02-06,Support!!,58
7147,45,48681,2019-11-03,HR,53
7148, 30 ,128279,2018-06-22,Support!!,NaN
7149,40,96090,2016-12-29,Engineering,67
7150,47,71612,2019-05-14,HR,56
7151,23,38846,,Marketing,-10
7152,178,107061,2016-10-04,Marketing,61
7153,31,112971,2023-05-02,,69
7154,62,134156,2023-11-26,Sales,198
7155,34,81622, 2023-07-10 ,VeryLongDepartmentName123,76
7156,41,142402,2023-07-24,HR,250
7157,60,4117751, 2023-07-10 ,Marketing,-10
7158,42,79699,2020-08-10,Engineering,63
7159,33,115146,2022-10-24,Support!!,55
7160,118,42113,2022-01-17,Support!!,51
7161,42,37065,2022-04-15,HR,278
7162, 30 ,98944,2015-08-20,human resources,100
7163,,67895,2023-11-10,human resources,91
185,23,119030,2024-05-23,Marketing,75
7165, 30 ,43794,2017-07-03,Sales, 85 
7166,33,147305, 2023-07-10 ,Engineering,78
7167,24,23736,2020-10-04,human resources,78
7168,43,36717,2019-12-12,MKT,65
7169,,121761,2023-03-15, SALES ,NaN
7170,,107143,2021-05-20,Engg,199
7171,32,110398,,Support!!,NaN
7172,,abc,2018-05-18,Sales,92
7173,117,98941,2018-03-06,Engineering,66
7174,21,,2023-04-06,,-10
7175,46,$60000,2018-09-20,HR,78
7176,186,99421,2023-09-02,Support,91
7177,,50000 ,2023-03-30,Engg,72
7178,46,$60000,2021-11-10,MKT,57
7179,25,133270,32/13/2020,VeryLongDepartmentName123,51
7180, 30 ,69092,2024-07-22,Sales,74
7181,45,$60000,2021-06-06,Support,284
406, 30 ,27148,2019-05-03,,98
7183,36,104301,,human resources,72
7184,33,abc,2019-05-23,Marketing,92
7185,18,50000 ,2015-03-12,Support,50
7186,41,30474,2017-04-15,sales,69
7187,26,50000 ,2020-01-09,,90
232,58,,2022-03-23,Support!!,246
7189,33,73552,2021-03-22,Sales,267
7190,27,,2019-02-22,Engineering,199
7191,twenty five,139067,2024-12-26,Engg,-10
7192, 30 ,2914689,2020-05-28,Engineering,71
7193, 30 ,abc,2024-03-16, SALES ,249
7194,38,81208,2019-11-01,VeryLongDepartmentName123,53
7195,63,34361,32/13/2020,Engineering,195
205,61,97658,2019-07-14,Sales,60
7197,,107077,2024-01-21,VeryLongDepartmentName123,73
7198,41,89968,2017-05-26,MKT,77
7199,48,1507647,32/13/2020,Sales,-10
7200,44,3544491,2024/05/01,HR,52
7201,22,,2015-12-24,Sales,61
7202,32,80559,2024-03-01,,98
7203,58,29625,2024-01-13,Engg,76
7204,35,123945,2022-05-12,sales,85
7205, 30 ,115980,2020-11-29,,100
7206,twenty five,38313,2015-05-28,Support,
7207,155,44013, 2023-07-10 ,Marketing,NaN
7208,twenty five,68399,2018-01-16,Engg,
7209,40,36787,not_a_date,Marketing,88
7210,twenty five,101969,2015-07-22,HR,87
7211,46,21318,2022-02-15,Engineering,98
7212,twenty five,50000 ,2020-01-16,,68
7213,41,116539,2023-10-10,,100
7214,65,31410,2020-07-04,human resources,NaN
7215, 30 ,$60000,2018-03-17,Marketing,
7216,60,125432,2016-02-22,sales,68
7217,42,80346,2016-04-24,sales,51
7218,52,39678,2016-12-17,Sales,73
7219, 30 ,27456,not_a_date,sales,95
7220,25,,2024-11-11,Support!!,64
7221,25,51822,2019-02-06,Engineering, 85 
7222,26,37071,32/13/2020,Support,95
7223,twenty five,88304, 2023-07-10 ,Engineering,78
7224,,91763,2023-01-23,Engineering,66
7225,56,75816,32/13/2020,Support!!,80
7226,22,,2020-09-13,HR,92
7227,,69855,not_a_date,VeryLongDepartmentName123,-10
7228,29,,2019-10-11,Hr,86
7229,32,98232,2019-05-16,Hr,99
7230,28,55551,2023-08-15,,56
7231,35,$60000,2016-10-29,Support!!,76
7232,37,$60000,32/13/2020, SALES , 85 
7233,65,38375,2024/05/01,HR, 85 
7234,52,143522,not_a_date,Engineering,95
7235,20,131899,2024/05/01,VeryLongDepartmentName123,88
7236,30,30852, 2023-07-10 ,Engg,81
7237,,129554,2022-05-11,Marketing,80
7238,42,1833189,2018-03-24,Hr,NaN
7239,35,,2023-10-07,Support,59
7240,49,109228,2016-07-16,MKT,74
7241,27,$60000,2024-12-23,sales,97
7242,36,43714,2020-07-25,,NaN
7243,,54629, 2023-07-10 ,MKT,
7244,27,84760,2023-04-03, SALES ,92
7245,20,$60000,2016-03-08,Support!!,88
7246,22,87475,32/13/2020,Support,87
7247, 30 ,56766,2021-05-11,Engineering, 85 
7248,48,50118,not_a_date,, 85 
7249,59,56669,2022-09-24,Hr,-10
7250,,$60000,2016-11-26,Marketing,91
7251,53,37682,2016-04-27,VeryLongDepartmentName123, 85 
7252,58,50000 ,2019-03-14,MKT,54
7253,36,137150,2019-11-24,sales,76
7254,61,72570,2022-03-26,Support,56
7255, 30 ,abc,2020-02-09,Support!!,68
7256,36,92791,2018-03-29,Support,79
7257,,53012, 2023-07-10 ,Support!!,88
7258,25,21019,not_a_date,Support!!,58
7259,48,114065,2017-07-20,Sales,59
7260,154,56541, 2023-07-10 ,Support,NaN
7261,21,44607,2021-05-16,HR,74
7262,50,110910,2020-09-02,,80
7263,39,144812,2021-05-19,Engg,223
255,26,94557,2022-11-19,human resources,51
7265,20,abc,2019-09-20,Marketing,53
7266,45,124392,32/13/2020,Support,66
359,47,3940436,2021-09-13,HR,85
421,43,$60000, 2023-07-10 ,human resources,261
7269,22,87261,not_a_date,Hr,68
7270,twenty five,40710,2024/05/01,Sales,69
7271,28,61143,not_a_date,HR,89
7272,,3646641,2016-02-01,Engineering,100
7273,19,abc,2022-07-29,Support!!,54
7274,53,113793,2024-01-07,HR,63
7275,56,,2021-10-30,,87
7276,55,97998,2015-03-09,Support!!,-10
7277,twenty five,74008,2023-10-31,human resources, 85 
7278,26,93697,2015-05-02,sales,86
7279,25,88313,2019-02-22,,89
7280,21,50000 ,2023-10-12,Sales,78
7281,28,39890,not_a_date,Hr, 85 
7282,58,,2024-01-05, SALES ,176
7283,,127336,2016-07-10,HR,80
7284,154,103014,2016-07-10, SALES ,296
7285,48,41984,2020-12-07,Marketing,
7286,30,26997,2024/05/01,Hr,162
7287,62,146169,2020-05-14,MKT,96
7288,,82188,2021-05-28,sales,77
7289,,abc,32/13/2020,Support,60
7290,53,50270,2023-09-14,,81
7291,26,abc,2019-11-11,HR,86
7292,115,128340,2016-02-21,,94
7293,48,107157,2024-09-26,Support!!,64
190,24,127927,2019-08-02,HR, 85 
7295,27,63668,2021-01-16,human resources,70
159,49,23710,2023-10-15,VeryLongDepartmentName123,79
7297,193,110777,2016-06-10,HR,292
7298,twenty five,128040,2020-09-03,Support!!,89
7299,35,84036,2020-06-09,MKT,-10
7300,51,24594, 2023-07-10 ,Engg,78
121,35,92908,2018-08-06,HR,-10
7302,,105895,2023-06-09,VeryLongDepartmentName123,86
7303,65,117908,2017-03-29,MKT,81
7304,58,55090,2015-10-20,Engg,NaN
7305,40,119280,2015-10-03,HR,64
7306,36,abc,2015-07-31,sales,76
7307,18,116109,2024-11-27,sales,88
7308,53,$60000,2020-04-19, SALES ,51
7309,183,135188,2018-04-21,Support,70
7310,27,77076,not_a_date,sales,60
7311,53,3921058,2020-02-15,Engineering,NaN
7312,49,,2020-07-08,Support!!,81
7313,25,42791,2021-02-22,HR,76
7314,50,92695, 2023-07-10 ,,94
7315,33,29898,,,
7316,52,37327,2017-01-22,MKT, 85 
7317,26,115215,2018-03-12,VeryLongDepartmentName123,53
7318,36,37086,2021-11-25,sales,67
7319,21,85752,2015-03-08,Hr,243
7320,44,73504,2017-08-06,HR,50
7321,18,130589,2015-08-01,Support,100
7322,50,,,Hr,75
7323,18,90318,2020-08-13,Support!!,62
7324,53,104780,2017-10-15,Engg,94
7325,38,127102,2016-08-09,Sales,88
7326,,58422,2021-01-24,human resources,81
7327,twenty five,81182,2015-12-09,,61
7328,25,41274, 2023-07-10 ,sales,56
7329,24,abc,2022-09-19,Hr,
7330, 30 ,50000 , 2023-07-10 ,human resources,99
7331,30,43522,2018-03-30,sales,100
7332,65,142992,2021-07-15,,75
7333,59,abc,2023-08-03,human resources,68
7334,64,23594,2024-09-19,,83
7335,59,120709,2018-11-07,Engineering,75
7336,101,33363,2019-09-15,MKT,57
7337,64,23011,2017-01-29,VeryLongDepartmentName123,-10
7338,22,65569,2019-06-30,Engineering,-10
7339,18,33728,2022-08-03,,75
7340,39,2502950,32/13/2020,MKT,99
7341,50,112408,not_a_date,human resources,64
7342,49,136029,,Marketing,93
7343,45,126600,2022-08-18,Sales,84
7344,101,121333,2017-06-23,sales,65
7345,55,$60000,32/13/2020,Sales,85
7346,33,73827,2021-11-07, SALES ,50
7347,,87840,2023-09-12, SALES ,
7348,39,149290,2020-01-24,sales,90
273,40,47608,32/13/2020,human resources,73
7350,38,132140,2018-02-12,MKT,
7351,55,64766,2016-05-07,,55
7352, 30 ,87485,2021-10-23,MKT,71
7353,53,50000 ,2020-03-01,Engineering,74
7354,51,3953417,2023-11-22,Engineering,79
7355,twenty five,1672754,32/13/2020, SALES ,98
7356, 30 ,149945,2021-10-05,Support,56
7357,twenty five,20780,2018-06-24,sales,NaN
7358,48,129614,not_a_date, SALES ,92
7359,53,141435,2019-04-25, SALES ,89
7360,19,108382,2016-10-27,Hr,81
7361,50,67361,2017-05-21,Support,203
7362,50,80174,2015-02-13,HR,56
7363,34,abc,2018-09-29,Support,100
7364,33,67889,2024-04-23, SALES ,62
7365,,93703,2022-09-29,HR,72
7366,45,79160,,,55
7367,twenty five,$60000,2019-10-14,,NaN
7368,124,106553,,,177
7369,46,91582,2021-05-13,Engg,73
7370,,abc,2020-07-02,Sales,NaN
7371,36,20885,,Support,61
7372,35,137683,2023-02-14,sales,54
7373,52,,2015-07-11,,70
7374,39,,2023-06-27,HR,
7375,54,abc,2023-08-28,Support,86
7376,47,94376,2024-09-19,MKT,81
7377,20,3401964,2021-10-08,sales,70
7378,36,abc,2019-04-29,Support,97
7379,49,127522,2021-10-26,Marketing, 85 
7380,23,76925,not_a_date,VeryLongDepartmentName123,59
7381,22,1017265,2018-12-05,,76
7382,46,109487,2015-02-28,Hr,73
7383,21,48500,2020-05-12,Hr,
7384,62,77338,2016-10-09,sales, 85 
7385,39,145005,2017-01-08,VeryLongDepartmentName123,78
7386,twenty five,91688,32/13/2020,human resources,61
7387,55,25779,2021-11-06,,79
7388,184,143187,2020-10-06,HR,66
7389,44,132399,2017-06-12,HR,71
7390,35,25435,2020-03-12, SALES ,62
7391, 30 ,143730,,,88
7392,50,,2019-10-20, SALES ,95
7393,43,2699906,2018-02-25,VeryLongDepartmentName123,
7394,64,23354,2017-10-06,Sales,93
7395,58,91761,2018-06-28,human resources, 85 
7396,61,,2020-01-27,Support,88
7397,48,134748,2023-11-21,human resources,264
7398, 30 ,70188, 2023-07-10 ,Hr,64
7399,21,92191,32/13/2020,Hr,51
7400,31,57128,2024-03-27,,74
7401,twenty five,30464,2021-04-30,Engg,64
7402,50,147236,2020-05-23,Sales,95
7403,40,70168,2022-10-23,VeryLongDepartmentName123,232
7404,36,$60000,2021-03-06,sales,96
7405,37,abc,2015-04-21,human resources,94
7406,57,50000 ,2021-12-02,Hr,NaN
7407,47,39421,2024/05/01, SALES ,65
7408,55,52803,2015-05-03,sales,226
7409,62,$60000,2022-01-23,Hr,81
7410, 30 ,57592,2023-08-24,Support!!,96
7411,19,$60000,2018-06-03,MKT, 85 
7412,64,$60000,2015-02-10,Marketing,63
7413, 30 ,77607,2022-04-25,MKT,227
7414,,89566,2018-11-04,,59
7415,28,50000 ,2016-02-25, SALES , 85 
7416,38,102478,2015-12-15,Support!!,96
7417,109,93401,2021-02-04,Hr,95
7418,twenty five,96505,not_a_date,sales,83
7419,34,30473,2018-01-15,Marketing,81
7420,53,52948, 2023-07-10 ,human resources,
7421,twenty five,90744,2021-07-01,Engg,152
7422,52,66863, 2023-07-10 ,Engineering,89
7423,30,121432,2016-04-28,sales,61
7424,52,49511,2016-11-17,Engineering,80
7425,33,68310,2017-01-06,Engg,78
7426,56,2233076,2016-02-22,sales,78
7427,19,,2024-11-21,HR,288
7428,41,4030831,2019-01-15,,52
7429,49,,2020-02-13,Sales,
356,36,127061,2024-04-28,Support,234
7431,32,92502,2017-02-15,human resources,83
7432,twenty five,123169,2022-01-26,,-10
7433,25,abc,2020-05-30,sales,NaN
7434,22,abc,2017-06-16,Marketing,87
7435,62,59853,2021-09-17,sales,62
97,24,86774,2021-03-30,VeryLongDepartmentName123,73
7437,41,,not_a_date,VeryLongDepartmentName123,82
7438,39,118306,2018-03-10,Engg,91
7439,twenty five,143932,2023-09-01,,-10
7440,32,136969,2024/05/01,MKT,59
7441,,70294,2021-04-03,,97
7442,33,59574,,VeryLongDepartmentName123,95
7443,42,134958,,Support!!,59
7444,48,100120,2016-03-18,Hr,55
7445,56,110229,2019-04-16,Support!!,
7446,56,,2023-10-20,VeryLongDepartmentName123,51
7447,33,92412,2015-09-01,Support,94
256,19,89105, 2023-07-10 , SALES ,97
7449,51,24389,2016-11-11, SALES ,
7450,23,abc,2018-04-04,Hr,79
7451,41,54135,2019-01-10,Hr,63
7452,30,,,HR,54
7453,47,65117,2021-02-10,,87
7454,43,50000 ,2020-04-10, SALES ,98
7455,twenty five,134981,2018-07-05,Hr,62
7456,,abc,2021-03-20, SALES ,57
7457,52,85686,2021-12-15,MKT,72
7458,twenty five,68787,2018-05-07, SALES ,71
7459,39,20494,2022-01-10,HR,60
7460,49,114908,2017-07-04,,84
7461,61,,2017-10-27,MKT,58
7462, 30 ,116714,not_a_date,Engg, 85 
7463,51,25782,2023-11-07,MKT,76
7464,,139942, 2023-07-10 ,Sales, 85 
7465,twenty five,50000 ,2021-11-25,Marketing,55
7466,65,113679,2024/05/01,Support,99
7467, 30 ,4550817,2024-08-25,Hr,56
7468,24,112282,,Support!!,56
7469,50,112555,2016-01-16,human resources,67
310,twenty five,abc,2018-10-18,MKT,69
7471,30,136897,2023-02-04,HR,90
7472,55,58862,2018-05-21,sales,84
7473,52,143526,2024-03-04,sales,66
7474,59,70051,32/13/2020,, 85 
7475,141,51729,2019-03-15,HR,86
7476,45,2456960,2021-08-08,Sales,77
7477,59,25440, 2023-07-10 ,human resources,95
451,41,abc,2020-08-12,Marketing,97
7479,51,79568,2020-09-29,Marketing,74
7480,24,50000 ,not_a_date,Support!!,61
7481,27,,2022-02-13,VeryLongDepartmentName123,96
7482,22,81785,32/13/2020,Engg,-10
214,19,114866,2016-08-09,Hr,69
7484,59,50037,2019-06-01,,NaN
7485,43,66002,2017-06-23, SALES ,NaN
7486,43,35426,2020-04-26, SALES ,91
7487, 30 ,4705068,2024-11-25,,73
243,48,121702,2015-09-25,VeryLongDepartmentName123,72
7489,65,$60000,2023-10-23,Sales,86
7490,105,50000 ,2020-03-06,Engineering,85
7491,20,87210,2022-08-16,Support, 85 
7492,19,82499,2019-08-04,MKT,53
7493,53,60705,2017-10-16,MKT,75
7494,50,87390,not_a_date,Engg, 85 
7495,59,131578,not_a_date,human resources,70
7496,55,138440,2024-01-02,human resources, 85 
7497,48,68935,2021-03-19,human resources,87
7498,41,$60000,2024/05/01,sales,79
7499,41,50000 ,2024-05-22,VeryLongDepartmentName123,83
7500, 30 ,57218,2020-02-18, SALES ,88
7501,52,$60000,32/13/2020,Sales,98
7502,58,71940,32/13/2020,sales,91
7503,63,87244,2019-05-14,Marketing,97
7504,59,126373,2020-04-20,,62
7505,,abc,not_a_date,,88
7506, 30 ,52904,2015-06-22,Support,89
7507,31,35045,2023-08-16,,94
7508,29,33417,2023-05-16,Engineering,96
7509,61,60046,2023-02-12,Engg,
7510, 30 ,,2023-08-17,Engineering,50
7511,65,52233,2024/05/01,HR,285
7512,24,100525,32/13/2020,human resources,54
7513,48,$60000,2017-08-15,Support!!,NaN
7514,54,118848, 2023-07-10 ,Marketing,84
7515,30,135172,32/13/2020,human resources,224
7516,32,$60000,,Engg,88
7517,,57201,2018-05-11,Hr,51
7518,64,111616,2015-08-10,Engineering,-10
7519,18,80238,2021-05-15,Support!!,88
7520,42,59220,2018-03-02,Engg,59
7521,36,4302581,2015-01-28,Support!!,-10
7522,33,100159,2016-03-21,, 85 
7523,31,111022,2022-08-02,,91
7524,34,135793,,Engg,96
25,twenty five,$60000,2020-05-01,,93
7526,37,113089,2024-09-02,, 85 
7527,39,4197109,2024-04-02,,61
7528,56,52947,not_a_date,HR,99
7529,19,23781,2021-04-02,Engg,91
7530,30,$60000,,Support!!,86
7531,60,118122,32/13/2020,human resources,238
7532,49,48617,not_a_date, SALES ,NaN
7533,45,119560,2023-03-15,,75
7534,55,52164,2022-03-10, SALES ,87
7535,26,88397,,Hr,95
7536,27,51696,2024/05/01,sales,72
285,33,87319,2019-01-18,Sales,NaN
7538,64,126352,not_a_date,VeryLongDepartmentName123,84
7539, 30 ,64793,2018-03-28,Engineering,86
7540,29,120239,32/13/2020,MKT,72
7541,29,40456,2020-06-27, SALES ,61
7542,41,51339,2020-02-12,human resources,58
7543,55,111119,not_a_date,Engineering,-10
7544,,132233,2018-05-09,Support!!, 85 
7545,19,109081,2023-11-18,VeryLongDepartmentName123,52
7546,28,132258,2022-04-23,Hr,100
7547, 30 ,24200, 2023-07-10 ,,70
7548,62,145665,32/13/2020,Support,80
7549,,39687,2019-11-24, SALES ,50
7550,37,abc,2015-11-18,Sales,55
7551,,23562,2024-02-04,Engineering,94
7552,27,144954,not_a_date,,92
7553,24,134865,2018-04-29,sales,-10
7554,23,90346,2020-02-16,VeryLongDepartmentName123,NaN
7555,,,2017-04-02,sales,97
7556,63,50000 ,2023-06-23,,78
493,60,35717,2023-01-19,MKT,58
7558,twenty five,,2020-01-28,HR,275
7559,46,67267,2022-11-12,Engg,78
7560,47,24008,2015-09-30,human resources,-10
7561,58,140557,2019-02-26,human resources,54
7562,54,80308,2021-08-29,Marketing,87
7563,twenty five,123271,2019-05-09,,182
7564,48,50000 ,2018-12-08,Engg,53
7565,37,60570,2017-05-17,Marketing,83
7566,27,50000 ,2021-01-16,Engg,88
7567,56,109736,2023-12-24,Sales,150
7568,48,143381,2021-09-25,Engg,-10
7569,36,52084,2016-11-09,MKT,64
7570,31,94622,,Engg,52
7571,43,105719,2024/05/01,Sales,95
7572,57,,2020-08-19,Support,76
7573,25,abc,2021-01-25, SALES ,72
7574,30,84137,2023-07-20,MKT,-10
7575,30,50000 ,2024-07-31,HR,-10
236,59,117139,2019-08-15, SALES ,74
7577,52,80337,32/13/2020,, 85 
7578,58,24198,2023-08-18,Support,53
7579,24,127872,2016-11-24,Engineering,90
7580,188,40978,2024/05/01,VeryLongDepartmentName123,71
7581,63,112488,2018-11-09,Support!!,-10
7582,59,143554,2022-08-17,Marketing,68
7583,49,92754,,Engineering,55
7584,24,112270,2016-01-03,Sales,52
7585,43,58081,not_a_date,,100
7586,35,23899,not_a_date,Engg,57
7587,118,113087,2022-05-10, SALES ,
7588,46,107241,2024/05/01,VeryLongDepartmentName123,95
7589,48,abc,2017-11-02,Support!!,86
7590,,39025,2020-11-09,human resources,58
7591,,50000 ,2016-03-18,HR,66
7592,120,abc,2021-11-17,Engg,90
7593,31,57711,2021-09-22, SALES ,50
7594,22,50000 ,2022-03-03,Engg,
7595,29,48267,2018-10-30,Sales,63
7596,18,78444,,VeryLongDepartmentName123,85
7597,133,75338,2018-06-26,HR,65
7598,61,abc,2022-07-04,,88
344, 30 ,50000 ,2017-04-19, SALES ,87
7600,52,57849,2022-10-03,Support!!,97
7601,64,$60000,2021-01-15,human resources,96
7602,65,abc,,MKT,159
7603,29,35389,2024-05-26,human resources,-10
7604,58,53417,2016-11-30,Hr,82
7605,33,,2017-12-12,sales,80
7606,48,3307336,2015-02-19,sales,
7607, 30 ,112361,not_a_date,Support!!,100
7608,,87620,2023-05-26,,92
7609,28,abc,2023-03-27,HR,NaN
7610,53,abc,2015-01-29,Support!!,93
7611,60,23833,2022-02-02,Sales,87
7612,42,118593,2021-03-24,Sales,50
7613,32,142535,2018-07-28,HR,
7614,36,88964, 2023-07-10 ,,-10
7615,20,129131,2020-07-17,Sales, 85 
7616,43,44325,2017-10-27,Engineering,80
7617,151,50000 ,2016-06-08,human resources,82
7618,23,87441,2017-12-23,HR,85
7619,40,50000 , 2023-07-10 ,sales,94
7620,51,31744,2023-07-15,HR,95
36, 30 ,24754,2024-10-17,Hr,52
7622,43,$60000,2021-07-27,Hr,56
7623,55,88916,2024-11-30,VeryLongDepartmentName123,54
7624,23,149883,2024/05/01,MKT,89
7625,22,abc,2019-11-09,Marketing,95
7626,twenty five,114635,32/13/2020,,100
7627,,26528,2016-07-09,Support,62
7628,54,,2021-02-07,sales,60
7629,51,$60000,2015-07-03,,76
7630,,107230,2024/05/01,Hr,
7631,,121317,2024-07-01,,
7632,108,122073,2022-12-23,Hr,66
7633,59,138175, 2023-07-10 ,MKT, 85 
7634,56,46955,2016-04-09,VeryLongDepartmentName123,64
7635,59,abc,2022-10-03,Support,96
7636,twenty five,80997,2015-11-23,Engineering,98
7637,32,121035,not_a_date,human resources,NaN
7638,twenty five,130740,2023-08-02,Engineering,NaN
7639,32,93838,2024/05/01,,62
7640,59,27396,2024-06-22,Support!!,55
7641,53,46594,2020-12-15,Support!!,64
7642,39,104903,2018-12-15,HR,69
7643,64,35750,2022-01-31,HR,80
7644,100,88706,2016-04-04,Support,76
7645,45,105865, 2023-07-10 ,sales,87
7646,114,97712,2022-08-09,sales,83
7647,,50000 ,32/13/2020,Engg,79
7648,24,29613,2019-01-29,Support,51
7649,41,, 2023-07-10 ,Engineering,52
7650,twenty five,122244,2018-08-28,sales,77
7651,37,83251,2016-04-20,Sales,86
7652,46,127810,2024/05/01,sales,92
7653,,50000 ,2016-03-26,Engineering,90
315, 30 ,104141,2018-01-05,,77
7655,46,,2019-02-17, SALES ,158
7656,189,73274,2020-07-26,HR,76
7657,61,144088,2023-10-17,MKT,
7658,32,38815,2023-11-02,HR,76
7659,27,41656,2024/05/01,VeryLongDepartmentName123,55
350,28,,2023-01-04,Sales,86
7661,,,2016-05-21, SALES ,65
7662,46,50000 ,2015-10-13,,97
7663,53,81678,2015-12-12,VeryLongDepartmentName123,61
7664,55,149056,2019-08-11,Sales,90
7665,47,100426,2015-01-24,Engineering,NaN
7666,27,90937,2020-04-06,,100
7667,50,137640,2020-01-05,Hr,64
7668,twenty five,90656,2016-06-21,sales,86
7669,50,21355,2016-07-01,,
7670,170,35626,2015-04-24,MKT,73
7671,27,99361, 2023-07-10 ,HR,76
7672,53,30730, 2023-07-10 ,Engineering,90
7673,19,131612,2022-11-21,sales,69
21,,42093,2019-11-20,HR,90
7675,49,113617,2021-05-25,Engineering,
7676,37,117018,2021-03-03,VeryLongDepartmentName123,
7677,,95457,2015-12-11,sales,68
7678,50,74444,2020-04-17,Sales,56
7679,,29637,32/13/2020,sales,89
7680,41,94517,2024-05-03,Support!!,161
7681, 30 ,122531,2016-02-01,MKT,90
7682,46,3129703,2019-12-08,Engineering, 85 
7683,22,35244,2018-03-03,Support!!,-10
7684, 30 ,83656,32/13/2020,Support!!,NaN
7685,34,102704,2023-02-14, SALES ,-10
452,twenty five,33013,2017-05-10,HR,66
7687,147,145307,2015-06-15,Support!!,52
7688,49,79245, 2023-07-10 ,sales,64
7689,56,97362,2021-04-07,VeryLongDepartmentName123,59
7690,116,146599,2020-08-13,Engg,90
7691,31,50000 ,2022-07-30,Marketing,NaN
7692,19,1987515,2017-09-27,Marketing,NaN
7693,27,50000 ,2015-03-16,Support,72
451,,94209,2024/05/01,Support!!,91
7695,62,90275,2024/05/01, SALES ,95
7696,35,71451,2020-09-19,Support!!,56
7697,39,135291,2017-08-09,human resources,97
7698, 30 ,50822,2020-08-01,,78
7699,61,37257,2015-02-28,VeryLongDepartmentName123,70
7700, 30 ,29281,2017-04-11,human resources,72
7701,20,139975,2016-10-10,Support!!,100
7702,183,108797,2020-06-09,Engg,NaN
7703,136,90503,2023-04-16,Sales,71
7704,47,46843,2022-10-26,HR,-10
7705,62,62778,2023-07-27,MKT,63
7706,47,abc,2018-08-28,VeryLongDepartmentName123,85
7707,63,50000 ,2024/05/01,Marketing,64
7708,23,36132, 2023-07-10 ,,NaN
7709,56,, 2023-07-10 ,,82
7710,62,34594,2015-01-07,Support,64
7711,104,$60000,2019-11-21,Engineering,99
7712,187,abc,2024-07-18,Engineering,52
7713,53,abc,2020-08-18,Support!!,82
7714,44,,,human resources, 85 
7715,49,55267,2023-10-08,human resources,75
7716,34,54956,2018-04-22,Support, 85 
7717,25,145758,2024-01-20,Hr,74
7718, 30 ,125520,2024-08-20,MKT,83
7719,49,118359,not_a_date,human resources,251
7720,62,67826,not_a_date, SALES ,61
7721,43,50000 ,2016-04-17,human resources,83
7722,124,36790,32/13/2020,,87
7723,twenty five,104922,2015-06-04,MKT,95
156, 30 ,abc,2017-06-09,Engineering,63
7725,154,25352,2019-08-20,Engg,53
7726,,120388,,,64
7727,30,137502,2021-01-14,Support!!,67
7728,20,68864,2017-07-09,,78
7729,twenty five,97718,2019-03-30,,81
7730,52,140459,2022-07-17,human resources,72
7731, 30 ,35418,2022-08-06,Marketing,
7732,35,111898,2021-03-18,Support,98
7733,49,31311,2018-08-31,Sales,
7734,54,143443,2021-07-10,HR,96
7735,52,148320,2021-04-12, SALES ,53
7736, 30 ,29557,32/13/2020,,257
7737,22,118029,2022-10-31,Sales,62
7738,148,104929,2024-05-03,Sales,63
7739,55,74912,2018-01-27,Engg,50
7740,twenty five,136466,2015-08-16,sales,58
7741,56,124351,2018-10-16, SALES ,93
7742,65,60399,2024-10-16,Support,100
7743,25,105176,2024-12-02,VeryLongDepartmentName123,60
7744,18,,2022-01-04,Support,65
7745,,149258,2015-01-04,Engg,54
7746,twenty five,102696,2023-03-05,Sales,51
7747,50,$60000,2017-10-01,Engineering,85
7748,30,77498,2021-01-04,Engineering,84
7749,,86746,2017-05-13,Sales,86
7750,61,34205,2015-06-03,HR,78
7751,38,32070,2018-10-17,Engineering,95
7752,48,133781,2017-11-15,Support,NaN
7753,twenty five,41574,not_a_date,Engg,98
7754,50,107710,2020-06-03, SALES ,52
7755,21,2351487,2017-07-21,Sales,NaN
7756,62,20555,2021-06-22, SALES ,74
7757,25,93895,2021-11-12,HR,NaN
7758,31,133349,2021-01-13,,76
7759,26,50000 ,2020-10-26,HR,96
7760,57,115590,2017-10-29,human resources,58
7761,42,44103,32/13/2020,,70
7762,22,146194,2017-04-11,HR,76
7763,58,abc,2019-01-28,VeryLongDepartmentName123,81
7764,29,23974,2016-04-02,Sales,96
7765,31,35503,2016-04-24,Support!!,-10
7766,24,129391,,,82
7767,twenty five,20115,,Support!!,84
7768,18,55220,2023-11-15,MKT,62
7769,44,$60000,2022-03-19,,
7770,51,108811,2022-03-03,MKT,254
7771,57,,2017-01-07,human resources,90
7772,62,48311,32/13/2020,Marketing,NaN
108,52,54056,2021-11-21,MKT,59
7774,62,abc,2024-04-07,Sales,84
7775,twenty five,67418,2021-10-01,sales, 85 
7776,twenty five,85288,2015-08-17,Hr,66
7777,50,131763,2015-03-31,Engg,96
447,24,abc,2018-09-02,,91
7779,twenty five,$60000,32/13/2020,Support,99
7780,48,44129,2024-01-11, SALES ,71
7781,57,$60000,2018-02-08,,94
491,twenty five,50000 ,2015-03-28,MKT, 85 
7783, 30 ,134513,2024/05/01,Sales,
7784,20,29029,2024/05/01,,99
7785,19,129313,2015-03-22,Engineering,59
7786,162,1427214,2024-02-05,,72
7787,52,23501,2022-11-30,,57
7788,50,abc,2024-01-28,VeryLongDepartmentName123,59
7789,41,142674,not_a_date,Support!!,-10
7790,58,28006,32/13/2020,human resources,56
7791,49,55377,not_a_date,MKT,227
7792,26,108969,2020-07-09,HR,64
7793,,24514,2023-04-04,Engg,264
7794,24,41640,2017-05-18,human resources,72
7795,116,50000 ,2016-04-05,Engineering,NaN
7796,33,24029,2019-01-15,sales, 85 
7797,53,107444,2016-07-06,Engg,55
7798,50,54156,2015-05-12,Hr,75
7799,152,44132,,Engg,52
7800,48,111722,2020-06-29,Support!!,85
7801,184,2729117,2018-11-29,VeryLongDepartmentName123,89
7802,62,58421,2020-01-22,Marketing,54
7803,twenty five,35869,2015-10-20,Hr,58
7804,18,110933,2019-01-01,sales,73
7805,186,53928,2024-12-07,Hr,71
7806,51,114502,2015-10-02, SALES ,59
482,60,92148,not_a_date, SALES ,86
7808,56,$60000,2023-04-21,Sales,73
7809,45,53714,2024/05/01,human resources,66
7810, 30 ,100008,2017-01-29,VeryLongDepartmentName123,70
7811, 30 ,45314,not_a_date,,90
7812,58,41472,2015-01-19,Engineering,94
340,,$60000,2023-10-09,Engineering,67
7814,twenty five,50000 ,2022-07-30,VeryLongDepartmentName123,65
7815,31,26201,2024-10-05,Sales,66
267,37,92629,2018-12-05,Marketing, 85 
7817,20,99409,2016-11-09,Support,94
7818,42,87649,2023-04-18,MKT,76
7819, 30 ,145946,2022-03-23,VeryLongDepartmentName123,73
7820,61,50000 ,2017-05-09,Hr,
7821,53,abc,2018-04-19,Support!!,94
7822,29,$60000,2023-09-23,Marketing, 85 
7823,58,132873,2016-12-19,Support!!,95
7824,54,143859,2020-03-29,human resources,98
7825,48,abc,2019-06-23,Marketing,72
7826,58,,2015-12-06, SALES ,64
7827,36,102984,2016-02-21,VeryLongDepartmentName123,60
7828, 30 ,149223,2020-04-14,VeryLongDepartmentName123,-10
7829,58,84799,2018-08-28,Engineering,52
7830,41,,2018-02-06,HR,NaN
7831,49,145898,2024-01-28,MKT,75
7832,193,2494373,2023-04-25,VeryLongDepartmentName123,65
7833,52,22122, 2023-07-10 ,human resources,58
7834,33,122426,2017-04-14,Support!!,NaN
7835,54,108732,2017-05-13,VeryLongDepartmentName123,-10
7836,45,26730,2024/05/01,sales,
7837,43,102149,2021-07-26,HR,67
7838,158,48146,2017-03-03,Marketing,92
7839,55,59830,2018-10-09,VeryLongDepartmentName123,69
7840,47,50000 ,2017-01-19,human resources,-10
7841,48,114188,2018-12-01,human resources,80
7842,132,94615,2021-06-11,Hr,91
7843,22,34662,2021-01-13,VeryLongDepartmentName123, 85 
7844, 30 ,67827,,Support,60
7845,51,,2016-06-18,HR,96
7846,24,121846,2018-05-12,VeryLongDepartmentName123,77
7847,42,60483,2024-01-26,MKT,100
7848,twenty five,73133,not_a_date,, 85 
7849,197,94221,2015-07-14,Engg,50
7850,twenty five,91681, 2023-07-10 ,MKT,65
7851,57,51826,32/13/2020,,79
7852,148,50000 ,2021-07-28,,-10
7853,35,,2022-01-26,MKT,53
7854,56,$60000,2021-10-21,sales,
7855,,47832, 2023-07-10 ,Engineering,60
7856,26,60516, 2023-07-10 ,Marketing,67
7857,56,97437,2019-01-23,Support!!,
7858,62,149869,2024-07-05,Hr,73
7859,63,138416,32/13/2020,,82
7860,53,142394,2019-04-27,,89
7861,30,131678,2015-04-30,Marketing,50
7862, 30 ,58627,2015-12-26,Engg,84
7863,53,144825,2017-11-26,HR,59
7864,64,47865,not_a_date,Hr,82
7865,31,86738,2016-08-05,Hr,71
7866,51,57126,32/13/2020,Engineering,63
7867,64,93461,2024-02-02,sales,63
7868,28,139586,2015-05-25,Marketing,57
7869,28,147420,2024/05/01,HR,77
7870,40,50000 ,,Support,NaN
7871,62,78789, 2023-07-10 ,Engineering,-10
7872,147,46720, 2023-07-10 ,Support!!,
7873,23,103633,2019-02-06,Hr,NaN
7874,51,36428,2022-04-01,Engineering,
7875,195,$60000, 2023-07-10 ,sales,100
7876,28,104812,2016-02-13,Hr,
7877,29,121522,2016-03-31,MKT,NaN
7878,26,61025,2024-10-31,VeryLongDepartmentName123,294
7879,25,84830,2024-09-08,Support,-10
7880,21,131575,,Sales,84
7881,35,70274,2023-11-30,Hr,59
7882,56,30203,, SALES ,78
7883,108,87846,2020-07-12,VeryLongDepartmentName123,94
7884,179,58519,2024-10-21, SALES ,62
7885,34,31429,not_a_date, SALES ,68
7886,35,110321,,Support,99
7887,24,104750,2024-12-06,human resources, 85 
7888,45,,2015-02-03,Engg,62
7889,,4367430,2023-07-28,,50
7890,twenty five,147468,2023-05-29,VeryLongDepartmentName123,85
7891,64,83400,2022-02-27,Engineering,95
7892,58,84187,2017-03-03,Engineering,
7893,25,44874,2015-08-16,VeryLongDepartmentName123,72
7894,58,46912,2021-06-05,Sales,
7895,25,39392,2016-11-15,Marketing, 85 
202,33,4767065,2021-02-01,,173
7897,23,145008,2020-07-03,sales, 85 
7898,27,37504,2015-09-21,Support,-10
7899,38,126989,2021-06-20,Engg,-10
7900,23,138470,2022-09-12,Engineering,60
7901,47,81675, 2023-07-10 ,Sales, 85 
7902,18,82271,2023-09-24,Support,241
7903,41,50000 ,,VeryLongDepartmentName123,81
7904,42,27006, 2023-07-10 ,,82
149,180,3089334,2016-03-26,Engg,
7906,36,75899,2024-04-29,human resources,79
7907,38,138002,2022-11-27,MKT,64
7908,23,78723,2024-01-12,Hr,78
7909,24,33216,2020-10-08,,63
7910,48,116083,2023-01-27,,72
7911,49,142766,2017-08-16,HR,
7912,33,100747,2017-02-24,Engineering,92
7913,57,,not_a_date,Support,99
7914,49,,2016-06-19,Support,67
7915,,47530,2016-09-13,Engg,257
7916,33,50946,2021-09-20,Sales,75
7917,29,,2016-03-24,,73
7918,18,103730,2020-09-26, SALES ,61
7919,48,84241,2020-05-21,MKT,79
7920,twenty five,86752,2017-09-11,Marketing,62
7921,48,122614,2024-09-26,Sales,76
7922,twenty five,138582,2020-09-12,MKT,87
7923,24,78633,2019-08-14,Support,71
7924,twenty five,,32/13/2020,,69
7925,twenty five,80620,not_a_date,MKT,-10
7926, 30 ,,2021-08-23,Engineering,NaN
7927,46,4861954,2022-10-17, SALES ,51
7928,37,76376,not_a_date,,NaN
7929,43,64804,2022-03-31,,74
7930,47,115966,2016-10-09,human resources, 85 
7931,50,129605,2021-08-12,Sales,60
7932,27,abc, 2023-07-10 ,Engineering,74
7933,49,95906,2024-10-22,Support,79
7934,175,137324,2015-10-09,Hr,79
7935,twenty five,66168,2015-02-19,,NaN
7936,,1487104,2020-04-15,sales, 85 
7937,twenty five,136144,2017-10-12,HR,51
7938, 30 ,30503,2024-08-19,Support,89
7939,24,34968,2016-06-04,Marketing,96
7940,,110011,2020-11-26, SALES ,52
7941,24,73599,2021-06-06,Engg,79
7942,59,87057, 2023-07-10 ,Support,57
7943,45,92457,2019-02-16,sales,80
7944,111,63596,2017-05-07,Sales,63
7945,20,68171,2019-07-31,Sales, 85 
7946,,,2024-12-28,sales,80
7947,46,84159,2016-03-04,sales,-10
341,37,128411,2020-01-11,Marketing,61
7949,57,$60000,2024-01-29,Engineering,87
7950,46,33803,2023-11-15,Engg,85
7951,50,91828,2018-07-11,MKT,86
87,twenty five,110630,2021-02-05,Marketing,NaN
7953, 30 ,71587,2023-10-25,HR,76
7954,48,54827,not_a_date,HR,52
7955,twenty five,, 2023-07-10 ,VeryLongDepartmentName123,81
7956,55,145100,2021-05-13,Hr,
7957,25,40376,2022-07-16,,-10
7958,53,77325,2019-05-10,Engineering,71
7959,39,38026,2022-02-06,HR,76
7960,62,72694,2024/05/01,Support!!,67
372,63,$60000,,MKT,80
7962,55,52602,2022-04-26,HR,261
7963,57,,2021-10-20,Engg,68
7964,49,80155,2019-03-26,MKT,74
7965,25,107181,not_a_date,Engg,97
7966,57,32344, 2023-07-10 ,Hr,92
7967,63,132620,2024/05/01,MKT,92
7968,18,39322,2024-03-20,HR,84
7969,34,72100,2021-07-10,MKT,51
7970,39,122206,2021-01-18,Engineering,51
7971,,,2020-01-18,Engg,87
7972,26,abc,,Sales,92
7973,30,89586,2024/05/01,VeryLongDepartmentName123,87
7974,29,148992,2021-11-25,HR,60
7975,144,117670,2016-02-15,Marketing,NaN
7976,48,1666751,2020-09-08,,79
7977, 30 ,98948,2017-05-01,Hr,62
7978,twenty five,74851,2022-12-09,Sales,65
7979,105,86346,2024/05/01,Marketing,-10
7980,40,120238,2024/05/01,Engineering,59
7981,28,abc,2015-05-23,sales,75
7982,31,85972,2017-03-31, SALES , 85 
7983,52,139650,2017-10-30,Support,NaN
7984, 30 ,70092, 2023-07-10 , SALES ,73
7985, 30 ,122614,2018-06-09, SALES ,61
7986,64,46360,2021-07-21,Support,82
7987,twenty five,61226,2017-02-15,Engg,80
7988, 30 ,abc,2021-09-09,HR,89
7989,18,75535,32/13/2020,Engineering,78
7990,34,29793,2023-04-06,Engg,95
7991, 30 ,3549955,2023-08-20,VeryLongDepartmentName123, 85 
7992,twenty five,46416,2024-09-19, SALES , 85 
7993,19,87385,not_a_date,Engineering,57
7994, 30 ,117425,,Support!!,72
7995,44,20966,32/13/2020,HR,97
7996,199,96189,2017-05-30,,290
7997,57,121120,2024-07-07,sales,96
7998,27,1716215,2018-10-26,sales,53
7999,21,111295,2024/05/01, SALES ,NaN
8000,56,41909,2022-08-31,,87
417,64,31732,2015-11-22,human resources,74
8002,27,135597, 2023-07-10 ,,NaN
8003,34,94469,2019-07-07,Engineering,51
8004,32,69684,2021-03-01,Sales,78
8005,,134277,2023-07-11,Marketing,99
8006,56,37583,2021-12-23,VeryLongDepartmentName123,94
8007,38,131167,2020-08-13,Marketing,69
8008,41,128218,2020-05-03,VeryLongDepartmentName123,72
8009,18,29592,2018-05-02,Hr,69
89,26,,2023-10-09,Sales,79
8011,38,abc,,,79
8012,38,96351,2017-09-01,Engineering,68
8013, 30 ,68990,2015-11-02,human resources,54
72,53,51485,2018-02-04,,99
8015,20,129933,2016-01-08,Engg,84
8016,64,,2019-07-23,Engg,78
8017,51,72163,2021-10-02,Engg,81
8018,38,50000 ,2024-04-24,,NaN
8019,46,40176,2023-06-04,Support,62
8020,twenty five,118341,2016-05-25,Engg,294
8021,18,24617,2016-03-13,sales,56
8022,51,abc,2022-12-18,Engineering,63
8023,35,131808,2020-05-10,Engg,177
232,twenty five,,2018-09-27,,79
8025,29,21885,2022-03-10,VeryLongDepartmentName123,89
8026,twenty five,45564,2017-03-27,,91
8027, 30 ,50000 ,2023-07-15,Support!!,95
8028,36,abc,2017-03-05,Support!!,95
8029, 30 ,1868409,2015-04-14,,92
80,49,111221,,MKT,92
8031,40,109793,2024/05/01,,57
169,twenty five,86781,2021-09-03,Marketing,80
8033,twenty five,89609,2022-05-31,Marketing,61
8034,19,68802,2018-08-29,Marketing,78
8035,,57901,not_a_date,Support!!,72
8036,63,60695,2020-03-15,Support,
8037,188,4030892,2020-05-06,Marketing,75
8038,,112979,2019-04-02,HR,89
8039,37,78952, 2023-07-10 ,Hr,80
8040,60,35181,not_a_date,sales,67
8041,52,117844, 2023-07-10 ,MKT,60
8042,52,75903,2020-03-11,VeryLongDepartmentName123,80
8043,41,114861,2016-12-24,,96
8044,56,3352695,2020-08-15,Marketing,61
8045,21,102824,2017-07-26, SALES ,80
8046,63,50000 ,2023-08-23,Support!!,86
8047,48,26663,2017-06-03,MKT,NaN
8048,33,133049,32/13/2020,Sales,
8049,52,,2019-04-11,Support!!,83
8050,19,60490,not_a_date,,57
8051,52,104788,2022-08-07,Marketing,65
8052,,112378,2024-11-15,MKT,65
8053,18,100096,2015-07-08, SALES ,98
8054,,85565, 2023-07-10 ,Support!!,61
8055,52,104979,2021-10-28,HR,64
8056,37,41235,2018-10-26,Engg, 85 
8057,29,123288,2022-03-01,HR,93
8058,25,135945,2016-01-01,Engg,62
8059,40,46855,2016-05-30,sales,55
8060,54,abc,2024-08-23,VeryLongDepartmentName123,52
8061,,52044,2016-03-31,,190
8062,198,69130,2022-06-16,Hr,56
8063,40,65355,32/13/2020,Sales,63
62,24,90567,2020-06-15,Engineering,67
8065,43,68946,2018-04-07,human resources,51
8066,61,53696, 2023-07-10 ,Sales,-10
8067,42,1832591,2022-01-31,Hr,100
8068, 30 ,63577,2015-12-19,Support,51
8069,48,57037,2016-11-04,sales,56
8070,41,50000 ,2019-11-09,human resources,70
8071,37,145100,2020-04-16,sales,91
8072,29,149378,2019-12-22,Engineering,99
8073,43,1651815,2017-04-27,Support!!,268
8074,60,$60000,2018-07-19,Marketing,NaN
8075,175,40682,2015-04-18,MKT,
8076,21,86485, 2023-07-10 ,VeryLongDepartmentName123,NaN
8077,37,27671,2024-06-04,Engineering,86
288,65,50000 ,,,59
8079,49,56354,2016-02-20,,73
8080, 30 ,,2015-10-04,VeryLongDepartmentName123,73
8081,46,77448,not_a_date,VeryLongDepartmentName123,59
8082,57,40447,2019-10-21,HR,
8083, 30 ,72950,2024-09-10,Hr,65
8084,30,50000 ,2024/05/01,Marketing,89
8085,20,26171,2018-07-14,human resources,94
8086,134,29125,,HR,75
8087,27,116426,2024-09-28,sales,76
8088,52,3869225,2022-02-28,Support,62
8089,twenty five,84860,2020-05-11,Sales, 85 
42,45,67919,2022-01-30,Support,73
8091,,89501,2022-07-09,human resources,64
8092,38,45825,2021-09-27,,NaN
8093,51,,2024/05/01,Sales,-10
409,24,abc,2021-11-20,sales,70
8095,47,148701,2024/05/01,,68
8096,36,117181,not_a_date,VeryLongDepartmentName123,71
8097,,2895599,2020-05-16,sales,279
8098,twenty five,130542,2017-03-29,Support,94
8099,198,68586,2019-03-28,HR,NaN
167,40,79921,2024/05/01,Hr,96
8101,46,3646619,2021-10-30,HR,74
8102,25,$60000,2020-02-25,Support,
8103,27,,2017-10-02,MKT,63
8104,122,114551,2024-11-04,Support!!,76
356,43,58030,2024/05/01,Marketing,99
8106,47,78011,2021-12-17,,79
8107,30,72504,2019-06-16,Hr,197
8108,46,83601,2018-05-25, SALES ,NaN
8109, 30 ,54083,2022-05-15,HR,51
8110,30,135686,2017-08-25,Hr,57
8111,54,55862,2016-11-18,sales,NaN
176,23,,2024-12-17,Support,60
8113,54,116567,2024-04-03,Support!!,52
8114,63,141650,2023-09-07,MKT,70
8115,21,57068,2022-05-31,Sales,92
8116,22,26342,2018-12-24,VeryLongDepartmentName123,74
8117,65,58882,not_a_date,Marketing,72
10,37,81212,2018-10-17,,87
8119,48,32740,2019-06-11,MKT,192
8120,22,144550,2022-01-23,Engg,
94,40,78672,2019-05-27,Marketing,75
8122, 30 ,abc,2022-09-13,sales,65
8123,196,99395,32/13/2020,Engineering,59
8124,55,abc,2019-02-17,sales,94
8125,19,,not_a_date,MKT, 85 
8126,61,137424,2015-10-05,sales,71
393,50,83473,2024/05/01,Marketing,90
8128,26,110217, 2023-07-10 ,VeryLongDepartmentName123,218
8129,twenty five,46194,2023-12-30,,51
8130,34,126429,2021-07-04,,76
8131,18,67979,2015-10-09,MKT,70
8132,64,$60000,2023-01-02,Engg,61
8133,38,101902,2023-11-06,Engineering,97
8134,50,116237,2024-04-22,Engineering,52
8135,twenty five,54055,2024-12-21,VeryLongDepartmentName123,55
8136,23,121190,2015-01-05, SALES ,213
8137,41,$60000,,Support,98
8138,41,,2021-04-07,Sales,92
8139,51,50000 ,,VeryLongDepartmentName123,66
8140,52,,2015-11-09,,193
8141,60,83662,not_a_date,Marketing,97
8142,54,94763,2017-03-12,HR,83
8143, 30 ,29019,2017-01-02,Support,83
8144,27,47031,,Hr,89
8145,56,,2020-07-08,sales,97
8146,170,121614,not_a_date,Hr,97
8147,48,4384387, 2023-07-10 , SALES ,73
8148,50,106234,32/13/2020,VeryLongDepartmentName123,99
8149,44,,32/13/2020, SALES ,90
8150,21,119607,2017-06-05,,88
8151,23,40081, 2023-07-10 ,Support!!,90
8152,twenty five,47870,2017-02-19,human resources,71
8153,62,96927,2024/05/01,,168
8154,47,,2021-05-19,sales,63
8155,twenty five,50000 ,2019-01-07,Support!!,95
8156,47,51612, 2023-07-10 ,Engineering,65
8157,29,77199,2024-06-12,MKT,74
8158,50,117774,2022-06-21,Hr,67
8159,58,117600,2022-01-13,Engineering,56
8160,49,125164,2018-05-24,,97
8161,32,113465,2020-08-16,Support!!, 85 
42,twenty five,2645431,2018-08-02,Marketing,97
8163,21,,not_a_date,sales,62
8164,33,142917,2017-11-13,Support!!,67
8165,25,104061,2023-02-09,Marketing,216
8166,37,42141,2021-02-27,Marketing,-10
8167,48,136980,2022-06-01,Engineering,68
8168,22,4066037,2023-03-20,Marketing,69
8169,22,23795,2016-07-05,Support,
8170,34,1464749,2024/05/01,,52
8171,,1885801,32/13/2020,HR,52
8172,65,50000 ,2017-11-02,Sales,91
8173,31,61603,2021-05-12,Hr,98
8174,24,49343,2019-09-16,Marketing,
8175,,122472,2016-08-03,HR,NaN
8176,60,134806,2020-12-17,Sales,71
8177,twenty five,50000 ,2023-05-02,Engg,83
8178,47,50000 ,2022-10-14,Engg,
8179,33,,2020-07-25,Hr,56
8180,twenty five,50000 ,2019-02-09,Marketing,52
8181,23,,,,57
189,28,129715,2024/05/01,,91
8183,60,41212,not_a_date,Engg,62
8184,28,4092059,32/13/2020,Hr,-10
8185,55,84368,2021-05-04,,74
256,63,41267,,sales,91
8187,52,50000 ,2018-02-04,Engineering,89
8188,49,68621,2019-10-26,VeryLongDepartmentName123,76
8189,25,46354,2020-04-10,sales,95
8190,47,29384,2018-03-13,Engineering,79
8191,32,127044,2018-07-02,Hr,88
8192,,107492,2021-07-06,Engg,87
8193,54,42829,2022-10-24,Support!!,88
8194,43,112645,2021-01-05,Engg,77
8195,59,95521,2016-02-28,Marketing,62
8196,23,106456,2015-08-13,Engg,248
8197,twenty five,35984,2022-06-06,Support!!,84
8198,49,79812,2022-08-02,Sales,95
154,120,40544,2022-03-23,VeryLongDepartmentName123,93
8200,63,104333,2024-07-23,VeryLongDepartmentName123,77
152,53,118078,2017-06-11,Support,-10
8202,39,115280,2024/05/01,,62
8203,197,50000 ,2022-02-18,Support,54
8204,24,abc,2015-11-23,HR,58
8205,48,131722,2023-01-07,Support!!,68
8206,25,110534,not_a_date,HR,94
8207,33,44591,2020-04-30,Support!!,65
8208,20,87981, 2023-07-10 ,VeryLongDepartmentName123,65
8209,51,121229,2015-08-12,MKT,89
8210,54,103370,2021-09-04,VeryLongDepartmentName123,72
8211,34,abc,2022-09-22,Engg,-10
8212,175,104031,2024/05/01,MKT,57
8213,24,35202,2024/05/01,MKT, 85 
8214,,50000 ,2020-09-05, SALES ,95
8215,55,abc,2021-06-07,,90
8216,58,84521,2015-11-28,VeryLongDepartmentName123,98
8217,47,67080, 2023-07-10 ,Marketing, 85 
8218,,abc,2020-08-30,Engineering,
8219,19,116689,2023-08-13,Engineering,54
8220,50,57951,,Hr,93
8221,53,108508,2022-07-01,Sales,79
8222,59,138014,,,85
8223,64,20331,2015-12-13,sales,55
8224,27,abc,2019-07-05,VeryLongDepartmentName123,169
8225, 30 ,58052,2016-02-05,,54
8226,26,4014162,2019-11-24,human resources,189
8227,37,108891,2018-05-18,Engg,255
8228,58,44708,2021-07-23, SALES ,58
8229,37,44267,,Marketing,-10
8230,49,4028655,2024/05/01,Sales,65
8231,133,1519082,2023-10-07,human resources,58
8232,28,50000 ,32/13/2020,human resources,56
347,54,,2019-01-10,VeryLongDepartmentName123,98
8234,34,141748,,,68
8235,33,2928322,not_a_date,Hr,88
8236,,26102,2016-11-25,,50
8237,24,124629,,Engineering,-10
8238,,128379,2020-04-18,Engg,62
8239,27,110068,2017-02-24,,80
402,50,abc,2022-07-29,VeryLongDepartmentName123,76
8241,21,95852,2022-03-16,MKT,NaN
8242,18,96206,2024/05/01,sales,89
8243,28,134421,2021-04-21,Sales,63
8244,25,50183,2023-05-20,Engineering,241
8245,52,38054,2015-09-13,MKT,89
8246,146,57390,2018-09-26,,65
8247,,100659,2023-03-19,,NaN
8248,29,32628,2016-07-15,Engineering,-10
8249,34,84101,2020-02-24,Support,-10
8250,29,45041,2024-09-14,Engineering,90
8251,53,50000 ,2016-07-23,HR,77
8252,twenty five,102405,2023-11-04,sales,NaN
8253,52,,2020-01-13,HR,79
8254,45,$60000,2015-11-23,,59
8255,24,127484,2020-11-04,sales,
8256,55,139803,2015-06-25,,98
8257,41,59067,2021-04-24,,72
8258,twenty five,57537,2021-06-26,, 85 
91,47,145756,2017-02-01,Support,NaN
8260,44,28339,32/13/2020,Engineering,78
8261,60,$60000,2018-05-07,Marketing,51
8262,50,,32/13/2020,,100
8263,24,,2016-01-31,VeryLongDepartmentName123, 85 
8264,53,97570,2020-12-25,Engineering,87
8265,36,129105,2016-12-25,sales,
54, 30 ,118947,2019-10-28,Marketing,80
8267,44,35881,2017-03-10,Support!!,66
8268,63,109204,2017-12-13,HR,59
8269,43,142700,2015-07-13,,98
8270,29,53121,2017-09-21, SALES ,93
8271,19,101582,2017-05-25,Hr,81
8272,151,137087,32/13/2020,human resources,90
8273,48,121431,2020-09-14,Sales,235
8274,53,29197,2017-08-26,sales,54
8275,twenty five,31317,2022-03-07,Support!!,
8276,38,120763,2019-07-28,human resources,50
8277,36,20589,2018-12-23,MKT,69
8278,55,53754,2017-06-29,,59
8279,,,2015-10-18,Hr,81
8280, 30 ,37230,2017-04-03,human resources,98
8281,44,34990,2020-02-23,human resources,96
8282,27,83186,2016-07-27,,60
8283,61,2683480,2022-07-18,MKT,70
8284,21,147821,2018-06-05,Hr,70
8285,104,64964,,Hr,79
8286,59,29182,2023-02-06,MKT,NaN
8287,65,,2015-06-11,Support!!,54
8288,44,62390,2020-07-17,,53
8289,25,85727,2017-07-11,sales,90
8290,23,24953,2019-06-26,MKT,71
8291,46,79858,2024/05/01,Engineering,94
8292,48,130593,2016-11-15,Engineering,
8293,,148583,2015-07-20,Marketing,56
8294,20,146148,2023-07-25,HR, 85 
8295,37,69657,2022-09-03,HR,56
8296,62,134949,2024/05/01,,75
8297, 30 ,77181,,,NaN
8298,57,50000 ,2018-03-13,sales,91
8299,63,96972,2015-06-28,Support,85
8300,62,72707,2020-05-14,MKT, 85 
164,39,,2023-01-26,Support, 85 
8302,,43958,2018-05-06,Sales,52
8303,30,40369,2021-08-29,Support,74
8304,twenty five,$60000,2017-02-14,MKT,69
8305,25,107566,,Support,96
8306,43,50000 ,2022-03-26,Sales,74
8307,41,27361,2021-04-09,Support,76
8308,30,32485,2015-03-10,Sales, 85 
8309,31,107516,2020-03-09,Hr,
8310,47,112255,,Engg,88
8311,48,42046,not_a_date,Sales,158
8312,twenty five,30207,2015-06-11,VeryLongDepartmentName123,56
8313,54,111842,2019-11-19,Support!!,61
8314,58,106104,,sales,NaN
8315,122,86907,,MKT,81
8316,62,88965,2021-09-15,VeryLongDepartmentName123,82
8317,28,62254,2017-01-25,HR,74
8318,45,89387,,Hr,63
8319,60,4266612,32/13/2020,Engg,
8320,59,134833,2020-11-15,Support,202
8321,21,50000 ,32/13/2020,Marketing, 85 
8322,65,85736,2021-06-08,MKT,83
8323,,132053,2019-06-18,Support!!,
8324, 30 ,30618,2021-01-27,, 85 
8325,,50000 ,2021-09-15,MKT,87
8326,twenty five,52244,2019-06-25,,100
8327,48,abc,2017-11-22,Marketing,90
8328,60,50000 ,2019-12-25,MKT,67
8329,34,21339,2017-11-08,VeryLongDepartmentName123,67
8330,64,27445,2021-08-14,Engg,62
8331,40,$60000,2020-02-13,Marketing,51
8332,32,97301,32/13/2020,,84
8333,25,124464,,Engineering,87
8334,35,41228,2021-09-17,Engg,91
8335,26,87328,,Engg,73
8336,21,26013,2022-02-02,Engineering,NaN
331,60,91214,2021-03-24,,65
8338,63,34670,32/13/2020,human resources,71
8339,39,95888,2023-01-26,MKT,-10
8340,,139287,,,94
8341,,127801,32/13/2020,Engg,70
8342,,127298,2023-02-15,sales,230
8343,105,68263,2018-02-03,,61
8344,178,,2016-12-04, SALES ,296
8345,twenty five,4378711,2019-08-30,Support,NaN
8346,46,42780,2022-04-05,Engg,82
8347,34,$60000,2021-10-02,Engg,75
8348,32,71862,2023-05-26,VeryLongDepartmentName123,96
8349,49,abc,2021-07-06,,61
8350,36,136642,32/13/2020,HR,64
8351,106,65970,32/13/2020,Engg,67
8352, 30 ,34422, 2023-07-10 ,sales,77
8353,63,94655,2019-09-16,Sales,67
8354,26,1053893,2017-12-29,Support!!,65
8355,26,35793,2024-08-17,Engg,88
8356,58,144232,2024-02-21,sales,52
8357,31,131245,2020-06-22,Sales,73
8358,twenty five,54496,,MKT,70
8359,23,24521,2023-09-12,Hr,89
8360,48,71843,2017-09-22,Marketing,NaN
8361,47,34194,2019-03-21,VeryLongDepartmentName123,50
8362,28,43914, 2023-07-10 ,MKT,100
8363,62,106191,2023-03-26,Engineering,61
8364,47,abc,2023-08-19,Engineering,71
8365,31,55382,2016-05-24,,178
8366,24,101161,2022-02-28,,279
8367,55,83503,2018-09-06,Engg,87
8368,36,108513,2021-03-07,,92
8369,53,34684,not_a_date,Hr, 85 
8370,,36077,2015-05-09, SALES ,NaN
8371,20,50000 ,2016-12-28,Hr,76
8372,46,116745,2016-11-20,Marketing,65
8373,24,$60000,2019-02-22,Marketing,92
8374,61,,2024/05/01,Engineering,258
8375,27,63170,2022-09-29,sales,83
8376,199,122988,2024/05/01, SALES ,NaN
8377,38,47963,2015-03-11,VeryLongDepartmentName123,-10
8378,52,103628,2024/05/01,Engg,85
8379,45,3192130, 2023-07-10 ,Engg,91
8380,31,114402,not_a_date,,75
8381,57,87250,2017-12-11,HR,77
8382,22,50000 ,2018-07-09,Engg,70
8383,18,71970,2024-12-16,MKT,81
8384,,122639,2018-05-07,human resources,85
8385,64,37172,2015-01-05,VeryLongDepartmentName123,95
8386,twenty five,3960582,2015-10-01,VeryLongDepartmentName123,98
8387,45,76746,32/13/2020,human resources,185
8388,,, 2023-07-10 ,HR,59
8389, 30 ,23639, 2023-07-10 ,VeryLongDepartmentName123,
8390,49,56344,32/13/2020,Hr,55
8391,twenty five,102322,2022-05-26,,NaN
8392,65,89315,,Engineering,79
8393,29,50244,2024-08-22,human resources,76
8394,121,2054993,2018-08-19,Engg,266
8395,47,103504,,MKT,238
8396,33,44481, 2023-07-10 ,MKT,
8397,31,85382,2015-10-23,,
8398, 30 ,107256,2017-07-26,,72
480,,83238,2017-06-29,Support,99
34,38,80754,not_a_date,human resources,
8401,20,30944,2021-05-25,sales,57
8402, 30 ,38802,2016-03-07,Hr,163
8403,26,46793,2019-05-09,Support!!,78
8404,51,abc,32/13/2020,Marketing,80
8405,180,78051,2015-09-01,HR,92
8406,38,123155,2020-04-03,Support,81
8407,65,108051,not_a_date,Hr,95
8408,twenty five,$60000,2016-03-14,Sales,
8409,56,82373,2020-12-14,Hr,-10
8410,39,$60000,2021-09-28,Support,90
8411, 30 ,56954,2022-05-22,Engineering,-10
8412,25,abc,,,98
8413,134,3367064,2016-05-19, SALES ,291
8414,,$60000,2018-05-31,Support,81
8415,63,87074,2022-10-11,,51
8416,37,85661,2021-10-31, SALES ,91
8417,18,134697,2020-05-24,Support,87
288, 30 ,131476,,Support,89
8419,18,50000 ,not_a_date,,82
8420,28,,2018-06-18,Hr,96
8421,63,82096,32/13/2020,Marketing,53
8422,,50000 ,2019-08-07,Support,67
8423,49,82889,,Sales,
8424,42,43529,2020-04-28,sales,NaN
8425,51,107087,2016-04-05,human resources, 85 
8426,32,$60000,32/13/2020,Support!!,98
8427,60,29249,2019-04-19,,95
8428,,142702,2015-08-01,Engineering,-10
8429,18,73534,not_a_date,Marketing, 85 
8430,twenty five,30252,32/13/2020,human resources,100
8431,57,41309,2019-09-19,Support,66
8432,64,126093,not_a_date,VeryLongDepartmentName123,51
8433,172,95156,2023-06-08,Hr,
372,62,134223,2018-04-23,,
8435,,36103,2021-08-07,Sales,90
8436,46,23486, 2023-07-10 ,sales,67
8437,52,129934,2017-04-03,sales,81
8438,56,$60000,,Engg, 85 
8439,45,$60000,2019-08-15,sales,92
8440,25,59772,2023-02-17,,55
8441, 30 ,abc,2021-06-28,Sales,54
8442,19,50000 ,2023-08-22,VeryLongDepartmentName123,71
239,41,27538,2022-06-23,human resources,71
8444,54,4430631,,HR,59
8445,23,71294,2018-03-16,MKT,71
8446,,$60000,2017-06-08,Engineering,58
8447,38,105767,,HR,56
8448,64,$60000,2024-04-01,Hr,98
8449,23,98886,2023-04-12,Marketing,81
8450,37,70423,2015-07-04,VeryLongDepartmentName123,89
8451,18,62691,2016-09-11,Support!!,92
8452,46,86339,2015-02-18,Hr,66
8453,twenty five,84659,2016-11-30,Sales,163
8454, 30 ,43167,2017-04-30,,NaN
8455,50,2300017,2023-10-05,,81
8456,35,83964,2017-11-13, SALES ,-10
8457,61,51072,2022-05-27,Support!!,57
8458,27,28638,32/13/2020,Engg,300
8459,41,146818,2016-10-24,HR,91
8460,42,52890,2018-01-28,Hr,260
8461,twenty five,50000 ,not_a_date,,71
8462,,72287,2024/05/01,MKT,83
8463,20,51714,2015-08-16,Engineering,90
8464,44,96646,2022-05-11,sales,74
8465,61,118789,2024/05/01,MKT,86
8466,110,106640,2017-03-22,sales,NaN
8467,54,87320,2019-08-20,VeryLongDepartmentName123,51
8468,35,,2016-06-19,VeryLongDepartmentName123,53
8469,24,111835,2016-09-26,,96
8470, 30 ,103545,not_a_date, SALES ,57
8471,18,$60000, 2023-07-10 ,Engg,55
8472,,88445,2021-06-27,Support!!,95
8473,61,28684,2019-09-19,,62
8474,34,70712,2019-10-20,HR,58
8475,22,39624,2022-01-26,Support!!,90
8476,55,60751,2024-09-21,Marketing,88
8477,25,85663,2021-06-04,Engg,88
8478,27,$60000,2021-06-28,MKT,-10
8479,62,131004, 2023-07-10 ,MKT,92
8480,63,abc,2015-05-21,Engineering,63
8481,19,100983,2017-01-07,Hr,79
8482,41,4017124,2015-10-03,Support,
8483,29,29267,2015-07-20,MKT,195
8484,49,147196,2022-08-31,Sales,100
8485,65,149318,2018-09-28,Engg,89
167,20,96283,2022-05-22,,52
8487,34,,2018-07-26,Support, 85 
8488,41,,2024-06-22,Engineering,68
8489,33,28598,2022-11-01,,
8490,18,131022,,,98
320,62,125885,not_a_date,HR,
8492,41,66417,2023-04-28, SALES ,65
8493,18,69666,2024-12-11,,78
8494,36,111019,2019-11-03,MKT,70
8495,40,103068,2024/05/01,,82
8496,41,106128,2024-06-05, SALES ,
8497,62,105286,2020-01-24,Support,94
8498,36,abc,32/13/2020, SALES ,53
8499,31,62574,not_a_date,HR,50
8500,21,145587,2021-04-05,human resources,
8501,24,57578,32/13/2020,,240
8502,,23746,2024-09-22,Engg,
8503,,80285,2020-03-04,VeryLongDepartmentName123,
8504, 30 ,$60000,2020-06-09,Engineering,61
8505,19,106234,2021-08-20,Marketing,94
155,38,34979,2018-02-09,Engg,-10
8507,19,58738,,Sales,66
8508,55,125451,2017-06-25,,54
8509,59,48627,2017-11-30,,83
8510,38,50000 ,2023-10-07,Hr,201
8511,24,20062,2023-04-25,Support!!,59
8512,51,20972,2019-03-01,VeryLongDepartmentName123,79
8513,36,53037,2015-07-07, SALES ,88
8514,43,119299,2024-03-22,Support,84
8515,55,$60000, 2023-07-10 ,Hr,-10
8516,,81437,2022-01-11,Support!!,56
8517,51,77583,2024/05/01,Marketing,83
8518, 30 ,103018,2017-06-24,Support,NaN
8519,41,134119,2017-08-22,sales,99
8520,54,43717,2020-02-29,MKT,NaN
8521,57,146907,2016-02-10,HR,58
8522,,72772,2017-01-26,HR,66
8523,51,118918,2021-05-26,Support!!,85
8524,33,4024666,2020-07-07,Support,68
8525,42,53634,2017-01-22,VeryLongDepartmentName123,80
8526,,94541,2017-05-22,Support,
8527,56,50000 ,2019-05-27,Engg,82
8528,33,52099,2024/05/01,VeryLongDepartmentName123,64
8529,38,88049,2024-09-09,human resources,NaN
8530,,143747,2016-01-08,,178
8531,27,$60000,2018-02-16,Hr,75
8532,45,77170,2019-02-24,Sales,73
8533,49,68995,2016-04-09,,56
8534,57,50000 ,2019-12-17,Sales,66
8535,44,92365,2022-01-07,,55
221,64,98860,not_a_date,MKT,50
8537,36,51313,32/13/2020,VeryLongDepartmentName123, 85 
8538,twenty five,77194,2016-08-05,Engg,252
8539,22,1095991,2021-08-09,Engg,-10
8540,,107605,2024-02-20,Engg, 85 
8541,27,81369,2019-11-01,HR,59
8542,28,50000 ,2017-04-13,Marketing,-10
8543,63,56610,2024/05/01, SALES ,66
8544,65,27692,2016-04-18,Support,56
8545,64,abc,2015-02-05,, 85 
8546,54,85655,32/13/2020,,88
8547, 30 ,122520,2023-05-18,VeryLongDepartmentName123,67
8548,49,99981,2024-12-30,,64
8549,21,98271,2023-07-06,Engg,
8550,51,abc,2019-12-23,,280
8551,171,120716,2020-01-06, SALES ,-10
8552,41,132932,2016-01-24,,97
8553,133,20265,2018-04-21,Support!!,87
8554,twenty five,37895,2017-09-23, SALES ,51
8555,,$60000,32/13/2020,Hr,69
8556,53,37647,2018-12-17,HR, 85 
8557,42,abc,2023-07-23,,96
6,39,50000 ,2016-12-26,VeryLongDepartmentName123,99
8559,27,24918,2023-05-15,MKT,90
8560,34,2622454,,Marketing,90
81,61,72348,not_a_date,Engineering,59
8562,117,23179,32/13/2020,Hr,79
8563,55,123378,2022-01-12,human resources,
8564,61,119859,2018-11-10,Sales,77
8565,55,96132,not_a_date,,97
70,18,51940,2018-04-09,MKT,63
8567,30,50000 ,2016-08-17,HR,57
8568,64,50000 ,2016-05-05,Sales,76
8569,28,$60000,2019-08-21,,
8570,57,31076,not_a_date,Engineering,NaN
8571,25,4772635,2016-05-29,human resources,78
8572,64,$60000,2018-12-20,VeryLongDepartmentName123,55
8573,23,77955,2016-09-24,Sales,
8574,19,64366,32/13/2020,Engg,80
8575,58,137298,2024-03-27,MKT,87
8576,twenty five,149269,2019-10-16,Sales,196
8577,,abc,2017-09-14,Engineering,216
8578,42,116111,2016-08-01, SALES ,56
8579,54,1493277, 2023-07-10 ,Support!!, 85 
8580,60,,2020-09-21,HR,62
8581,27,96126,2024/05/01,Support!!,97
8582,twenty five,123716,2019-03-24,Marketing,58
8583,25,104835,2021-04-16,VeryLongDepartmentName123,89
8584,40,59993,2024-09-01,Engg,-10
8585,35,26707,2020-11-07,MKT,98
8586,27,50653,2017-02-08,Sales, 85 
8587,140,1415765, 2023-07-10 ,HR,98
8588,twenty five,abc,2023-04-12,Marketing,94
8589, 30 ,113279,2020-03-03,HR,64
456,47,93919,2024-06-25,,95
8591,22,84455,2015-09-21,Hr,58
8592,54,113255,2017-10-09,human resources,83
8593,47,34621,2020-03-22,MKT,224
8594, 30 ,46680,2019-02-14, SALES ,NaN
8595,36,,,MKT,50
8596,39,125747,2016-03-08,Marketing, 85 
8597,34,31761,2016-07-19,Engineering,93
8598,150,142734,2017-02-11,Engineering,64
8599,23,147641,2018-08-30,Engineering,73
8600,33,51321,2022-06-29,Engineering,-10
8601,49,25912,2020-12-24,Engineering,81
8602,47,131582, 2023-07-10 , SALES ,57
8603,31,,2024-03-29,MKT,79
8604,161,108348,2024-05-21, SALES ,71
8605,22,115513,2024-10-08,HR,93
8606,21,$60000,2018-08-24,MKT,-10
8607,30,70063,32/13/2020,Support!!,63
8608,43,54830,2024-03-06,Engg,88
8609,59,,2024/05/01,human resources,65
8610,176,abc,2019-05-20, SALES ,80
8611,42,102894,2017-11-24,human resources,94
265,47,89952,2022-06-26,Marketing,225
8613,56,62968,2021-12-30,,96
8614,62,116782,2019-09-15,,72
8615,46,50000 ,2016-04-09, SALES ,58
8616, 30 ,82625,2017-01-14,Support!!,79
8617,36,144349,32/13/2020,Sales,248
8618,143,abc,2016-02-14,,93
8619,63,36041,2019-04-18,Support!!,NaN
8620,25,81722,2022-10-18, SALES ,74
8621,,,32/13/2020,Marketing,NaN
416,47,88326,2020-02-20,MKT,64
8623,128,139572,2023-09-15,sales,61
8624,41,53577,32/13/2020, SALES ,81
8625,30,69987,2021-02-15,Support!!,NaN
8626,26,106957,2021-06-04,Support!!, 85 
8627,30,20784,2023-08-28,HR,
8628,45,46556,2019-09-23,Marketing,71
8629,,120752,2019-07-20,Sales,57
8630,65,55999,2023-01-07,Hr,-10
8631,32,52436,2019-08-10, SALES ,
8632,twenty five,73843,2017-06-10,Hr,59
8633,63,126932,2022-12-05, SALES ,NaN
8634,61,49659,2019-11-20,Marketing,58
8635,,127810,2023-08-18,Sales, 85 
8636,19,48174,32/13/2020,Marketing,89
8637,twenty five,3628414,2020-07-30,,86
8638, 30 ,50000 ,2016-01-10,Sales, 85 
8639,60,,2021-08-16,sales,92
8640,50,abc,2018-03-16,Engg,72
197,29,108446, 2023-07-10 ,VeryLongDepartmentName123,66
8642,59,126068,2018-05-28,Sales,199
195,56,97434,2023-04-09, SALES ,
8644,,39332,2024-12-22,,56
8645,twenty five,25477,,HR,56
8646,23,47489,2017-04-12,VeryLongDepartmentName123,52
206,twenty five,abc,2024-08-23,HR,87
8648,25,72978,2024-11-30,Hr,-10
8649,twenty five,25303,2020-07-12,Engineering,52
8650,19,135275,2015-04-13,Engg,90
8651,37,40227,2023-06-26,VeryLongDepartmentName123,NaN
8652,twenty five,87258,32/13/2020, SALES ,
8653,21,62328,2020-12-07,Engg,96
8654,37,44734,2022-04-11,human resources,80
8655,27,47388,2022-04-10, SALES ,98
8656,18,99077,2017-08-09, SALES ,81
8657,51,79994,,VeryLongDepartmentName123,59
8658,45,31298,2022-12-29,Engg,89
8659,31,131285,2023-05-30,Engineering,
8660,57,28986,2024-12-24,HR,70
8661,23,24345,2024-02-12,,51
8662,47,126321,2017-09-05,Engineering,-10
8663,52,102442,not_a_date,MKT,NaN
8664,130,145812,2017-08-02,VeryLongDepartmentName123,58
8665,27,143170,2021-05-19,Marketing,-10
8666,49,137914,2020-08-04,Support,-10
8667,132,abc,2024-11-22, SALES ,88
8668,twenty five,70836,2024-09-14,,
8669,60,92294,,,198
8670,52,99279,2023-10-13,Sales,
8671,49,54996,2024/05/01,Support!!,88
8672,52,$60000,2021-05-17,VeryLongDepartmentName123,NaN
8673,22,33395,2021-06-28,Engineering,80
8674,38,75509,2022-02-05,Hr,
8675,58,abc,2021-09-23,human resources,
8676,36,52082,2023-03-06,Hr,80
8677,29,127689,2017-09-19,Marketing,78
8678,31,2853877, 2023-07-10 ,Hr,84
8679,30,$60000,, SALES ,74
8680,58,53827,2020-01-28,HR,
8681,,83531,2019-03-09,Support!!,81
8682,63,92571, 2023-07-10 ,Engg,
8683,23,67365,not_a_date,,NaN
8684,24,123549, 2023-07-10 ,sales,92
8685,,62689,not_a_date,Support,98
8686,63,50000 ,2020-02-08,MKT,92
8687,18,79815,2019-12-15,Support,63
8688,42,3177995,2019-01-25,Hr,64
234,24,109079,2021-10-08,Hr,68
8690,41,106458,2018-08-06,human resources,84
8691,63,51258,2017-07-12,HR,59
8692,56,59520,32/13/2020,Engg,93
8693,28,abc,2017-09-02,human resources,97
8694,30,50000 ,2020-02-24,Sales,53
8695,42,$60000,2015-04-24,Support!!,80
73,,abc,2021-10-20,Hr,83
8697,35,142519,2024/05/01,VeryLongDepartmentName123,88
8698,50,abc,32/13/2020,, 85 
8699,42,50000 ,2021-03-23,Engineering,68
8700, 30 ,53937,2016-10-02,Hr,54
8701,24,$60000,2019-04-20,Support!!,77
8702,28,$60000,2024/05/01,VeryLongDepartmentName123, 85 
8703,42,145504,2021-06-30,MKT,79
8704,172,20150,2016-02-11,Sales,50
8705,41,71725, 2023-07-10 ,HR,-10
8706,30,32035,2023-08-28,,66
8707,25,98158,,Sales,83
424,157,59413,2020-11-09,,-10
8709,23,113364,2019-05-31,Engineering,91
8710,44,98438,2016-09-19,Support,55
8711,twenty five,77210,2022-07-15,Support,59
8712,39,121813,2024/05/01, SALES ,94
8713, 30 ,,2020-07-05,Engg,78
8714,61,123858, 2023-07-10 ,Support!!,
8715,58,102055,2022-06-11,Engg,63
8716,55,116463,2024/05/01, SALES ,100
8717,64,106245,2021-08-05, SALES ,82
8718,39,43041,,sales,
8719,25,26867,2020-03-05,Engg,84
8720,45,$60000,2015-06-03,human resources,51
8721,50,70744,2021-07-03,Engg,74
8722,51,80079,2023-08-27,HR,81
8723,172,54684,2020-05-26,Engg,55
8724,41,4520865,2022-07-04, SALES ,99
8725,29,88117,2018-02-07,,NaN
8726,49,83175,2016-01-09,Support,61
8727,24,84569,2017-01-14,Support,62
8728,,50000 ,2015-04-10,Engineering,94
8729, 30 ,37001,not_a_date,Engg,76
147, 30 ,44334,2020-09-29,VeryLongDepartmentName123,67
8731,38,62093,2021-05-30, SALES ,65
8732,47,30102,2019-10-11,Support,73
8733,61,$60000,2016-10-20,Sales,77
8734,25,82654, 2023-07-10 ,Marketing,97
8735, 30 ,,32/13/2020,Sales,68
8736,39,133992,,,78
8737,58,50000 ,2017-09-30,Engineering,53
8738,35,129744,2016-08-21,Engg, 85 
8739,166,2577905,2023-06-07,,55
8740,36,106041, 2023-07-10 ,VeryLongDepartmentName123,
8741,35,104976,2023-08-21,VeryLongDepartmentName123,74
8742,,121931,32/13/2020,sales,74
8743,31,21833, 2023-07-10 ,Support!!,
8744,37,25593,2020-11-05,Support,NaN
8745,41,,not_a_date,Support,98
8746,184,29707, 2023-07-10 ,,270
8747,60,82429,2022-10-03, SALES ,79
8748, 30 ,abc,2017-06-13,,58
40,39,64313,,MKT,93
8750,35,25548,2018-10-06,,80
8751,49,46656,2020-03-16,MKT,81
8752,52,2582553,32/13/2020,,60
8753,41,51633,2019-11-28,VeryLongDepartmentName123,-10
8754,48,abc,2020-01-18,Sales,73
208, 30 ,36462,2020-02-01,,91
8756,49,119837,2017-06-15,Marketing,82
31,57,63150,2015-09-02,human resources,61
8758,28,103919,2021-06-26,MKT,NaN
8759,50,48784,2024/05/01,,76
8760, 30 ,abc,2023-12-30,VeryLongDepartmentName123,NaN
8761,39,37016,2017-11-14,human resources,55
8762,53,89557,2017-10-10,HR, 85 
8763,25,122917,2015-03-23,Marketing,91
8764,54,26166,2015-01-19,Marketing,85
8765,37,$60000,not_a_date,Support!!, 85 
8766,40,125147,,Marketing,61
8767,61,125251,2018-10-18,HR,179
47,163,39027,,Support,64
8769,50,41748,2024/05/01,VeryLongDepartmentName123,100
8770,56,34137,2020-02-13,MKT,
8771,46,72497,2021-12-01,human resources,55
8772,32,53671,2024-03-15,,100
8773,54,138166,2020-05-10,HR,78
8774,59,98076,2024-06-20,MKT,88
8775,26,,2024-10-06, SALES ,57
8776, 30 ,40426,2017-03-30,Support,91
8777,57,81750,2016-08-08,VeryLongDepartmentName123,81
8778,42,89287,2016-02-25,VeryLongDepartmentName123,51
8779,43,40561,2023-05-10,MKT,85
8780,twenty five,143606,2016-06-26,MKT,71
8781,51,115436,not_a_date,MKT,96
8782,,117092,2015-01-07,Engineering,
8783,35,51739,2021-07-29,,71
8784,54,50000 ,not_a_date, SALES ,210
8785,23,59464,not_a_date,VeryLongDepartmentName123,80
8786,53,104230,2020-07-02,Marketing,61
8787,25,91803,, SALES ,86
453,,84969,2017-02-24,sales,75
8789,133,125928,2015-07-04,Support!!,66
8790,61,50000 ,2024/05/01,Support!!,NaN
8791,166,abc,2024/05/01,Engineering, 85 
8792,27,$60000,2019-06-03,Engineering,
8793,165,98674,2020-06-23,Engineering,
8794, 30 ,94577,2017-07-15,Engg,67
424,38,65829,2023-04-10,Engg,86
8796,40,24162,2020-10-20,,83
8797,19,,2019-03-30,HR,99
8798,28,24499,2017-07-28,Support!!,
8799,59,40683,2021-02-23,Marketing,67
8800,23,96876,2022-04-14,sales,56
8801,40,34698,2018-06-12,Support,69
8802,57,77823,2018-01-25,Sales,63
8803,62,abc,2017-07-02,HR,100
8804,21,,2021-02-15, SALES ,93
8805,64,107126,2024/05/01,Engg,NaN
8806,34,34376,2019-10-19,human resources,90
8807,28,124614,2021-09-22,Engg,79
8808,55,99960,2015-07-31,,80
8809,twenty five,50000 ,2015-05-18, SALES ,90
8810,35,106607,2016-09-27,VeryLongDepartmentName123,62
8811,49,85731,2020-04-12,Sales,93
8812,53,36375, 2023-07-10 ,sales,50
8813,52,20449,2023-05-23, SALES ,55
8814,,125124,2015-04-25,VeryLongDepartmentName123,71
8815,26,115501,2018-08-25,,54
8816,,122505,2016-09-17,Support,95
8817,24,abc,2024-10-29,,73
8818,,,2023-04-29,HR,157
8819,65,149148,2021-09-07,MKT,62
8820,60,$60000,2016-04-11,Engineering,74
8821,twenty five,43949,2018-03-13,HR,55
8822,19,abc,2018-02-05,HR,91
8823,46,1221415,2016-01-22,Sales,89
8824,19,127091,,,83
8825,59,abc,2023-10-19,Support,59
8826,25,97867,2020-04-09,MKT,
8827,64,2401369,2020-07-22, SALES ,73
8828,36,abc,2015-04-26,VeryLongDepartmentName123,
8829,,32135,2021-03-16,Engg,52
8830,30,105149,2019-12-30,Engg,-10
8831,39,43842,2019-03-10,human resources,84
8832,42,121073,32/13/2020,Marketing,261
8833,43,115959,2019-04-24,Engg,87
8834,35,25866,2020-10-08, SALES ,62
8835,29,95734,2024/05/01,Engineering,63
8836,173,3436096,2024-06-25,Sales,99
8837,,50000 ,2018-09-10,VeryLongDepartmentName123,57
8838,60,1707451,,human resources,91
8839,,52695,2016-09-08, SALES ,97
8840,51,21164,2020-03-07,Marketing,98
8841,20,abc,2018-11-07,sales,89
8842,43,39736,2017-02-07, SALES ,81
8843,34,126122,2022-09-06,Support!!,62
8844,20,130089, 2023-07-10 ,,86
8845,49,129786,2023-04-10,Hr,82
8846,twenty five,3268349,2024/05/01,MKT,62
8847,44,128593,2018-06-15,HR,NaN
8848,58,,2017-10-27,Support!!,88
8849,18,3813340,2024/05/01,VeryLongDepartmentName123,74
8850,45,,2015-11-11,Engg,63
8851,48,,2024/05/01,HR,66
8852,36,86243,,Hr,93
8853,46,2250597,2024/05/01,Support, 85 
8854,53,50000 ,2024/05/01,VeryLongDepartmentName123,62
8855,39,64914,2024-03-19,MKT,94
8856,23,abc,2021-11-17,MKT,75
8857, 30 ,106279,2020-10-27,MKT,71
8858,135,115959,2020-10-01,Engg,72
8859,19,133617,2024-09-15,Hr,68
8860,41,57005,2022-11-22,Hr,86
8861,41,,2017-12-08,MKT,60
8862,59,47161,2016-11-09,Hr,96
8863,44,136614,2023-04-18,HR,71
8864,197,72609,2017-10-28,Engineering,76
8865,32,111947,2024/05/01,Hr,62
8866, 30 ,3528724,32/13/2020,Sales,81
8867,64,102597,2018-08-04,MKT,84
8868,36,106025,32/13/2020,Engineering,80
8869,29,80469,2018-02-21, SALES ,
8870,63,73894,2024/05/01,sales,73
8871,48,57449,2018-12-22,Engg,56
8872,18,57421,2020-02-19,,63
8873,twenty five,132417,2017-10-28,MKT, 85 
8874,,64059,2015-02-07, SALES ,61
8875,19,129108,2019-11-17,MKT,85
8876,twenty five,2436603,2020-07-28,human resources,-10
8877,45,46764,2020-04-10,Hr,88
8878,24,131111,32/13/2020,Engineering,84
8879,64,41990,2020-02-06,Engineering, 85 
8880,27,$60000,2023-09-25,Support,62
8881,38,102006,2024-11-04,HR,62
8882,29,75005,2022-08-26,Engineering,NaN
8883,56,48114,not_a_date,VeryLongDepartmentName123,51
8884,51,74310,2024/05/01,Engg, 85 
8885,42,126422,2015-05-22,Engg,95
8886,64,$60000,2017-04-22,Sales,NaN
8887,59,60668,2022-11-10,Support!!,61
323,19,32279,2019-03-18,VeryLongDepartmentName123,80
8889,18,135309,32/13/2020,Engg, 85 
8890,58,103522,2016-02-20,,53
8891,51,59257,2021-03-27,,51
8892,29,39386,2017-01-21,Marketing,70
8893,144,140184, 2023-07-10 ,VeryLongDepartmentName123,
8894,53,78116,2023-10-26,,78
8895,35,,32/13/2020,human resources,97
8896,25,132257,2016-05-23, SALES , 85 
8897,192,2115106,2017-05-31,,69
8898,55,,32/13/2020,Support!!,61
493,25,$60000,2017-12-26,VeryLongDepartmentName123,76
8900,40,132474,,MKT,66
8901,18,143212,32/13/2020,human resources,73
8902,43,abc,32/13/2020,Hr,76
8903,54,116930,2023-04-22, SALES ,93
8904,40,,2024/05/01,HR,90
8905,53,113635,2015-12-14,Engineering,68
8906,56,abc,2019-12-31,Support!!,85
8907,25,92443,2020-11-10,MKT,NaN
8908,32,1692749,2023-09-14,Engineering,92
8909,42,95531,2021-02-16,Sales,92
8910,42,21209,2020-04-03,sales,NaN
8911,twenty five,66070,2017-06-24,Support,62
8912,60,55307,2019-05-20, SALES ,-10
8913,42,53099,2024-05-02,Hr,81
8914,23,24570,2022-04-27,VeryLongDepartmentName123,50
205,21,100937,2017-10-22,HR,71
8916,42,137124,2018-04-20,,69
8917,56,71916,2024/05/01,Support,64
8918, 30 ,50000 ,2024-09-23,Engineering,56
8919, 30 ,106707,not_a_date,Sales,
8920,54,99973,2018-06-27,MKT,84
8921,19,2078733,2020-01-23,,96
8922,25,$60000,2024/05/01,Engineering,NaN
8923,,101099,2019-06-30,Engineering,100
8924,60,,2021-06-01,VeryLongDepartmentName123,NaN
403,40,20419,32/13/2020,Support!!,60
8926,,22162,2018-05-10,Support!!,89
8927,37,99756,32/13/2020,MKT,187
8928,27,47889,2017-04-12,Support,90
8929,63,131135, 2023-07-10 ,HR,-10
205,51,68301,32/13/2020,Hr,60
8931,50,31715,2018-03-03,Engg,75
8932,34,113638,,Sales,80
8933,62,31612,2016-04-23,MKT,86
8934,54,65012,2024-01-25,Engineering,68
8935,21,1078772,2022-10-03,VeryLongDepartmentName123,87
8936,25,53186,2021-10-18,,78
8937,24,71588,2019-11-02,HR,208
8938, 30 ,137243,2019-05-03,human resources,57
8939,,32991,2024-11-08,Marketing,205
8940,twenty five,149532,2019-01-22,sales,71
8941,59,,not_a_date,human resources,95
8942,24,50000 ,2021-10-14,Support,
273,145,abc,2023-03-13,Engineering,80
8944,63,30901,2020-02-21,Engineering,NaN
8945,58,66641,2018-03-20,Support!!,61
8946,40,136066,2021-07-08,Engineering,65
8947, 30 ,44699,2024-05-29,Support,51
8948,59,128808,2022-04-29,MKT,53
8949,38,122671,32/13/2020, SALES ,90
8950, 30 ,abc,2022-03-15,Engineering,78
8951,49,105834, 2023-07-10 ,HR,67
8952,47,89056,2016-03-07,Marketing, 85 
8953,22,132499,2023-08-02,Marketing,92
8954,39,132641,2023-08-22,Support, 85 
8955,61,108957,2016-12-16,Engineering,77
8956,,147872, 2023-07-10 ,VeryLongDepartmentName123,75
8957,50,41791,2017-03-12,Support,-10
8958,22,104553,2024/05/01,MKT,79
8959,59,130205,2016-11-30,HR,90
8960,53,26762,2018-09-21, SALES ,
8961,30,28050,32/13/2020,Support,225
8962,23,67859,2019-06-23,Support!!,NaN
8963,21,76407,2024/05/01,Support!!,78
8964,,abc,2024-05-10,VeryLongDepartmentName123,79
8965,22,$60000,2023-07-07,Marketing,NaN
8966,22,50000 ,not_a_date,sales,-10
8967,58,124370,2021-04-21,Marketing,NaN
8968,38,139191,32/13/2020,Hr,NaN
8969,27,$60000,2017-01-10,Sales, 85 
8970,50,42373,not_a_date,human resources,64
8971,62,50000 ,2016-06-01,Sales, 85 
8972,39,136027,2023-01-21,sales,231
8973,41,$60000,2021-08-11,VeryLongDepartmentName123,89
8974,33,42148,2021-10-29,sales,66
8975,26,75010,,MKT,-10
8976,50,131547,2020-11-16,Engg,94
8977,,125293,2020-04-18, SALES ,89
8978,,40665,2024-07-17,,51
8979,53,111216,2023-04-26,human resources,-10
8980,54,37514,2016-03-24,human resources,65
8981, 30 ,140665,2021-02-03,Engg,61
8982,50,50000 ,2017-08-06,MKT,98
8983,50,106804,2021-01-23,HR,60
8984,65,31503,,Support!!,75
8985,30,131052,2022-09-05,HR,51
8986,twenty five,43388,not_a_date,Engineering,-10
8987,57,30417,2017-11-05,Engg,
8988,32,91206, 2023-07-10 ,MKT,62
8989,55,67614,2019-10-23,Sales,85
8990,29,122477,2020-06-16,VeryLongDepartmentName123,86
8991,46,45987,2021-09-20,sales,89
8992,27,40617,2019-07-01,,52
8993,24,57955,32/13/2020,human resources,60
8994,57,70451,2016-09-14,,59
8995,46,57929,2018-06-14,Engineering,55
8996,46,130937,2024-01-18,,99
8997,32,40448,2017-12-01,VeryLongDepartmentName123,72
8998,63,40918,,sales,
8999,29,,2020-01-28,,96
9000,27,22006, 2023-07-10 ,sales,65
9001,22,141224,2015-08-17,sales,
9002, 30 ,101321,2018-08-19,MKT,79
9003,26,4392544,2024-06-21,,
9004,65,26543, 2023-07-10 ,MKT,58
9005,31,62570,2019-09-22,Support,96
9006,38,80358,2020-10-10,sales, 85 
9007,36,50000 ,not_a_date,human resources,80
9008,56,136649,2022-01-17,MKT,75
9009,twenty five,abc,2018-05-12,Sales,91
9010,18,117996,2023-10-07,,192
9011,,31614,2021-01-15,sales,63
9012,57,74118,2019-05-30, SALES ,64
9013,21,abc,2023-12-21,Engineering,96
9014,60,,2024/05/01,, 85 
9015,twenty five,140689,2023-12-22,HR,89
9016,23,143016,2018-08-29,,242
9017,twenty five,128369,2020-08-24,Support,79
426,62,70671,not_a_date,Sales,75
9019,27,,2017-11-08,Marketing,87
9020,24,91637,2020-04-16,Engg,
9021,31,62770,2022-11-13, SALES ,57
9022,33,abc,2024-01-16,Engineering,95
9023,33,50000 ,32/13/2020,sales,92
9024,25,abc,,Support!!,95
9025,,59905,2015-03-28,human resources,88
9026,108,84244,32/13/2020,Support,99
9027,27,70382, 2023-07-10 , SALES ,52
9028,,78804,2024-08-08,,70
9029,58,23642,not_a_date,Sales,97
9030,30,69245,32/13/2020,Engg,89
9031,19,70709,2023-07-29,Support,69
9032,106,90679,2024/05/01, SALES ,99
9033,52,30870,2023-01-24,VeryLongDepartmentName123,-10
9034,49,abc,2018-12-19,VeryLongDepartmentName123,89
9035,45,$60000,2022-09-16,Hr,NaN
9036, 30 ,50000 ,2022-02-22,HR,96
9037,27,83438,2024-10-11,,91
9038,31,56034,,Support,71
9039,21,85762,2016-05-10,,61
9040,62,48244,2015-06-07,HR,
9041,29,$60000,2020-12-12,Support!!,86
9042,,,2020-12-28,Support,88
9043,18,85574,2015-06-13,human resources,67
9044,26,,2016-10-24,Support!!,57
473,51,abc,2017-12-30,Engg,85
9046,55,93191,2017-05-13,,NaN
9047,44,3570806,2023-07-30,,NaN
398,188,$60000,2024-09-22,sales,-10
9049,63,abc,2023-07-03,Support!!,72
9050,,64861,2018-04-07,MKT,89
9051,40,$60000,2024/05/01,Sales,92
9052,61,133906,2019-12-04,sales,NaN
9053, 30 ,82137,2015-06-27,HR,-10
9054, 30 ,$60000,2017-06-13,Support!!,
9055,,136976,32/13/2020,HR,71
9056,60,50000 ,2024-07-08,Hr,96
9057,59,2523624,2015-01-10,VeryLongDepartmentName123,71
9058,19,1803378, 2023-07-10 ,Engineering,58
9059,51,50000 ,2023-11-06,Marketing,-10
9060, 30 ,121940,2023-04-10,VeryLongDepartmentName123,212
9061,40,98580,2017-11-26,Sales,-10
9062,57,28101,2023-09-16,Engineering,57
9063,,85478,2019-07-16,Support!!,54
9064,23,124731,2017-08-18,VeryLongDepartmentName123,93
9065,57,67770,2019-02-02,Sales,68
9066,25,139142,32/13/2020,Marketing,100
9067,157,88812,2021-08-15,human resources,57
9068,133,61393,2016-01-22, SALES ,58
9069,25,139575,2024/05/01, SALES ,84
9070,26,126284,,Marketing,89
9071,55,62267,2020-07-07,sales,64
9072,188,69844,32/13/2020,, 85 
9073,20,$60000,2019-04-02,VeryLongDepartmentName123,61
9074, 30 ,42437,2022-02-19,sales,94
9075,37,abc,2015-07-28,Hr,100
9076,56,55045,2022-07-15,VeryLongDepartmentName123,74
9077,30,77101,2021-07-05,Support,93
9078,58,74858,2015-05-23,,92
9079,30,abc,2019-12-12,VeryLongDepartmentName123,245
9080,63,,not_a_date,Support,51
9081,64,$60000,2024-01-17,Marketing,59
9082,43,50000 ,2016-09-12,human resources,
9083,27,60795,2017-09-15,,74
9084,28,85484,2024-09-14, SALES ,62
9085,49,72786,2023-07-26,Sales,81
9086,36,131571,2022-10-22,Engg,94
9087,60,109473,2023-01-21,Engineering,61
9088,18,72734,2024/05/01,HR,-10
9089,34,102353,2018-12-13, SALES ,58
9090,29,128649, 2023-07-10 ,sales,66
9091,53,66241,2015-05-28,Engg,97
9092,46,,2024-08-27,Support,50
9093,52,66185,2021-05-26,Marketing,57
9094, 30 ,22319,2017-09-21,Engg,73
9095,47,129992,2021-03-04,Sales,58
9096,32,129298,2016-01-18,,87
9097,twenty five,abc,2022-08-13, SALES ,96
9098,46,30293,2016-06-28,MKT,72
9099,58,136404,2024-04-29,HR,50
9100,46,123579,not_a_date,MKT,86
9101,51,21206,2018-01-23,,86
124, 30 ,,2016-04-21,Support!!, 85 
9103,21,47148,2017-07-09,Engineering, 85 
9104,61,50000 ,2015-08-14,, 85 
9105, 30 ,54494,2022-10-09,Hr,96
9106,33,124209,32/13/2020,MKT,95
9107,39,37928,2024-05-31,human resources,94
9108, 30 ,abc,2024/05/01,sales,
9109,22,4614120,2015-10-07,HR,95
9110, 30 ,30016,2015-02-06,MKT,56
9111,35,4703652,32/13/2020,Engg,NaN
9112,twenty five,abc,2024-08-11,HR,64
9113,18,32129,2022-09-23,Engg, 85 
9114,62,46382,not_a_date, SALES , 85 
9115,33,126485,2022-05-25,HR,84
9116,35,127094,2021-01-03,,80
393, 30 ,51237,2024-12-24,Support,241
9118,21,70548,2023-12-04, SALES ,NaN
9119,twenty five,45252,2021-08-22,sales,-10
9120,47,36439,not_a_date,sales,167
9121,,50000 ,2016-06-26,sales,
9122,24,130312,2024-05-23,,54
9123,60,107725,not_a_date,HR,
24,29,abc,2021-06-17,,98
9125,twenty five,62546,2023-03-26,MKT,89
9126,64,,2019-04-09,sales,
9127,144,63494,2017-09-04,HR,50
9128,47,50000 ,2022-09-29,MKT,67
9129,28,4123223,2015-04-11,sales,100
9130,55,$60000,2015-11-05,VeryLongDepartmentName123,75
9131,65,74490, 2023-07-10 ,MKT, 85 
9132,40,111450,2017-10-10,,85
9133,41,127011,2023-01-13,Sales,58
9134, 30 ,128132,2015-11-14,Sales,78
9135,29,116396,2020-06-17,Support,86
9136,,63622,2023-10-25,Engineering,
9137,58,52271,2023-06-12,Support!!,NaN
9138,24,135880,2015-04-29,,63
9139,,127732,,,150
9140,52,40162,2024-09-15,Marketing,-10
9141,47,86161,2021-04-30,Support,NaN
9142,27,115194,2021-11-11,MKT,72
9143,39,145728,2015-03-03, SALES ,97
9144,twenty five,33520,2023-10-26, SALES ,87
9145, 30 ,40289,2022-10-11,Engineering,-10
9146,28,50000 ,2022-05-06,,72
9147,23,37002,,HR,65
9148,58,86884,2023-09-07,Support,76
9149,22,21511,2015-11-03,Support!!,91
9150,48,144519,,Sales,236
9151,32,28163,2023-07-31,Sales,61
9152,36,42697,2019-01-18,VeryLongDepartmentName123,NaN
9153,45,70966,2019-08-13,Sales,74
9154, 30 ,55614, 2023-07-10 ,,55
9155,twenty five,30140,not_a_date,Sales,NaN
9156,54,50000 ,2015-07-13,Engg,90
9157,61,146448,2021-07-04,,55
9158,twenty five,abc,2015-01-23,human resources,
9159,52,145986,2015-11-25,Marketing, 85 
9160,25,114461,2019-01-25,HR,60
9161,22,53128,2018-07-07, SALES ,98
9162,50,,2024/05/01,,226
9163,38,,2017-09-11,MKT,91
9164,20,113142,2024/05/01,Marketing,79
9165,26,81603,2021-01-22,Sales,90
9166,43,105343,2020-05-29, SALES , 85 
9167,38,107191,2024-03-13,Support,78
9168, 30 ,141747,2016-06-25,, 85 
9169,21,117327,2024-01-15,Marketing,65
9170, 30 ,148251,2016-06-25,Support,78
9171,52,48489,2019-08-15,VeryLongDepartmentName123,202
9172,64,115180,32/13/2020,sales,87
9173,28,,2023-10-12,human resources,75
9174,29,$60000,2024-02-19,Engg,78
9175,27,67842,2016-10-05,,76
9176,19,90960,2020-05-22, SALES ,
9177,40,abc,2023-09-14,HR,84
9178,twenty five,50000 ,32/13/2020,VeryLongDepartmentName123,73
9179,52,92243,2015-03-30,MKT,80
9180,43,$60000,2022-05-23,Engineering,50
9181,28,79023,,Marketing, 85 
9182,54,142017,2018-03-30,VeryLongDepartmentName123,74
9183,50,54268,,Sales,85
330,28,90430,2021-05-06,Hr,94
9185,28,136867,2015-01-23,HR,52
9186,64,,2023-02-12, SALES , 85 
9187,24,$60000, 2023-07-10 ,human resources,84
9188,58,24868, 2023-07-10 , SALES ,
9189,61,102346,2019-11-28,HR,86
9190,51,50000 ,2018-05-06,sales,53
9191,52,38476,2024-12-26, SALES ,85
9192,52,119018,2017-10-02,Support!!,100
9193,65,86004,2017-11-30,Engg,68
9194,24,$60000,2022-09-03,Marketing,60
9195,24,,,VeryLongDepartmentName123,80
9196,51,52513,2021-04-20,Support,98
9197,181,,2023-12-02,,94
9198,19,62407,2019-08-21,,98
9199,50,76287,2019-03-08,Support,260
9200,35,125725,2019-09-11,Engg,
9201,130,, 2023-07-10 ,Hr,67
9202,42,72377,2024-04-05, SALES , 85 
9203,26,abc,2016-02-06,Engineering,-10
9204, 30 ,37460,2019-06-22,Sales,223
9205,44,50000 ,2020-05-04,Sales,65
9206,62,38199,2019-04-23,,54
9207,62,,2017-08-22,Engineering,100
9208,38,108656,2024/05/01,HR,76
303,61,74174,2019-09-07, SALES ,
9210,45,57755,2023-03-09,Hr,77
9211,,28660,32/13/2020,,179
14,52,105745,2021-12-28,sales,
9213,34,2268866,2016-10-30,Engineering,92
9214, 30 ,$60000,2021-10-02,Engg,86
9215,59,117976,2024-02-21, SALES ,74
9216,134,93591,2017-01-12,,88
9217,37,89897,2023-08-13,human resources, 85 
9218,18,75225,2021-07-01,Engineering,71
9219,41,47405,not_a_date,HR,171
9220,51,42308,2019-06-24,Marketing, 85 
9221,31,50560,2024/05/01,VeryLongDepartmentName123,81
9222,152,91982,not_a_date,Engg,274
9223,40,149281,,MKT,69
9224,54,58519,2019-10-22,sales,74
9225,twenty five,4549771,not_a_date,sales,NaN
9226,31,58819,2022-06-08,human resources,62
9227,64,102343,2024/05/01,Engineering,100
9228,26,58173,2023-07-14, SALES ,198
9229,41,59171,2022-02-07,Support,83
9230,190,112125,2018-05-26,sales,72
9231,64,$60000,2020-08-17,Sales, 85 
9232,40,46857,32/13/2020,,60
9233,137,56103,2024-05-10,,92
9234,49,27520,2024/05/01,Sales,82
9235,52,133060, 2023-07-10 ,VeryLongDepartmentName123,75
9236,26,66992,2018-07-04,Sales,97
9237,25,106513,32/13/2020,,71
9238,44,100260,32/13/2020,Engineering,166
9239,twenty five,,2021-09-19,Marketing,93
9240,,107604,2021-01-06,VeryLongDepartmentName123,
9241, 30 ,34828,2024-04-08,sales,69
9242,30,43115,2020-09-29, SALES ,86
9243,46,,2022-07-04,, 85 
9244,20,92793,2023-06-10,Engg,86
9245,34,114432,2016-09-30,Engg,95
9246,twenty five,$60000,2023-03-19,Support,51
9247,32,abc,2024/05/01,,51
487,22,149413,2021-08-24,Engineering,72
9249,32,1278283,2021-05-11,MKT,92
9250,61,126989,not_a_date,Sales,
9251,23,149079,2016-09-01,human resources,59
9252,,,2023-09-06,VeryLongDepartmentName123,90
9253,116,44150,2018-01-23,Marketing,-10
9254,62,76564,2022-07-03,Sales,73
9255,180,91015,2018-05-27,,72
9256,52,84931,2020-05-05,,88
9257,30,50000 ,2020-04-15,Engineering,53
9258,65,110873,2024-03-26,Support!!,82
9259,41,39180,2019-05-22,human resources,92
9260,51,57092,2021-10-23,Engg,93
9261,52,39727,,,55
140,,59689,,Hr,64
9263,23,50000 ,2024-05-01,,73
9264,63,abc, 2023-07-10 ,sales,98
9265,24,73596,2015-08-31,Support!!,57
9266,44,111867,2016-04-24,,52
9267, 30 ,,2017-05-12,Engineering,100
9268,25,142787,2016-07-29,Hr,60
9269,30,57061,32/13/2020,Engg,75
9270,64,39754,2018-08-08,Hr,71
9271,28,149517,2024-10-05, SALES ,79
9272,133,65860, 2023-07-10 ,VeryLongDepartmentName123,97
9273,104,66566,2019-11-08,HR,51
9274,50,,2024-11-17, SALES ,-10
9275, 30 ,116686,2015-08-29,,86
9276,23,128106,2016-04-16,Sales,84
9277,44,101869,,VeryLongDepartmentName123,62
9278,18,144670,2019-02-11,Engineering,100
9279,44,114015,2023-04-04,Hr, 85 
9280,57,47997,not_a_date,human resources,96
9281,41,125826, 2023-07-10 ,Marketing,51
9282,63,86505, 2023-07-10 , SALES ,-10
9283,41,50598,2016-11-06,,88
9284,21,118569,2023-04-21, SALES ,-10
9285,59,abc,,,83
9286,35,1800857,2020-03-24,,89
9287,133,,2015-11-19,Engineering,100
9288,64,128152,32/13/2020,MKT,67
9289,51,,2023-05-25,Marketing,70
9290,24,143543,32/13/2020,human resources,65
9291,twenty five,50000 ,2023-09-16,HR,73
9292,54,89969,2021-06-23,Sales,89
9293,30,62160,2016-03-12,Hr,64
9294,43,,2023-12-20,MKT,63
9295,39,47060,2017-03-06,Sales,81
9296,52,78322,,Support!!, 85 
9297,,,2019-01-07,Engineering,100
9298,45,131090,,Support!!,55
9299,48,abc,2022-08-21,,93
9300,42,97763,2021-07-30,Sales, 85 
9301,46,60462, 2023-07-10 ,VeryLongDepartmentName123, 85 
9302,34,122179,2024-10-21,,
9303,65,57677,2015-06-14,Hr, 85 
9304, 30 ,2528723, 2023-07-10 ,,78
9305, 30 ,105225,2018-11-10,VeryLongDepartmentName123,90
9306,32,abc,2019-09-03,HR,75
9307,24,4593770,2023-05-29,,62
9308,23,59347,2021-08-24,MKT,81
9309,38,50000 ,2022-04-17,sales,262
9310,30,abc,2024-07-17,HR,229
9311,46,4599533,2024/05/01,Hr,97
9312,twenty five,132575,2015-07-04,human resources,67
9313,30,130806,32/13/2020, SALES ,75
9314,34,83272,2021-11-18,Engineering,53
9315,44,$60000,2016-09-24,Marketing,70
9316,33,37194,2017-10-10,Sales,
9317,,20619, 2023-07-10 ,Engg,84
9318,47,132369,2022-12-03,,93
9319,,64804,2015-02-19,VeryLongDepartmentName123,99
9320,29,99467,2020-09-21,Marketing,63
9321,twenty five,110684,2016-03-25,Marketing, 85 
9322,45,,2024-10-01,human resources, 85 
9323,153,50000 ,2019-05-14,,270
9324,37,42882,2015-02-25, SALES ,83
9325,34,$60000,2019-11-17,human resources,53
444,52,89036,2024-11-07,,54
9327,39,145970,2016-01-19,HR,NaN
9328,62,,2016-05-11,human resources,NaN
9329,46,31708, 2023-07-10 , SALES ,70
9330,63,115191,2022-10-12,HR,55
9331,45,55079,, SALES ,71
9332,34,123539, 2023-07-10 ,Marketing,68
9333,110,106837,2020-09-27,MKT,60
177,137,119929,2022-06-01,Hr,
9335,63,abc,2015-11-13,VeryLongDepartmentName123,79
9336,44,abc,2019-01-31,VeryLongDepartmentName123,NaN
9337,51,95550,not_a_date, SALES ,94
9338,42,72871,2021-10-12,MKT,99
9339, 30 ,97324,2024-02-21,VeryLongDepartmentName123,67
9340,21,abc,2024-08-20,Engineering,58
9341,51,48090,2020-02-03,Engineering,84
9342,twenty five,103222,2018-12-01,sales,-10
9343,,25495,32/13/2020,HR,85
9344,173,68578,2018-01-05,sales,51
9345,40,99910,32/13/2020,MKT,89
9346,28,145334,2019-05-18,HR,57
416,35,77315,2019-01-05,,
9348,49,61604,2019-04-26,Support!!,92
9349,42,50000 , 2023-07-10 ,,59
9350,30,142050,2017-01-17,human resources,
9351,,106385,2015-08-11,HR,85
9352, 30 ,,2024-10-14,,
9353,45,50182,2020-02-20,Support!!,79
9354,24,130475,2024-06-09,Hr,-10
9355,65,46617,2017-09-02,Engineering,55
9356,twenty five,88231,2024-10-03,Support,90
9357,65,,2016-10-29,human resources,99
9358,38,50000 ,2016-10-02,Hr,69
36,65,84541,2015-02-23,Support,55
9360, 30 ,$60000,,, 85 
9361,194,44103,,,70
9362,199,27025, 2023-07-10 ,,80
9363,21,25003,2019-01-04,sales,-10
9364,21,54251,2016-10-11,Engg,90
9365,twenty five,95733,not_a_date,human resources,256
9366,64,66759,2020-12-21,VeryLongDepartmentName123,55
9367,38,124744,2023-05-26,sales,88
9368,28,,2019-01-04,Marketing, 85 
9369,26,108076,2019-06-22,,55
9370,23,134947,not_a_date,sales,84
116,104,95167,2018-05-18,human resources,90
9372,33,47754,2018-07-23,Support, 85 
9373,166,abc,2018-05-31,human resources,NaN
9374,57,102762,2016-02-27,Support!!,NaN
9375,20,133308,,HR,-10
9376,52,144698,2020-10-30,Marketing,84
9377,31,21262,2019-12-31,Engineering,63
9378,60,$60000,2016-04-18, SALES ,80
9379,51,61784,32/13/2020,sales,89
9380,32,128713,32/13/2020,Marketing,100
9381,53,40735,2015-02-08,HR,93
9382,162,122228,2023-09-03,Marketing,53
9383,32,68670,2019-01-02,Hr,52
9384,50,131433,not_a_date,Engg,294
9385,62,89153,2024-11-10,Marketing,96
9386,,$60000,not_a_date, SALES ,84
9387,51,,2015-12-19,human resources,97
9388,twenty five,,32/13/2020,sales,96
9389,35,90028,2018-12-09,,77
9390, 30 ,61027,2016-12-25,human resources,59
9391,26,124521,32/13/2020,MKT,68
9392,54,136966,2019-04-16,sales,NaN
9393,50,28452,2018-03-22,Engg,84
9394,58,, 2023-07-10 ,MKT,90
9395,45,abc,2024/05/01,Support, 85 
9396,55,58242,32/13/2020,Engineering,72
9397, 30 ,119462,2019-08-26,Support,NaN
9398,42,50000 ,2021-07-18,Support,90
9399,35,2391568,2017-05-17,Hr,75
9400,53,93201,2016-10-01,Support,74
9401,44,124212,32/13/2020,Hr,
9402, 30 ,50047,2016-12-12,,NaN
9403,18,107123,2017-10-27,VeryLongDepartmentName123,79
9404,149,54499,32/13/2020,HR,89
9405,47,, 2023-07-10 ,Engineering, 85 
9406,57,$60000,2018-12-19,Hr,81
9407,104,74772,32/13/2020,Support,81
9408,64,42585,2024/05/01,MKT,64
9409,32,93478,2019-11-27,VeryLongDepartmentName123,51
9410,twenty five,99768,2015-09-20, SALES ,87
9411,33,139813, 2023-07-10 ,Engineering,92
9412,28,$60000,2024/05/01,,238
9413,63,82855,2019-10-17,Sales,71
9414,43,108087,,Engineering,87
9415,41,131443,2019-07-19,VeryLongDepartmentName123,69
9416,53,abc,2015-09-09,Hr,67
9417,103,88979,2024/05/01,Engg,70
9418,27,$60000,2017-03-05,Engg,88
297,52,122470,2019-12-25,Sales,91
9420,48,78875,2018-08-23,human resources,69
9421,57,144377,2019-08-13,,78
9422,21,96132,2023-07-15,Engineering,69
9423,30,abc,2021-07-31,Engineering,51
9424,,85179,2019-08-25,MKT,77
9425,20,55136,2017-05-28,Support!!,83
9426,62,3117057,2016-05-12,HR,NaN
9427,,40110,2020-11-02,MKT,60
9428,51,73822,2019-04-23, SALES ,
9429,37,31105,2015-05-05,,84
9430,46,36160,2017-10-31,MKT,51
9431,31,113815,2016-08-09,Engineering,-10
135,56,$60000,32/13/2020,,53
9433,28,64844, 2023-07-10 ,Support!!,71
9434,40,94226,2017-05-26,human resources,94
9435,34,,32/13/2020, SALES ,98
9436,56,75520,2022-06-09,Marketing,-10
9437,36,130401, 2023-07-10 ,Support!!,
9438,189,45209,2018-10-23,Marketing,82
9439,65,26576,2024-11-02,sales,79
9440,61,135467, 2023-07-10 ,,68
110,23,,2023-02-12,,68
9442,46,108717,2015-04-08,Support,56
9443,,134822,2019-03-24,,55
9444, 30 ,20395,2016-03-16,human resources,260
408,57,111700,2020-11-08,Engineering,53
9446,18,114914,2017-11-30,Support!!, 85 
9447,34,,,HR,67
9448,twenty five,118278,2017-03-20,Sales,206
9449,,50000 ,not_a_date,Engineering,91
9450,64,65455,2016-07-20,,-10
9451,60,126246,,MKT,68
226,34,98631,2017-03-12, SALES ,98
9453,48,50000 ,2015-02-08,,88
219,25,39761,2024-12-21,Support,51
9455,28,50000 ,2019-11-28,Marketing,100
9456,52,22158,not_a_date,MKT,88
153,39,58748,2020-01-09,Support!!,92
9458,,25531,2015-05-09,HR,-10
9459,36,$60000,2021-11-04,,84
9460, 30 ,abc,2019-03-20,Support,58
9461,19,50000 ,2021-11-30,HR,75
9462,twenty five,77917,2015-06-29,Support!!,91
9463,37,83383,2019-11-22,Engineering,65
9464,twenty five,abc,2019-12-20,human resources,96
9465,35,130540,2021-03-02,sales,54
9466, 30 ,52124, 2023-07-10 ,Engg,52
427,48,63120,2022-02-16,Sales,-10
9468,twenty five,50000 ,32/13/2020,,82
48,29,142147,2020-07-15,Engineering,69
9470,40,abc,not_a_date,Engg,99
9471, 30 ,46134,2017-07-26,HR,97
9472,48,4748103,2018-03-28,MKT,53
9473,28,$60000,2015-01-24,Marketing,78
9474,31,87073,2018-02-22,HR,80
9475,26,108526,2024/05/01,sales,
9476,58,50000 ,32/13/2020, SALES ,60
9477,53,38511,2022-08-30,Hr,98
9478,22,107883,2020-08-30,MKT,64
9479, 30 ,115725,2016-02-10,,153
9480, 30 ,50000 ,32/13/2020,Sales,98
9481,,abc,2022-10-29,Support!!,86
365,,22128,2021-10-14,Support!!,-10
9483,113,147824,2024-10-30,,74
9484, 30 ,130964,2024-12-19, SALES ,72
9485,37,50000 ,2024-01-04,,72
9486,33,3492201,2024-05-31,Marketing, 85 
9487,46,117457,2023-02-19,Sales,67
9488,39,141818,2020-03-17,Support!!,NaN
9489,36,2992533,2023-04-03,Sales,70
9490,33,119252,2021-04-24,,NaN
9491,138,59080,,sales, 85 
9492,45,133514,2020-12-13,MKT,71
9493,44,88466,2024/05/01,HR,53
9494,twenty five,41970,2023-10-04,,NaN
9495,58,60744,2023-10-06,Support, 85 
9496,39,abc,2018-12-11,VeryLongDepartmentName123,56
9497,,130798,2023-09-30,Engineering,93
9498,37,41541,2024-03-19,Engineering,57
105,18,86811,2021-01-05,MKT,
9500,41,abc,2016-04-17,Hr,57
9501,156,abc,2016-06-23,Support!!, 85 
9502,34,,2018-01-12,VeryLongDepartmentName123,51
9503,55,82015,2017-03-05,Hr,84
9504,25,25175,2019-09-20,VeryLongDepartmentName123,75
9505,62,144508,2017-03-05,MKT,95
9506,22,,2024-11-06,Engg,82
9507,51,109355,2024-10-24,Engineering,55
9508,21,99170, 2023-07-10 ,Support!!,87
9509,39,24209, 2023-07-10 ,sales,NaN
348,,, 2023-07-10 ,HR,189
9511,32,61109,2021-10-12,human resources,77
9512,48,57006,not_a_date,sales,92
9513,103,54267,2017-12-07,Marketing,90
9514,151,1969123,2015-04-25,,75
9515,54,87163,2018-10-30,,64
9516,126,,2015-09-24, SALES ,79
114,57,124471,2023-05-18,HR,
9518,54,96012,2024-05-25,Hr,82
9519,198,124099,2021-01-29,Hr,70
9520,twenty five,50000 ,2021-02-04,HR,56
9521,165,113411,not_a_date,human resources,65
249,64,,2020-09-10,Marketing,86
9523,26,58583,,, 85 
92,twenty five,1035685,2016-09-04, SALES ,-10
9525,33,132312,2020-04-08,Hr,56
9526,28,,2021-09-21,VeryLongDepartmentName123,69
9527,65,$60000, 2023-07-10 , SALES ,84
9528,37,22170,2017-06-06,human resources,
9529,38,149056,2018-05-21,human resources,64
9530,51,102494,2017-03-19,sales,180
9531,twenty five,143674,2020-04-30,Support,78
9532,37,48622,2022-03-29,MKT,85
9533,44,50000 ,2022-02-02,Sales,98
9534,61,26649,2021-06-09,,58
9535,37,27269,2021-08-11,Hr,94
9536,53,$60000,2016-09-12,HR, 85 
9537,48,81596,2016-11-17,Engineering,81
9538,159,133284,not_a_date,Hr,
9539,32,116135,2015-02-12,Hr,96
9540,45,3019412,2016-12-13,Engg,NaN
9541,34,$60000,2018-08-04,Engineering,100
9542,63,60508,2023-05-07,,61
9543,45,77578, 2023-07-10 , SALES ,97
9544,twenty five,102217,2021-04-02,,207
9545,33,49551,2024/05/01,HR,77
9546,58,118486,2019-07-26,sales,77
9547,54,,2024/05/01,MKT,52
9548,21,127409,2023-02-10,Sales,56
9549,48,48774,2024/05/01,Sales,90
9550,18,2605037,,Marketing,50
9551,40,89465,2015-12-17,,-10
9552,29,126597,2022-11-17,Marketing,59
9553,29,72794,,,93
9554,61,abc,2024/05/01,Hr,90
9555,32,$60000,32/13/2020,MKT,54
9556,36,121922,2022-04-12,Hr,58
9557,25,59696,2015-12-02,Sales,78
9558,twenty five,114112,32/13/2020,Support,-10
9559,59,81784,not_a_date,,95
9560,30,63686,2016-03-21,Marketing,86
9561,50,83152,not_a_date,Support,54
9562,19,30458,2018-05-25,,89
24,19,67368,2024-03-20,Engg,68
9564,54,49391,2023-01-02,,-10
9565,53,108219,2018-10-18,Support,100
9566,19,137996,2016-05-18,HR, 85 
27,102,99119,2022-01-12,,79
9568,52,100017,2016-12-07,,60
26,63,$60000,,Engg,68
9570,117,77460,2019-11-22,Engg,86
9571,52,46816,2015-11-24,human resources,59
9572,28,95777,32/13/2020,,86
9573,38,abc,2015-08-12,VeryLongDepartmentName123,73
9574,49,1145392, 2023-07-10 ,Marketing,76
9575,120,50000 ,2019-11-19,Support!!,53
216,52,90593,2016-02-06, SALES ,60
9577,twenty five,41898,2018-03-05,Engg,
9578,27,$60000,2016-08-09, SALES ,54
9579,twenty five,61095,2015-05-03,MKT,63
9580,50,45378,2021-08-12,VeryLongDepartmentName123,296
9581,65,21983,2018-08-22,Sales,67
9582,twenty five,50000 ,2020-08-28, SALES ,93
9583,26,61103,2016-08-18, SALES ,91
9584,40,$60000,32/13/2020,sales,56
9585,29,43104,,human resources,
9586,,44532,2024-07-25,Marketing,58
9587,45,111048,2019-04-26,sales,100
9588,31,91476,2021-06-17,Marketing,92
9589,52,87561,2020-09-21,,51
9590,18,50000 ,2020-11-26,Engineering,95
448, 30 ,63130,2018-12-31,Engineering,69
171,twenty five,,2024/05/01, SALES ,91
9593,44,23734,2015-04-29,,64
9594,53,106872,32/13/2020,VeryLongDepartmentName123,85
9595,38,59472,2017-04-04,,88
9596,,101661,2020-12-03,MKT,98
9597,64,105552,32/13/2020,MKT,NaN
9598,33,118855,2022-08-24, SALES ,56
9599,34,111421,2019-04-03,Hr,-10
295,51,119584,2019-06-27,sales,56
9601,30,1229484,2017-10-13,Hr,83
9602,twenty five,38496,2018-12-20,Support,89
9603,,105100,2023-12-28,human resources,62
9604,56,44440,,MKT,-10
9605,32,123039, 2023-07-10 ,Sales,90
9606,45,136137,2021-04-25,Marketing,58
9607,twenty five,98821,32/13/2020,Support!!,62
9608,49,53407,2023-11-18,Hr,78
9609,,50000 ,2018-02-11,,245
9610,,25343,2021-07-23,HR,59
396,58,85627,2020-09-24,MKT,NaN
9612,20,52211,2015-03-14,,69
9613,46,4643968,2015-05-07,MKT,100
9614,51,52688,2021-08-13,HR,80
9615,30,23732,not_a_date,MKT,57
9616,22,36120,2017-08-31,Engg, 85 
9617,25,114890,2016-07-06,,66
229,37,29563,2020-04-15,HR,62
9619,48,abc,2024-07-23,Engineering,96
9620,53,40478,2022-05-30,human resources,59
9621,64,109846,not_a_date,Support,55
9622,32,75523,2017-05-07,Sales,52
9623,,145391,2018-03-13,sales,83
9624,50,94711,2021-04-25,Hr,NaN
305,59,,2015-07-24,Support!!,64
9626,48,68662,2024-12-29,Sales,88
9627,57,75742,2024-11-24,,65
9628,48,23134,2019-02-27,Marketing,53
9629,20,4266989,not_a_date,HR,54
9630,,73979,2018-05-24,Support!!,99
9631,24,38172,2015-07-07,VeryLongDepartmentName123,97
9632,188,59881,2020-04-18,Support,59
9633,61,50000 ,2022-07-07,human resources,51
9634,18,54918,2018-02-17,human resources,187
9635,34,abc, 2023-07-10 ,Marketing,88
9636,,50000 ,2019-10-28,Hr,64
9637,33,100145, 2023-07-10 , SALES ,62
9638,53,55975,2020-01-25,Hr,97
9639, 30 ,140452,2021-04-21,Sales,61
9640,twenty five,4541870,2023-01-22,Marketing,100
9641,55,107680,2021-03-10,, 85 
9642,41,125179,2019-10-24,Sales,58
9643,46,,2016-09-30,MKT,59
9644,41,100483,,,63
9645,54,139880,not_a_date,Sales,50
9646,33,35797, 2023-07-10 ,,
9647,48,34974,2019-06-01,Support,84
9648,60,89397, 2023-07-10 ,sales, 85 
9649,63,33115,2021-08-11,VeryLongDepartmentName123,74
9650,50,50000 ,2022-03-23,,92
9651,65,abc, 2023-07-10 ,MKT,80
9652,41,144873,2024-12-01,,57
9653,28,136945,2024-09-03,Engineering,53
129,39,28239,2024-12-02,HR,82
9655,,92794,2018-12-27,,177
9656,40,131410,2024-10-18,MKT,72
9657,54,119089,2016-10-01,VeryLongDepartmentName123,263
9658,43,45725, 2023-07-10 ,sales,95
9659,30,90956,2017-06-18,,77
9660,57,110060, 2023-07-10 ,human resources,196
9661,65,107230,2020-09-13,Support,NaN
9662,54,70082,2024/05/01,HR,-10
47,44,60646,2018-08-28,Support,84
9664,32,78719,2024-07-20,Engineering,92
9665,21,27837,2024-11-17,Engg,100
9666, 30 ,105044,not_a_date,Engg,
9667,,63072,2023-12-18,sales,51
9668,38,80090,2019-02-19,HR,79
9669,22,abc,not_a_date,HR,69
9670,44,96278,2024-02-09,Hr,88
9671,46,,not_a_date,,67
9672, 30 ,79441,2015-08-05,,97
9673,,109354,2020-04-21,VeryLongDepartmentName123,78
9674,30,97118,2016-04-22,HR,79
9675,29,,32/13/2020,Support,64
9676,24,46547,2016-06-11,MKT,71
9677,51,,2016-08-24,Sales, 85 
9678,39,50721,2016-02-15,VeryLongDepartmentName123,201
9679,30,114757,2022-10-03,Sales,64
9680,50,83235,2021-03-01,Hr,76
9681, 30 ,47140,2019-02-06,human resources,50
9682,,86519,2015-12-10,,NaN
9683,188,,2020-03-18,Support,168
9684,36,50000 ,,HR,
186,29,2702137,2020-02-25,MKT,64
9686,152,125729,2024/05/01, SALES ,
9687,21,68238,2024-08-02,VeryLongDepartmentName123,100
9688,36,abc,2023-06-06,,85
9689,40,134325,2020-10-09,Sales,58
9690,41,$60000,2022-12-29,Support!!,62
9691,51,3545304,2023-02-23,Hr,60
9692,32,50000 ,2024-08-13,,158
9693, 30 ,123171,2020-05-04,Support!!,
9694,30,2793654,2018-09-04,Sales,57
9695,46,50000 ,2023-04-29,Support,85
9696,50,128184,2017-05-26,Support,265
9697,31,98774,2016-10-30,Hr,76
9698,twenty five,121016,2021-01-10,MKT,80
9699,139,,2023-11-28,human resources,
9700,28,21319,2022-02-14,,NaN
9701,43,81028,2018-03-29,Engg,78
9702,59,114922,2017-09-23,human resources,54
170,35,,2018-02-12,Engineering,63
9704,,61068,2022-03-05,Support,97
9705,180,58327,2024/05/01,Support!!,68
9706,34,116883,2021-10-04,human resources,53
9707,26,92933,2022-09-12,MKT,76
9708,60,,2020-06-10,HR,75
9709,58,127553,2023-07-05,Marketing,86
9710,158,4534669,2018-06-16,Engineering,NaN
9711, 30 ,146437,2017-07-22,Hr,51
9712,53,abc,2024-05-17,VeryLongDepartmentName123,99
9713,21,,2020-07-10,MKT,95
9714,51,131059,2015-10-13,HR,221
9715,59,82002,32/13/2020,MKT,87
9716,61,60867,2017-03-20,HR,66
9717,25,130421,2020-06-28,sales,200
9718,49,141321,2019-06-30,,
9719,38,30004,2019-06-20,human resources,64
9720,twenty five,,2019-09-20,,57
9721,24,99822,2020-01-04,MKT,81
173,twenty five,91692, 2023-07-10 ,human resources,58
9723,57,,2020-12-13,Support!!,93
232,37,141636,2018-11-01,VeryLongDepartmentName123,99
9725,55,65467,32/13/2020,HR,74
9726,twenty five,4084334,2020-02-21,,
9727,54,69973,not_a_date,Marketing,90
9728,35,24933,2015-08-29,Support,87
9729,,64880,2023-03-08,,91
9730,57,,2018-11-18,Marketing,65
9731,61,abc,2018-06-01,Engineering,50
9732,59,85244,2023-05-17,Engg,254
210,39,50000 ,32/13/2020,human resources,95
9734,27,75384,2020-04-24,Engg,50
9735, 30 ,133365, 2023-07-10 ,Hr,78
9736,twenty five,45535, 2023-07-10 ,Engg,-10
9737,21,25173,2019-07-10,MKT,61
330,36,$60000,2017-08-15,HR,80
9739,20,3492907,2019-11-10,Marketing,81
9740,45,103992,2022-10-13,Support,79
9741,60,1845311,2023-12-21,,284
9742,,64174,2024-07-18,VeryLongDepartmentName123,-10
9743,28,116172,2024-12-03,,51
9744,60,132417,2024/05/01,, 85 
9745,38,120697,2024/05/01,Support,77
9746,23,95370,2024-05-16,,61
9747,44,24406,2024/05/01,Support!!,80
9748,61,1049346,not_a_date,Engineering,-10
9749,40,50000 ,2018-08-02,,225
9750,45,51481,2017-12-23,Marketing,77
9751,,20399,2021-02-20,Hr,56
9752,twenty five,50000 ,2018-02-04,HR,51
9753,42,, 2023-07-10 ,,89
9754,,87081,not_a_date,Support,50
9755,35,130526,2023-03-31,Hr,71
9756,twenty five,106968,32/13/2020,HR,93
9757,35,86068,2024-08-20,Support!!,70
9758,64,130584,2015-10-25,HR, 85 
9759,50,97169,2024-04-15,Support!!, 85 
9760,34,95272,32/13/2020,human resources,82
9761,65,77790,2018-10-14,Hr,-10
9762,194,abc,2016-01-27,Support!!,275
9763,60,35108,2018-06-30,,87
9764,35,62651,2022-01-29,Marketing,74
9765,23,27769,2024-10-22,Marketing,99
9766,47,50000 ,2018-07-30,Sales,86
9767,31,94697,2017-10-04,sales,84
9768,163,141256,2015-12-30,Sales, 85 
9769, 30 ,91751,2018-06-06,HR,65
9770,138,3255605,2021-07-20,human resources,94
9771,,78899,2020-08-03, SALES , 85 
9772,35,50000 ,not_a_date,Marketing,55
9773,twenty five,131051,not_a_date,Engineering,86
9774,24,129545,2022-10-23,sales,-10
9775,18,22707,2018-12-26,HR,63
9776,19,68012,2018-06-13,Marketing,97
9777,39,abc,2017-01-20,Support, 85 
9778,,1441396,2024/05/01,Engg,59
9779,22,149376,2019-02-07,,84
9780,24,82515,2015-01-22,,98
9781,27,2315102,32/13/2020,sales,95
9782,34,141042,,sales,67
9783,152,96348,2015-09-28,MKT,61
9784,58,50000 ,2024-08-16,Sales,-10
9785,32,87454,2020-07-12,Engineering, 85 
9786,63,4138142,2021-05-28,VeryLongDepartmentName123,86
9787,25,,2016-07-03,,100
9788,59,124825,2020-12-08,MKT,65
9789,twenty five,54727,2023-12-17, SALES ,90
9790,31,104857,2019-02-11,Hr,94
9791,30,$60000,2024-03-02,Sales,58
9792,twenty five,133704,2020-09-12,Support,287
9793,49,127858,2020-04-25,Engineering,58
3,twenty five,62417,2018-02-08,,55
9795, 30 ,130247,2022-12-23,,63
9796,twenty five,75150,2016-06-22,HR,-10
9797,48,41388,2024-01-02,Marketing,71
9798,22,109362,2020-03-29,Engg,56
9799, 30 ,82337,2023-04-24,Support,93
9800,29,80568,2022-10-29,Hr,86
9801,,74667,2015-08-17,,78
9802,twenty five,136876,2022-01-31,Engg,71
9803,60,40892,2019-01-25, SALES ,51
9804, 30 ,48102,2023-10-02,,-10
9805,146,149202,2024/05/01,VeryLongDepartmentName123,84
9806,55,$60000,2023-11-03,Engineering,93
9807,32,131543, 2023-07-10 , SALES ,54
9808,39,50000 ,2015-03-18,Sales,92
9809,56,104557,,human resources,87
9810,50,45483,2024-11-21,sales,72
144,51,41182,,sales,82
9812,27,$60000,2017-03-05,,50
9813,34,40932,2021-11-08,,-10
9814,65,$60000,2024/05/01,Sales,
9815,32,50000 ,2019-05-02,Support,78
9816,twenty five,115713,2020-05-01,Marketing,100
9817,33,141288,2016-09-30,Sales, 85 
9818,31,102241,not_a_date,Support,88
9819,60,1986438,2024-03-04,Sales,88
9820,44,50000 ,2023-07-08,Marketing,51
9821,47,95724,2017-08-13,HR,85
9822,43,118774,2019-12-16,Sales, 85 
9823,62,$60000,2018-02-22,human resources,94
9824,twenty five,40876,2015-11-11,MKT,NaN
9825,52,93656,2019-06-16, SALES ,-10
9826,49,70654,2022-04-05,MKT,NaN
9827,63,113148,2020-04-08,Engg,50
9828,30,42715,2024/05/01,Engg,79
9829,58,abc,2024-10-17,Engg,82
9830,31,122338,2023-09-15,Sales,94
110,35,1514114,not_a_date,HR,81
9832,23,56835,2017-10-07,Engineering,52
9833,41,,not_a_date,sales,97
431,39,100913,,Hr,56
9835,19,145558,2024-05-19,VeryLongDepartmentName123,94
9836,62,1927280,2021-04-22,, 85 
9837,34,92916,2024/05/01,HR,-10
118,41,38895,2019-04-03,Engg,71
9839,23,abc,2021-10-09,Hr,
9840,131,2034483,2024-11-09,Marketing,54
9841,46,26461,2015-11-29,sales,72
9842,50,117186,,VeryLongDepartmentName123,91
9843,49,118878, 2023-07-10 ,,96
9844,46,,2019-04-24,Engg,61
9845,31,76292,2020-08-02,HR,NaN
9846,37,,2024/05/01,MKT,59
9847,,50000 ,2022-02-14,Marketing,
9848,35,35268,2021-01-27,HR,64
9849,60,abc,2022-12-25,,98
9850, 30 ,148115, 2023-07-10 ,,86
9851,42,4317496,2016-04-19, SALES , 85 
9852,41,62194,2016-11-16,Engg,82
9853,39,89029,2024-12-01,HR,62
9854,53,56531,2018-04-02,Hr,93
9855,42,33836,2018-07-26,Engineering,
9856,127,71621,2015-07-06,,76
9857,64,62224,2022-06-27,sales,81
9858,64,125852,2018-03-16,human resources,74
9859,31,119457,2022-07-16,human resources,89
9860,18,abc,2021-12-17,human resources,67
9861, 30 ,68208,2021-03-17,VeryLongDepartmentName123,76
9862,34,42392,2024/05/01,,94
9863,61,27794,2018-02-08,Hr,51
9864,198,abc,2024-03-09,sales,55
9865,51,50000 ,2016-08-20,,99
9866,62,,2016-10-16,Engg,63
9867,,,2023-08-24,Hr,-10
9868,47,84861,2024/05/01,MKT,87
9869,,43434,2022-12-26,MKT,86
9870,20,84771,2023-05-15,VeryLongDepartmentName123,69
9871,,87294,2016-03-04,Marketing,59
9872,52,50000 ,2023-08-09,HR,83
9873,29,96199,2021-07-13,,NaN
9874,30,101187,2018-03-25,Sales,85
9875,51,abc,2023-08-05, SALES ,NaN
9876,30,32329,2022-10-08,Support,
9877,19,41162,2015-10-15,VeryLongDepartmentName123,77
9878,,145576,2024-08-22,Engineering,61
9879, 30 ,23156,32/13/2020,Marketing,
9880,23,abc,2019-12-04,Marketing,75
9881,55,61873,2015-09-21,Support!!,70
9882,130,147703, 2023-07-10 ,Sales, 85 
9883,60,102913,2018-07-30,Sales,70
9884,44,39208,32/13/2020,human resources,76
9885,19,53924,2021-08-17,VeryLongDepartmentName123,
9886,38,116573,,Engg, 85 
9887,55,141559,2024/05/01,sales,75
496,49,$60000,2023-01-06,Engg,53
9889,,99871,2018-04-15,Support,51
9890,46,85430,2023-08-05,Support!!,94
9891,46,129063,2016-01-25,Marketing,65
9892, 30 ,33918,2020-03-09,Support,97
9893,32,85044,2024-07-28,Engg,58
9894,46,83613,,,
9895,36,138773,, SALES ,80
9896,42,91985,2022-01-05,Sales,NaN
9897,47,95714,2015-10-18,Sales,51
9898,44,84091,2024-09-15,human resources,64
9899,58,21695,2024-01-20,sales,71
9900,64,127558,2020-02-28,Hr,73
9901,56,88374,2023-03-27,Sales,59
9902,38,58849,2023-02-19,,100
9903,27,abc,2020-07-28,Support!!,77
9904,39,,2023-12-14,human resources,71
9905,43,132990,2017-11-14,Support,56
9906,35,2450499,2015-03-23,Hr,99
9907,58,67117,2016-08-14,Hr,NaN
9908,29,70755,2018-10-29,Support!!,70
9909,33,101869,2017-11-06,VeryLongDepartmentName123,95
9910,twenty five,120701,2022-10-17,Sales,58
9911,51,109873,,VeryLongDepartmentName123,69
9912,24,130820,2019-02-19, SALES ,91
9913,191,96250,2016-11-18,MKT,NaN
9914,,63137,2016-04-22,Sales,77
9915,45,46638,2016-09-08,Support!!, 85 
9916,22,104511,2024-11-05,HR,92
9917,,50000 ,2023-04-24,Support,53
9918,twenty five,45810,2021-11-16,Engineering,76
9919,23,99290,2018-07-16,VeryLongDepartmentName123,
9920,156,103665,2024-04-02, SALES , 85 
9921, 30 ,50000 ,2016-01-04,Engg,57
9922,37,137490,2016-02-12,,100
9923,37,50000 ,2015-06-02,Support!!,-10
9924,54,abc,2023-01-06,human resources,63
9925,,133456,,Engg,53
9926,59,118773,2024-11-16,,100
9927,33,103761,2016-02-08,Engg,78
9928,64,136140,2015-11-18,Support!!,NaN
9929,59,131601,2016-09-13,sales,85
9930,191,110684,2017-11-21,HR,74
9931,39,91747,2017-08-28,human resources,60
9932,18,50000 ,2016-04-17,Hr,54
9933,185,32666,2020-11-08,Marketing,93
9934,198,73539,2022-03-28,Engg,
9935,54,112914,32/13/2020, SALES ,97
9936,38,55957, 2023-07-10 ,Support,67
9937,117,56189,2024/05/01,,74
9938,27,3635689,,HR,81
9939,,70038,2019-08-26,Marketing,87
9940,46,128967,not_a_date,HR,96
9941,56,60255,2016-11-29,,157
9942,31,90397,2019-02-18,Engg,70
9943,21,98498,,Engineering,86
9944,39,$60000,2019-11-13,,87
9945, 30 ,109659,2024/05/01,human resources,81
9946,28,100069,2022-01-20,Sales,58
9947,44,124973, 2023-07-10 ,Hr,63
9948,48,111003,2017-09-08,Engineering,
9949,37,121403,2022-05-29,human resources,
9950,45,,2022-02-13,Support!!,68
9951,37,3297427,2023-01-02,,74
9952,25,71261,2020-04-30,sales,100
9953,21,144705,2019-05-07, SALES ,90
9954, 30 ,46442,not_a_date,MKT,225
9955,27,100694,2022-02-27,Support,
9956,51,4058306,2023-10-04,Support!!,62
9957,35,131663,2020-04-21,HR,90
9958,124,52383,2016-12-13,Engg,82
9959,107,144139,32/13/2020,,54
9960,196,,2018-11-11,Support!!,86
9961,59,114610,2016-10-05,Sales,174
9962,47,1101681,2017-04-24,MKT,-10
135,34,46318,2022-03-10,sales,71
9964,109,117511,2016-04-25,Hr,55
9965,38,61906,2017-12-02,,NaN
9966,61,,2016-12-17,,76
9967,26,abc,2016-11-16,human resources,94
9968,56,57524,2018-12-14,MKT, 85 
9969,21,63390,32/13/2020,,73
9970,20,85717,2020-11-06,,81
9971,20,,2017-10-04,Support!!,-10
9972,51,72193,2016-12-22,Hr,53
9973,30,81416,2024/05/01,sales,84
9974, 30 ,50000 ,2023-07-03,Support,95
9975,40,126562,2018-10-07,Sales,64
9976,44,96475,32/13/2020,Engg,178
9977,35,73800,2022-07-20,VeryLongDepartmentName123,99
9978,21,abc,2018-05-06,Support!!,91
9979,42,44386,2018-02-05,VeryLongDepartmentName123,150
9980,41,145662,,Engg,77
9981,32,46941,2023-01-25,,75
9982,twenty five,53011,2024-09-12,Sales,59
9983,64,119641,2023-09-05,,56
9984,39,,2017-02-22,Support,
9985,43,3193201,32/13/2020,,66
9986,twenty five,75760,2015-03-02,Engg,59
9987,44,67120,,Engineering,84
9988,41,25850,2017-12-11,HR,73
9989,63,117493,not_a_date,HR,77
9990, 30 ,,2015-10-06,,73
9991,50,abc,2018-07-17,human resources,89
9992,33,abc,2023-11-11,sales,59
9993,22,$60000,32/13/2020,,79
9994,193,62614,,Marketing,67
9995,54,29346,2020-10-04,human resources,67
9996,20,,2019-01-07,,99
9997,30,23220,2016-02-02,Support,98
9998, 30 ,4039452,2022-05-19,,79
9999,63,25353, 2023-07-10 ,Hr,74
10000,22,127945,not_a_date,VeryLongDepartmentName123,197
